scenario_id,wind_scenario,pv_scenario,Q_day,total_cost,unit_cost,E_load,E_re,E_buy,E_sell,E_curtail,E_self,R_self,R_green,R_sell,class,pass_self,pass_green,pass_green_2030,pass_sell,rate_vector,on_hours
W1P1,1,1,72,387678.3204,5384.42111666667,1056.72,761.764,430.28,135.324,0,626.44,0.822354429980939,0.59281550458021,0.177645570019061,全满足,1,1,1,1,3 3 3 3 3 3 3 3 3 3 3 3 3 3 3 3 3 3 3 3 3 3 3 3,0 1 2 3 4 5 6 7 8 9 10 11 12 13 14 15 16 17 18 19 20 21 22 23
W1P1,1,1,63,301168.5886,4780.45378730159,932.22,761.764,311.4456,140.9896,0,620.7744,0.814916955907604,0.665909763789663,0.185083044092396,全满足,1,1,1,1,3 3 3 3 3 3 3 3 3 3 3 3 3 3 3 3 3 3 3 3 0 0 3 0,0 1 2 3 4 5 6 7 8 9 10 11 12 13 14 15 16 17 18 19 22
W1P1,1,1,54,215441.8854,3989.66454444444,807.72,761.764,202.288,156.332,0,605.432,0.794776334927878,0.749556777100976,0.205223665072122,部分满足,1,1,1,0,0 3 3 3 3 3 3 3 3 3 3 3 3 3 3 3 3 3 3 0 0 0 0 0,1 2 3 4 5 6 7 8 9 10 11 12 13 14 15 16 17 18
W1P1,1,1,45,156525.4464,3478.34325333333,683.22,761.764,113.806,192.35,0,569.414,0.747493974511791,0.833427007406106,0.252506025488209,部分满足,1,1,1,0,0 0 3 0 0 3 3 3 3 3 3 3 3 3 3 3 3 3 3 0 0 0 0 0,2 5 6 7 8 9 10 11 12 13 14 15 16 17 18
W1P1,1,1,36,85192.2944,2366.45262222222,558.72,761.764,36.09,239.134,0,522.63,0.686078628026528,0.935405927835052,0.313921371973472,部分满足,1,1,1,0,0 0 0 0 0 0 3 3 3 3 3 3 3 3 3 3 3 3 0 0 0 0 0 0,6 7 8 9 10 11 12 13 14 15 16 17
W1P2,1,2,72,486504.5973,6757.00829583333,1056.72,503.204,560.9662,7.4502,0,495.7538,0.985194473811814,0.469143954879249,0.0148055261881861,全满足,1,1,1,1,3 3 3 3 3 3 3 3 3 3 3 3 3 3 3 3 3 3 3 3 3 3 3 3,0 1 2 3 4 5 6 7 8 9 10 11 12 13 14 15 16 17 18 19 20 21 22 23
W1P2,1,2,63,399994.8655,6349.12484920635,932.22,503.204,442.1318,13.1158,0,490.0882,0.973935421816997,0.525721610778571,0.0260645781830033,全满足,1,1,1,1,3 3 3 3 3 3 3 3 3 3 3 3 3 3 3 3 3 3 3 3 0 0 3 0,0 1 2 3 4 5 6 7 8 9 10 11 12 13 14 15 16 17 18 19 22
W1P2,1,2,54,298455.7234,5526.95784074074,807.72,503.204,331.586,27.07,0,476.134,0.946204720153258,0.589479027385728,0.0537952798467421,全满足,1,1,1,1,3 3 3 3 3 3 3 3 3 3 3 3 3 3 3 3 3 3 0 0 0 0 0 0,0 1 2 3 4 5 6 7 8 9 10 11 12 13 14 15 16 17
W1P2,1,2,45,239918.4173,5331.52038444444,683.22,503.204,232.4242,52.4082,0,450.7958,0.895850986876098,0.659810602734112,0.104149013123902,全满足,1,1,1,1,0 0 3 3 3 3 0 3 3 3 3 3 3 3 3 3 3 3 0 0 0 0 0 0,2 3 4 5 7 8 9 10 11 12 13 14 15 16 17
W1P2,1,2,36,173300.2713,4813.896425,558.72,503.204,146.9822,91.4662,0,411.7378,0.818232366992313,0.736930483963345,0.181767633007687,全满足,1,1,1,1,0 0 3 0 0 3 0 3 3 3 3 3 3 3 3 3 3 0 0 0 0 0 0 0,2 5 7 8 9 10 11 12 13 14 15 16
W1P3,1,3,72,584475.8114,8117.71960277778,1056.72,337.444,719.276,0,0,337.444,1,0.31933151639034,0,全满足,1,1,0,1,3 3 3 3 3 3 3 3 3 3 3 3 3 3 3 3 3 3 3 3 3 3 3 3,0 1 2 3 4 5 6 7 8 9 10 11 12 13 14 15 16 17 18 19 20 21 22 23
W1P3,1,3,63,497966.0796,7904.22348571428,932.22,337.444,600.4416,5.6656,0,331.7784,0.983210251182418,0.355901396666023,0.0167897488175816,全满足,1,1,1,1,3 3 3 3 3 3 3 3 3 3 3 3 3 3 3 3 3 3 3 3 0 0 3 0,0 1 2 3 4 5 6 7 8 9 10 11 12 13 14 15 16 17 18 19 22
W1P3,1,3,54,395611.8975,7326.14625,807.72,337.444,487.9758,17.6998,0,319.7442,0.947547444909378,0.395860199078889,0.0524525550906224,全满足,1,1,1,1,3 3 3 3 3 3 3 3 3 3 3 3 3 3 3 3 3 3 0 0 0 0 0 0,0 1 2 3 4 5 6 7 8 9 10 11 12 13 14 15 16 17
W1P3,1,3,45,327904.0844,7286.75743111111,683.22,337.444,385.454,39.678,0,297.766,0.882416045329003,0.435827405520916,0.117583954670997,全满足,1,1,1,1,0 3 3 3 3 3 0 3 3 3 3 3 3 3 3 3 3 0 0 0 0 0 0 0,1 2 3 4 5 7 8 9 10 11 12 13 14 15 16
W1P3,1,3,36,261117.5053,7253.26403611111,558.72,337.444,294.5582,73.2822,0,264.1618,0.782831521674708,0.472798181557847,0.217168478325292,部分满足,1,1,1,0,0 0 3 0 3 3 0 3 3 3 3 3 3 3 3 3 0 0 0 0 0 0 0 0,2 4 5 7 8 9 10 11 12 13 14 15
W1P4,1,4,72,623968.5474,8666.229825,1056.72,272.804,783.916,0,0,272.804,1,0.258161102278749,0,部分满足,1,0,0,1,3 3 3 3 3 3 3 3 3 3 3 3 3 3 3 3 3 3 3 3 3 3 3 3,0 1 2 3 4 5 6 7 8 9 10 11 12 13 14 15 16 17 18 19 20 21 22 23
W1P4,1,4,63,537458.8156,8531.09231111111,932.22,272.804,665.0816,5.6656,0,267.1384,0.979231976070732,0.286561541267083,0.0207680239292679,部分满足,1,0,0,1,3 3 3 3 3 3 3 3 3 3 3 3 3 3 3 3 3 3 3 3 0 0 3 0,0 1 2 3 4 5 6 7 8 9 10 11 12 13 14 15 16 17 18 19 22
W1P4,1,4,54,441777.5764,8181.06622962963,807.72,272.804,550.762,15.846,0,256.958,0.941914341431944,0.31812756895954,0.0580856585680562,全满足,1,1,0,1,3 3 3 3 3 3 3 3 3 3 3 3 3 3 3 3 3 0 3 0 0 0 0 0,0 1 2 3 4 5 6 7 8 9 10 11 12 13 14 15 16 18
W1P4,1,4,45,340213.9204,7560.30934222222,683.22,272.804,441.554,31.138,0,241.666,0.885859444876175,0.353716226105793,0.114140555123825,全满足,1,1,1,1,3 3 3 3 3 3 3 3 3 3 3 0 3 3 3 3 0 0 0 0 0 0 0 0,0 1 2 3 4 5 6 7 8 9 10 12 13 14 15
W1P4,1,4,36,250927.3576,6970.20437777778,558.72,272.804,340.1636,54.2476,0,218.5564,0.801148077007669,0.391173396334479,0.198851922992331,全满足,1,1,1,1,3 3 3 3 3 3 0 3 3 3 0 0 3 3 0 3 0 0 0 0 0 0 0 0,0 1 2 3 4 5 7 8 9 12 13 15
W2P1,2,1,72,416899.6404,5790.27278333333,1056.72,658.904,487.428,89.612,0,569.292,0.863998397338611,0.538734953440836,0.136001602661389,全满足,1,1,1,1,3 3 3 3 3 3 3 3 3 3 3 3 3 3 3 3 3 3 3 3 3 3 3 3,0 1 2 3 4 5 6 7 8 9 10 11 12 13 14 15 16 17 18 19 20 21 22 23
W2P1,2,1,63,318504.9444,5055.63403809524,932.22,658.904,363.96,90.644,0,568.26,0.862432160071877,0.609577138443715,0.137567839928123,全满足,1,1,1,1,3 3 3 3 3 3 3 3 3 3 3 3 3 3 3 3 3 3 3 3 0 0 0 3,0 1 2 3 4 5 6 7 8 9 10 11 12 13 14 15 16 17 18 19 23
W2P1,2,1,54,242489.1243,4490.53933888889,807.72,658.904,247.8102,98.9942,0,559.9098,0.849759297257264,0.693197890358045,0.150240702742736,全满足,1,1,1,1,0 3 3 3 3 3 3 3 3 3 3 3 3 3 3 3 3 3 3 0 0 0 0 0,1 2 3 4 5 6 7 8 9 10 11 12 13 14 15 16 17 18
W2P1,2,1,45,184000.3822,4088.89738222222,683.22,658.904,147.2804,122.9644,0,535.9396,0.81338040139383,0.784431954568075,0.18661959860617,全满足,1,1,1,1,0 0 0 3 3 0 3 3 3 3 3 3 3 3 3 3 3 3 3 0 0 0 0 0,3 4 6 7 8 9 10 11 12 13 14 15 16 17 18
W2P1,2,1,36,113068.6513,3140.79586944444,558.72,658.904,55.9762,156.1602,0,502.7438,0.763000072848245,0.899813502290951,0.236999927151755,部分满足,1,1,1,0,0 0 0 0 0 0 3 3 3 3 3 3 3 3 3 3 3 3 0 0 0 0 0 0,6 7 8 9 10 11 12 13 14 15 16 17
W2P2,2,2,72,527047.0314,7320.09765833333,1056.72,400.344,656.376,0,0,400.344,1,0.378855325914149,0,全满足,1,1,1,1,3 3 3 3 3 3 3 3 3 3 3 3 3 3 3 3 3 3 3 3 3 3 3 3,0 1 2 3 4 5 6 7 8 9 10 11 12 13 14 15 16 17 18 19 20 21 22 23
W2P2,2,2,63,428652.3354,6804.00532380952,932.22,400.344,532.908,1.032,0,399.312,0.997422216893472,0.428345240393898,0.00257778310652839,全满足,1,1,1,1,3 3 3 3 3 3 3 3 3 3 3 3 3 3 3 3 3 3 3 3 0 0 0 3,0 1 2 3 4 5 6 7 8 9 10 11 12 13 14 15 16 17 18 19 23
W2P2,2,2,54,352636.5153,6530.30583888889,807.72,400.344,416.7582,9.3822,0,390.9618,0.976564654397218,0.484031347496657,0.0234353456027816,全满足,1,1,1,1,0 3 3 3 3 3 3 3 3 3 3 3 3 3 3 3 3 3 3 0 0 0 0 0,1 2 3 4 5 6 7 8 9 10 11 12 13 14 15 16 17 18
W2P2,2,2,45,278314.7243,6184.77165111111,683.22,400.344,313.1402,30.2642,0,370.0798,0.924404512119577,0.541670033078657,0.0755954878804228,全满足,1,1,1,1,0 0 3 3 3 3 0 3 3 3 3 3 3 3 3 3 3 3 0 0 0 0 0 0,2 3 4 5 7 8 9 10 11 12 13 14 15 16 17
W2P2,2,2,36,210805.5084,5855.70856666667,558.72,400.344,212.68,54.304,0,346.04,0.864356653278181,0.61934421534937,0.135643346721819,全满足,1,1,1,1,0 0 0 3 3 0 0 0 3 3 3 3 3 3 3 3 3 3 0 0 0 0 0 0,3 4 8 9 10 11 12 13 14 15 16 17
W2P3,2,3,72,628180.8554,8724.73410277778,1056.72,234.584,822.136,0,0,234.584,1,0.22199258081611,0,部分满足,1,0,0,1,3 3 3 3 3 3 3 3 3 3 3 3 3 3 3 3 3 3 3 3 3 3 3 3,0 1 2 3 4 5 6 7 8 9 10 11 12 13 14 15 16 17 18 19 20 21 22 23
W2P3,2,3,63,529786.1594,8409.30411746032,932.22,234.584,698.668,1.032,0,233.552,0.99560072298196,0.250533135955032,0.00439927701804045,部分满足,1,0,0,1,3 3 3 3 3 3 3 3 3 3 3 3 3 3 3 3 3 3 3 3 0 0 0 3,0 1 2 3 4 5 6 7 8 9 10 11 12 13 14 15 16 17 18 19 23
W2P3,2,3,54,443816.6043,8218.82600555556,807.72,234.584,582.5142,9.3782,0,225.2058,0.96002199638509,0.278816669142772,0.0399780036149098,部分满足,1,0,0,1,3 3 3 3 3 3 3 3 0 3 3 3 3 3 3 3 3 3 3 0 0 0 0 0,0 1 2 3 4 5 6 7 9 10 11 12 13 14 15 16 17 18
W2P3,2,3,45,359314.4243,7984.76498444444,683.22,234.584,472.4282,23.7922,0,210.7918,0.898577055553661,0.308526975205644,0.101422944446339,全满足,1,1,0,1,0 3 3 3 3 3 3 0 0 3 3 3 3 3 3 3 3 3 0 0 0 0 0 0,1 2 3 4 5 6 9 10 11 12 13 14 15 16 17
W2P3,2,3,36,282302.7733,7841.74370277778,558.72,234.584,367.0162,42.8802,0,191.7038,0.817207482181223,0.343112471363116,0.182792517818777,全满足,1,1,0,1,0 3 3 3 3 3 0 0 0 0 3 3 3 3 3 3 3 0 0 0 0 0 0 0,1 2 3 4 5 10 11 12 13 14 15 16
W2P4,2,4,72,667673.5914,9273.244325,1056.72,169.944,886.776,0,0,169.944,1,0.16082216670452,0,部分满足,1,0,0,1,3 3 3 3 3 3 3 3 3 3 3 3 3 3 3 3 3 3 3 3 3 3 3 3,0 1 2 3 4 5 6 7 8 9 10 11 12 13 14 15 16 17 18 19 20 21 22 23
W2P4,2,4,63,569278.8954,9036.17294285714,932.22,169.944,763.308,1.032,0,168.912,0.993927411382573,0.181193280556092,0.00607258861742692,部分满足,1,0,0,1,3 3 3 3 3 3 3 3 3 3 3 3 3 3 3 3 3 3 3 3 0 0 0 3,0 1 2 3 4 5 6 7 8 9 10 11 12 13 14 15 16 17 18 19 23
W2P4,2,4,54,471393.0894,8729.50165555556,807.72,169.944,641.422,3.646,0,166.298,0.978545873934943,0.205885702966375,0.0214541260650567,部分满足,1,0,0,1,3 3 3 3 3 3 3 3 0 0 0 3 3 3 3 3 3 3 3 3 0 0 0 3,0 1 2 3 4 5 6 7 11 12 13 14 15 16 17 18 19 23
W2P4,2,4,45,366710.6493,8149.12554,683.22,169.944,522.9322,9.6562,0,160.2878,0.943180106387987,0.234606422528614,0.0568198936120134,部分满足,1,0,0,1,3 3 3 3 3 3 3 3 0 0 0 0 3 3 3 3 0 3 3 0 0 0 0 3,0 1 2 3 4 5 6 7 12 13 14 15 17 18 23
W2P4,2,4,36,281248.6693,7812.46303611111,558.72,169.944,407.7582,18.9822,0,150.9618,0.888303205761898,0.270192225085911,0.111696794238102,部分满足,1,0,0,1,3 3 3 3 3 3 3 3 0 0 0 0 3 3 3 3 0 0 0 0 0 0 0 0,0 1 2 3 4 5 6 7 12 13 14 15
W3P1,3,1,72,377040.3619,5236.67169305556,1056.72,780.84,402.2482,126.3682,0,654.4718,0.838163772347728,0.619342683019153,0.161836227652272,全满足,1,1,1,1,3 3 3 3 3 3 3 3 3 3 3 3 3 3 3 3 3 3 3 3 3 3 3 3,0 1 2 3 4 5 6 7 8 9 10 11 12 13 14 15 16 17 18 19 20 21 22 23
W3P1,3,1,63,282779.695,4488.56658730159,932.22,780.84,292.63,141.25,0,639.59,0.819105066338815,0.686093411426487,0.180894933661185,全满足,1,1,1,1,3 3 3 3 3 3 3 3 3 3 3 3 3 3 3 3 3 3 3 3 0 0 0 3,0 1 2 3 4 5 6 7 8 9 10 11 12 13 14 15 16 17 18 19 23
W3P1,3,1,54,208468.2989,3860.5240537037,807.72,780.84,192.2722,165.3922,0,615.4478,0.788186824445469,0.761956866240776,0.211813175554531,部分满足,1,1,1,0,0 3 3 3 3 3 3 3 3 3 3 3 3 3 3 3 3 3 3 0 0 0 0 0,1 2 3 4 5 6 7 8 9 10 11 12 13 14 15 16 17 18
W3P1,3,1,45,149495.7628,3322.12806222222,683.22,780.84,105.3704,202.9904,0,577.8496,0.740035858818708,0.845773835660548,0.259964141181292,部分满足,1,1,1,0,0 0 0 3 3 0 3 3 3 3 3 3 3 3 3 3 3 3 3 0 0 0 0 0,3 4 6 7 8 9 10 11 12 13 14 15 16 17 18
W3P1,3,1,36,80692.1399,2241.44833055556,558.72,780.84,30.5702,252.6902,0,528.1498,0.676386711746324,0.945285294959908,0.323613288253676,部分满足,1,1,1,0,0 0 0 0 0 0 3 3 3 3 3 3 3 3 3 3 3 3 0 0 0 0 0 0,6 7 8 9 10 11 12 13 14 15 16 17
W3P2,3,2,72,476536.2418,6618.55891388889,1056.72,522.28,538.1664,3.72640000000001,0,518.5536,0.992865129815425,0.49071996366114,0.00713487018457533,全满足,1,1,1,1,3 3 3 3 3 3 3 3 3 3 3 3 3 3 3 3 3 3 3 3 3 3 3 3,0 1 2 3 4 5 6 7 8 9 10 11 12 13 14 15 16 17 18 19 20 21 22 23
W3P2,3,2,63,382275.5749,6067.86626825397,932.22,522.28,428.5482,18.6082,0,503.6718,0.964371218503485,0.540292849327412,0.0356287814965153,全满足,1,1,1,1,3 3 3 3 3 3 3 3 3 3 3 3 3 3 3 3 3 3 3 3 0 0 0 3,0 1 2 3 4 5 6 7 8 9 10 11 12 13 14 15 16 17 18 19 23
W3P2,3,2,54,307964.1788,5703.04034814815,807.72,522.28,328.1904,42.7504,0,479.5296,0.918146588037068,0.593682959441391,0.0818534119629318,全满足,1,1,1,1,0 3 3 3 3 3 3 3 3 3 3 3 3 3 3 3 3 3 3 0 0 0 0 0,1 2 3 4 5 6 7 8 9 10 11 12 13 14 15 16 17 18
W3P2,3,2,45,249067.4849,5534.83299777778,683.22,522.28,239.1522,78.2122,0,444.0678,0.85024852569503,0.649963115833846,0.149751474304971,全满足,1,1,1,1,0 0 3 3 3 0 0 3 3 3 3 3 3 3 3 3 3 3 3 0 0 0 0 0,2 3 4 7 8 9 10 11 12 13 14 15 16 17 18
W3P2,3,2,36,169162.4019,4698.95560833333,558.72,522.28,153.4522,117.0122,0,405.2678,0.775958872635368,0.725350443871707,0.224041127364632,部分满足,1,1,1,0,0 0 0 3 3 0 0 0 3 3 3 3 3 3 3 3 3 3 0 0 0 0 0 0,3 4 8 9 10 11 12 13 14 15 16 17
W3P3,3,3,72,576088.209,8001.225125,1056.72,356.52,700.2,0,0,356.52,1,0.337383602089484,0,全满足,1,1,0,1,3 3 3 3 3 3 3 3 3 3 3 3 3 3 3 3 3 3 3 3 3 3 3 3,0 1 2 3 4 5 6 7 8 9 10 11 12 13 14 15 16 17 18 19 20 21 22 23
W3P3,3,3,63,481827.5421,7648.05622380952,932.22,356.52,590.5818,14.8818,0,341.6382,0.958258162234938,0.366478084572311,0.0417418377650623,全满足,1,1,1,1,3 3 3 3 3 3 3 3 3 3 3 3 3 3 3 3 3 3 3 3 0 0 0 3,0 1 2 3 4 5 6 7 8 9 10 11 12 13 14 15 16 17 18 19 23
W3P3,3,3,54,399165.165,7391.9475,807.72,356.52,489.592,38.392,0,318.128,0.892314596656569,0.393859258158768,0.107685403343431,全满足,1,1,1,1,3 3 3 3 3 3 3 3 0 3 3 3 3 3 3 3 3 3 3 0 0 0 0 0,0 1 2 3 4 5 6 7 9 10 11 12 13 14 15 16 17 18
W3P3,3,3,45,318108.559,7069.07908888889,683.22,356.52,397.118,70.418,0,286.102,0.802485134073825,0.418755305758028,0.197514865926175,全满足,1,1,1,1,0 3 3 3 3 3 3 0 0 3 3 3 3 3 3 3 3 3 0 0 0 0 0 0,1 2 3 4 5 6 9 10 11 12 13 14 15 16 17
W3P3,3,3,36,259211.8651,7200.32958611111,558.72,356.52,308.0798,105.8798,0,250.6402,0.703018624481095,0.448597150630011,0.296981375518905,部分满足,1,1,1,0,0 0 3 3 3 0 0 0 0 3 3 3 3 3 3 3 3 3 0 0 0 0 0 0,2 3 4 9 10 11 12 13 14 15 16 17
W3P4,3,4,72,615580.945,8549.73534722222,1056.72,291.88,764.84,0,0,291.88,1,0.276213187977894,0,部分满足,1,0,0,1,3 3 3 3 3 3 3 3 3 3 3 3 3 3 3 3 3 3 3 3 3 3 3 3,0 1 2 3 4 5 6 7 8 9 10 11 12 13 14 15 16 17 18 19 20 21 22 23
W3P4,3,4,63,521029.8352,8270.31484444444,932.22,291.88,654.5376,14.1976,0,277.6824,0.951358092366726,0.297872176095771,0.048641907633274,部分满足,1,0,0,1,3 3 3 3 3 3 3 3 3 3 0 3 3 3 3 3 3 3 3 3 3 0 0 3,0 1 2 3 4 5 6 7 8 9 11 12 13 14 15 16 17 18 19 20 23
W3P4,3,4,54,430095.9523,7964.73985740741,807.72,291.88,548.5774,32.7374,0,259.1426,0.887839523091682,0.320832219085822,0.112160476908318,全满足,1,1,0,1,3 3 3 3 3 3 3 3 3 3 0 0 3 3 3 3 3 3 3 3 0 0 0 0,0 1 2 3 4 5 6 7 8 9 12 13 14 15 16 17 18 19
W3P4,3,4,45,337702.9561,7504.51013555555,683.22,291.88,445.6118,54.2718,0,237.6082,0.814061258051254,0.347776997160505,0.185938741948746,全满足,1,1,0,1,3 3 3 3 3 3 3 3 0 0 0 0 3 3 3 3 3 3 3 0 0 0 0 0,0 1 2 3 4 5 6 7 12 13 14 15 16 17 18
W3P4,3,4,36,247298.9761,6869.41600277778,558.72,291.88,349.2518,82.4118,0,209.4682,0.717651774701932,0.374907288087056,0.282348225298068,部分满足,1,1,1,0,3 3 3 3 3 3 3 0 0 0 0 0 3 3 3 3 3 0 0 0 0 0 0 0,0 1 2 3 4 5 6 12 13 14 15 16
W4P1,4,1,72,352101.6254,4890.30035277778,1056.72,876.924,353.502,173.706,0,703.218,0.801914419037454,0.665472405178288,0.198085580962546,全满足,1,1,1,1,3 3 3 3 3 3 3 3 3 3 3 3 3 3 3 3 3 3 3 3 3 3 3 3,0 1 2 3 4 5 6 7 8 9 10 11 12 13 14 15 16 17 18 19 20 21 22 23
W4P1,4,1,63,258205.0565,4098.49296031746,932.22,876.924,244.1278,188.8318,0,688.0922,0.784665717895736,0.738122117096823,0.215334282104264,部分满足,1,1,1,0,3 3 3 3 3 3 3 3 3 3 3 3 3 3 3 3 3 3 3 3 0 0 0 3,0 1 2 3 4 5 6 7 8 9 10 11 12 13 14 15 16 17 18 19 23
W4P1,4,1,54,183896.0884,3405.48311851852,807.72,876.924,146.034,215.238,0,661.686,0.754553416259562,0.819202198781756,0.245446583740438,部分满足,1,1,1,0,0 3 3 3 3 3 3 3 3 3 3 3 3 3 3 3 3 3 3 0 0 0 0 0,1 2 3 4 5 6 7 8 9 10 11 12 13 14 15 16 17 18
W4P1,4,1,45,124718.5753,2771.52389555556,683.22,876.924,64.9062,258.6102,0,618.3138,0.705093942006377,0.904999560902785,0.294906057993623,部分满足,1,1,1,0,0 0 0 3 0 3 3 3 3 3 3 3 3 3 3 3 3 3 3 0 0 0 0 0,3 5 6 7 8 9 10 11 12 13 14 15 16 17 18
W4P1,4,1,36,56837.5194,1578.81998333333,558.72,876.924,5.272,323.476,0,553.448,0.631124247939388,0.990564146620848,0.368875752060612,部分满足,1,1,1,0,0 0 0 0 0 0 3 3 3 3 3 3 3 3 3 3 3 3 0 0 0 0 0 0,6 7 8 9 10 11 12 13 14 15 16 17
W4P2,4,2,72,441904.9973,6137.56940694445,1056.72,618.364,448.0962,9.74020000000001,0,608.6238,0.984248436196156,0.575955598455599,0.0157515638038437,全满足,1,1,1,1,3 3 3 3 3 3 3 3 3 3 3 3 3 3 3 3 3 3 3 3 3 3 3 3,0 1 2 3 4 5 6 7 8 9 10 11 12 13 14 15 16 17 18 19 20 21 22 23
W4P2,4,2,63,348008.4284,5523.94330793651,932.22,618.364,338.722,24.866,0,593.498,0.959787439113532,0.636650146961018,0.0402125608864682,全满足,1,1,1,1,3 3 3 3 3 3 3 3 3 3 3 3 3 3 3 3 3 3 3 3 0 0 0 3,0 1 2 3 4 5 6 7 8 9 10 11 12 13 14 15 16 17 18 19 23
W4P2,4,2,54,273699.4603,5068.50852407407,807.72,618.364,240.6282,51.2722,0,567.0918,0.917084112270443,0.702089585499926,0.0829158877295573,全满足,1,1,1,1,0 3 3 3 3 3 3 3 3 3 3 3 3 3 3 3 3 3 3 0 0 0 0 0,1 2 3 4 5 6 7 8 9 10 11 12 13 14 15 16 17 18
W4P2,4,2,45,202831.5391,4507.36753555556,683.22,618.364,157.3226,92.4666,0,525.8974,0.850465745095122,0.769733614355552,0.149534254904878,全满足,1,1,1,1,0 0 0 3 3 3 3 3 3 3 3 3 3 3 3 3 3 3 0 0 0 0 0 0,3 4 5 6 7 8 9 10 11 12 13 14 15 16 17
W4P2,4,2,36,143109.0513,3975.251425,558.72,618.364,91.5462,151.1902,0,467.1738,0.755499673331565,0.83615012886598,0.244500326668435,部分满足,1,1,1,0,0 0 0 0 0 0 3 3 3 3 3 3 3 3 3 3 3 3 0 0 0 0 0 0,6 7 8 9 10 11 12 13 14 15 16 17
W4P3,4,3,72,539282.3674,7490.03288055556,1056.72,452.604,604.116,0,0,452.604,1,0.428310243016125,0,全满足,1,1,1,1,3 3 3 3 3 3 3 3 3 3 3 3 3 3 3 3 3 3 3 3 3 3 3 3,0 1 2 3 4 5 6 7 8 9 10 11 12 13 14 15 16 17 18 19 20 21 22 23
W4P3,4,3,63,445385.7985,7069.61584920635,932.22,452.604,494.7418,15.1258,0,437.4782,0.96658049862573,0.469286434532621,0.0334195013742698,全满足,1,1,1,1,3 3 3 3 3 3 3 3 3 3 3 3 3 3 3 3 3 3 3 3 0 0 0 3,0 1 2 3 4 5 6 7 8 9 10 11 12 13 14 15 16 17 18 19 23
W4P3,4,3,54,371076.8304,6871.79315555556,807.72,452.604,396.648,41.532,0,411.072,0.908237664713524,0.508928836725598,0.0917623352864756,全满足,1,1,1,1,0 3 3 3 3 3 3 3 3 3 3 3 3 3 3 3 3 3 3 0 0 0 0 0,1 2 3 4 5 6 7 8 9 10 11 12 13 14 15 16 17 18
W4P3,4,3,45,298781.6553,6639.59234,683.22,452.604,309.9802,79.3642,0,373.2398,0.824649804243887,0.546295190421826,0.175350195756113,全满足,1,1,1,1,0 0 0 3 3 3 3 3 3 3 0 3 3 3 3 3 3 3 3 0 0 0 0 0,3 4 5 6 7 8 9 11 12 13 14 15 16 17 18
W4P3,4,3,36,208217.7402,5783.82611666667,558.72,452.604,231.4224,125.3064,0,327.2976,0.723143410133362,0.585798969072165,0.276856589866638,部分满足,1,1,1,0,0 0 0 3 3 3 3 3 3 3 0 0 3 3 3 3 3 0 0 0 0 0 0 0,3 4 5 6 7 8 9 12 13 14 15 16
W4P4,4,4,72,578775.1034,8038.54310277778,1056.72,387.964,668.756,0,0,387.964,1,0.367139828904535,0,全满足,1,1,1,1,3 3 3 3 3 3 3 3 3 3 3 3 3 3 3 3 3 3 3 3 3 3 3 3,0 1 2 3 4 5 6 7 8 9 10 11 12 13 14 15 16 17 18 19 20 21 22 23
W4P4,4,4,63,483998.8856,7682.52199365079,932.22,387.964,557.3096,13.0536,0,374.9104,0.96635357919807,0.402169444980799,0.0336464208019301,全满足,1,1,1,1,3 3 3 3 3 3 3 3 3 3 0 3 3 3 3 3 3 3 3 3 3 0 0 3,0 1 2 3 4 5 6 7 8 9 11 12 13 14 15 16 17 18 19 20 23
W4P4,4,4,54,393018.6707,7278.12353148148,807.72,387.964,451.7734,32.0174,0,355.9466,0.91747327071584,0.440680681424256,0.0825267292841604,全满足,1,1,1,1,3 3 3 3 3 3 3 3 3 3 0 0 3 3 3 3 3 3 3 3 0 0 0 0,0 1 2 3 4 5 6 7 8 9 12 13 14 15 16 17 18 19
W4P4,4,4,45,318521.2544,7078.25009777778,683.22,387.964,358.988,63.732,0,324.232,0.835727026218928,0.474564561927344,0.164272973781073,全满足,1,1,1,1,0 3 0 3 3 3 3 3 3 3 0 0 3 3 3 3 3 3 3 0 0 0 0 0,1 3 4 5 6 7 8 9 12 13 14 15 16 17 18
W4P4,4,4,36,233022.3532,6472.84314444444,558.72,387.964,272.8664,102.1104,0,285.8536,0.736804445773319,0.511622279495991,0.263195554226681,部分满足,1,1,1,0,0 0 0 3 3 3 3 3 3 3 0 0 0 3 3 3 3 3 0 0 0 0 0 0,3 4 5 6 7 8 9 13 14 15 16 17
W5P1,5,1,72,369542.2319,5132.53099861111,1056.72,819.42,395.9442,158.6442,0,660.7758,0.806394522955261,0.625308312514195,0.193605477044739,全满足,1,1,1,1,3 3 3 3 3 3 3 3 3 3 3 3 3 3 3 3 3 3 3 3 3 3 3 3,0 1 2 3 4 5 6 7 8 9 10 11 12 13 14 15 16 17 18 19 20 21 22 23
W5P1,5,1,63,276987.377,4396.62503174603,932.22,819.42,291.502,178.702,0,640.718,0.781916477508482,0.68730342622986,0.218083522491518,部分满足,1,1,1,0,3 3 3 3 3 3 3 3 3 3 3 3 3 3 3 3 3 3 3 3 0 0 0 3,0 1 2 3 4 5 6 7 8 9 10 11 12 13 14 15 16 17 18 19 23
W5P1,5,1,54,203368.0828,3766.07560740741,807.72,819.42,196.7864,208.4864,0,610.9336,0.745568328817944,0.756368048333581,0.254431671182056,部分满足,1,1,1,0,0 3 3 0 3 3 3 3 3 3 3 3 3 3 3 3 3 3 3 0 0 0 0 3,1 2 4 5 6 7 8 9 10 11 12 13 14 15 16 17 18 23
W5P1,5,1,45,144344.0149,3207.64477555556,683.22,819.42,111.3362,247.5362,0,571.8838,0.69791291401235,0.837041948420714,0.30208708598765,部分满足,1,1,1,0,0 0 3 0 0 0 3 3 3 3 3 3 3 3 3 3 3 3 3 0 0 0 0 3,2 6 7 8 9 10 11 12 13 14 15 16 17 18 23
W5P1,5,1,36,73673.7539,2046.49316388889,558.72,819.42,33.6582,294.3582,0,525.0618,0.640772497620268,0.93975837628866,0.359227502379732,部分满足,1,1,1,0,0 0 0 0 0 0 3 3 3 3 3 3 3 3 3 3 3 3 0 0 0 0 0 0,6 7 8 9 10 11 12 13 14 15 16 17
W5P2,5,2,72,461167.3478,6405.10205277778,1056.72,560.86,505.7104,9.85040000000001,0,551.0096,0.982436971793317,0.521433870845636,0.0175630282066826,全满足,1,1,1,1,3 3 3 3 3 3 3 3 3 3 3 3 3 3 3 3 3 3 3 3 3 3 3 3,0 1 2 3 4 5 6 7 8 9 10 11 12 13 14 15 16 17 18 19 20 21 22 23
W5P2,5,2,63,368612.4929,5850.99195079365,932.22,560.86,401.2682,29.9082,0,530.9518,0.946674392896623,0.56955632790543,0.053325607103377,全满足,1,1,1,1,3 3 3 3 3 3 3 3 3 3 3 3 3 3 3 3 3 3 3 3 0 0 0 3,0 1 2 3 4 5 6 7 8 9 10 11 12 13 14 15 16 17 18 19 23
W5P2,5,2,54,279932.7487,5183.93979074074,807.72,560.86,302.6926,55.8326,0,505.0274,0.900451806154834,0.625250581884812,0.0995481938451664,全满足,1,1,1,1,0 3 3 3 3 3 3 3 3 3 3 3 3 3 3 3 3 3 0 0 0 0 0 3,1 2 3 4 5 6 7 8 9 10 11 12 13 14 15 16 17 23
W5P2,5,2,45,212590.3757,4724.23057111111,683.22,560.86,212.3726,90.0126,0,470.8474,0.839509681560461,0.689159275196862,0.160490318439539,全满足,1,1,1,1,0 0 3 0 3 3 3 0 3 3 3 3 3 3 3 3 3 3 0 0 0 0 0 3,2 4 5 6 8 9 10 11 12 13 14 15 16 17 23
W5P2,5,2,36,153488.4918,4263.56921666667,558.72,560.86,129.1144,131.2544,0,429.6056,0.765976536033948,0.768910366552119,0.234023463966052,部分满足,1,1,1,0,0 0 0 0 0 0 3 0 3 3 3 3 3 3 3 3 3 3 0 0 0 0 0 3,6 8 9 10 11 12 13 14 15 16 17 23
W5P3,5,3,72,558119.677,7751.66218055556,1056.72,395.1,661.62,0,0,395.1,1,0.373892800363389,0,全满足,1,1,1,1,3 3 3 3 3 3 3 3 3 3 3 3 3 3 3 3 3 3 3 3 3 3 3 3,0 1 2 3 4 5 6 7 8 9 10 11 12 13 14 15 16 17 18 19 20 21 22 23
W5P3,5,3,63,464935.7131,7379.93195396826,932.22,395.1,555.6958,18.5758,0,376.5242,0.952984560870666,0.403900581407822,0.0470154391293344,全满足,1,1,1,1,3 3 3 3 3 3 3 3 3 3 3 3 3 3 3 3 3 3 0 3 3 0 0 3,0 1 2 3 4 5 6 7 8 9 10 11 12 13 14 15 16 17 19 20 23
W5P3,5,3,54,373284.2161,6912.67066851852,807.72,395.1,455.1898,42.5698,0,352.5302,0.8922556314857,0.436450997870549,0.1077443685143,全满足,1,1,1,1,3 3 3 3 3 3 3 0 3 3 3 3 3 3 3 3 3 0 0 3 0 0 0 3,0 1 2 3 4 5 6 8 9 10 11 12 13 14 15 16 19 23
W5P3,5,3,45,291807.399,6484.60886666667,683.22,395.1,359.928,71.808,0,323.292,0.818253606681853,0.47318872398349,0.181746393318147,全满足,1,1,1,1,0 3 3 3 3 3 3 0 3 3 3 3 3 3 3 0 3 0 0 0 0 0 0 3,1 2 3 4 5 6 8 9 10 11 12 13 14 16 23
W5P3,5,3,36,232841.615,6467.82263888889,558.72,395.1,272.836,109.216,0,285.884,0.72357377879018,0.511676689576174,0.27642622120982,部分满足,1,1,1,0,0 0 3 0 3 0 3 0 3 3 3 3 3 3 3 0 3 0 0 0 0 0 0 3,2 4 6 8 9 10 11 12 13 14 16 23
W5P4,5,4,72,597612.413,8300.17240277778,1056.72,330.46,726.26,0,0,330.46,1,0.312722386251798,0,全满足,1,1,0,1,3 3 3 3 3 3 3 3 3 3 3 3 3 3 3 3 3 3 3 3 3 3 3 3,0 1 2 3 4 5 6 7 8 9 10 11 12 13 14 15 16 17 18 19 20 21 22 23
W5P4,5,4,63,503389.9199,7990.31618888889,932.22,330.46,616.8982,15.1382,0,315.3218,0.954190522302245,0.338248267576323,0.0458094776977546,全满足,1,1,0,1,3 3 3 3 3 3 3 3 3 3 3 3 3 3 3 3 3 0 0 3 3 3 0 3,0 1 2 3 4 5 6 7 8 9 10 11 12 13 14 15 16 19 20 21 23
W5P4,5,4,54,417272.3702,7727.26611481481,807.72,330.46,512.0616,34.8016,0,295.6584,0.894687405434848,0.366040707175754,0.105312594565152,全满足,1,1,1,1,3 3 3 3 3 3 3 0 3 3 3 3 3 3 3 0 3 0 0 3 3 0 0 3,0 1 2 3 4 5 6 8 9 10 11 12 13 14 16 19 20 23
W5P4,5,4,45,328406.695,7297.92655555556,683.22,330.46,413.048,60.288,0,270.172,0.817563396477637,0.395439243581862,0.182436603522363,全满足,1,1,1,1,0 3 3 3 3 3 3 0 3 3 3 3 3 3 3 0 3 0 0 0 0 0 0 3,1 2 3 4 5 6 8 9 10 11 12 13 14 16 23
W5P4,5,4,36,227647.3951,6323.53875277778,558.72,330.46,321.8778,93.6178,0,236.8422,0.716704593596804,0.423901417525773,0.283295406403196,部分满足,1,1,1,0,0 3 3 3 3 3 3 0 3 3 0 0 3 3 0 0 3 0 0 0 0 0 0 3,1 2 3 4 5 6 8 9 12 13 16 23
W6P1,6,1,72,393655.7049,5467.44034583333,1056.72,715.76,431.7862,90.8262,0,624.9338,0.873105230803621,0.591390150654857,0.126894769196379,全满足,1,1,1,1,3 3 3 3 3 3 3 3 3 3 3 3 3 3 3 3 3 3 3 3 3 3 3 3,0 1 2 3 4 5 6 7 8 9 10 11 12 13 14 15 16 17 18 19 20 21 22 23
W6P1,6,1,63,299999.892,4761.90304761905,932.22,715.76,325.14,108.68,0,607.08,0.848161394880966,0.651219669176804,0.151838605119034,全满足,1,1,1,1,3 3 3 3 3 3 3 3 3 3 3 3 3 3 3 3 3 3 3 3 0 0 0 3,0 1 2 3 4 5 6 7 8 9 10 11 12 13 14 15 16 17 18 19 23
W6P1,6,1,54,225871.5499,4182.80647962963,807.72,715.76,224.3942,132.4342,0,583.3258,0.814974013635856,0.722188134502055,0.185025986364144,全满足,1,1,1,1,0 3 3 3 3 3 3 3 3 3 3 3 3 3 3 3 3 3 3 0 0 0 0 0,1 2 3 4 5 6 7 8 9 10 11 12 13 14 15 16 17 18
W6P1,6,1,45,167214.268,3715.87262222222,683.22,715.76,128.612,161.152,0,554.608,0.774851905666704,0.811756096133017,0.225148094333296,部分满足,1,1,1,0,0 0 3 3 0 0 3 3 3 3 3 3 3 3 3 3 3 3 3 0 0 0 0 0,2 3 6 7 8 9 10 11 12 13 14 15 16 17 18
W6P1,6,1,36,98093.4309,2724.817525,558.72,715.76,45.3322,202.3722,0,513.3878,0.717262490220186,0.918864189576174,0.282737509779814,部分满足,1,1,1,0,0 0 0 0 0 0 3 3 3 3 3 3 3 3 3 3 3 3 0 0 0 0 0 0,6 7 8 9 10 11 12 13 14 15 16 17
W6P2,6,2,72,503352.837,6991.011625,1056.72,457.2,599.52,0,0,457.2,1,0.432659550306609,0,全满足,1,1,1,1,3 3 3 3 3 3 3 3 3 3 3 3 3 3 3 3 3 3 3 3 3 3 3 3,0 1 2 3 4 5 6 7 8 9 10 11 12 13 14 15 16 17 18 19 20 21 22 23
W6P2,6,2,63,409697.0241,6503.12736666667,932.22,457.2,492.8738,17.8538,0,439.3462,0.960949693788277,0.471290253373667,0.0390503062117235,全满足,1,1,1,1,3 3 3 3 3 3 3 3 3 3 3 3 3 3 3 3 3 3 3 3 0 0 0 3,0 1 2 3 4 5 6 7 8 9 10 11 12 13 14 15 16 17 18 19 23
W6P2,6,2,54,335568.682,6214.23485185185,807.72,457.2,392.128,41.608,0,415.592,0.908993875765529,0.514524835338979,0.0910061242344707,全满足,1,1,1,1,0 3 3 3 3 3 3 3 3 3 3 3 3 3 3 3 3 3 3 0 0 0 0 0,1 2 3 4 5 6 7 8 9 10 11 12 13 14 15 16 17 18
W6P2,6,2,45,276973.0281,6154.95618,683.22,457.2,294.6098,68.5898,0,388.6102,0.849978565179353,0.568792189924183,0.150021434820647,全满足,1,1,1,1,0 0 3 3 3 0 0 3 3 3 3 3 3 3 3 3 3 3 3 0 0 0 0 0,2 3 4 7 8 9 10 11 12 13 14 15 16 17 18
W6P2,6,2,36,209944.1673,5831.782425,558.72,457.2,200.7734,99.2534,0,357.9466,0.782910323709536,0.640654710767468,0.217089676290464,部分满足,1,1,1,0,0 0 3 0 0 0 0 0 3 3 3 3 3 3 3 3 3 3 3 0 0 0 0 0,2 8 9 10 11 12 13 14 15 16 17 18
W6P3,6,3,72,604486.661,8395.64806944445,1056.72,291.44,765.28,0,0,291.44,1,0.27579680520857,0,部分满足,1,0,0,1,3 3 3 3 3 3 3 3 3 3 3 3 3 3 3 3 3 3 3 3 3 3 3 3,0 1 2 3 4 5 6 7 8 9 10 11 12 13 14 15 16 17 18 19 20 21 22 23
W6P3,6,3,63,510830.8481,8108.42616031746,932.22,291.44,658.6338,17.8538,0,273.5862,0.938739363162229,0.293478148934801,0.0612606368377711,部分满足,1,0,0,1,3 3 3 3 3 3 3 3 3 3 3 3 3 3 3 3 3 3 3 3 0 0 0 3,0 1 2 3 4 5 6 7 8 9 10 11 12 13 14 15 16 17 18 19 23
W6P3,6,3,54,418932.764,7758.01414814815,807.72,291.44,557.512,41.232,0,250.208,0.858523195168817,0.309770712623186,0.141476804831183,全满足,1,1,0,1,3 3 3 3 3 3 3 3 3 0 3 3 3 3 3 3 0 3 3 0 0 0 0 3,0 1 2 3 4 5 6 7 8 10 11 12 13 14 15 17 18 23
W6P3,6,3,45,351613.2081,7813.62684666667,683.22,291.44,457.5318,65.7518,0,225.6882,0.774389925885259,0.330330201106525,0.225610074114741,部分满足,1,1,0,0,0 3 3 3 3 3 3 0 3 0 3 3 3 3 3 3 0 3 3 0 0 0 0 0,1 2 3 4 5 6 8 10 11 12 13 14 15 17 18
W6P3,6,3,36,275602.1052,7655.61403333333,558.72,291.44,358.3316,91.0516,0,200.3884,0.687580290968982,0.358656214203895,0.312419709031018,部分满足,1,1,1,0,0 3 3 3 3 3 0 0 3 0 3 3 3 3 3 0 0 0 3 0 0 0 0 0,1 2 3 4 5 8 10 11 12 13 14 18
W6P4,6,4,72,643979.397,8944.15829166666,1056.72,226.8,829.92,0,0,226.8,1,0.214626391096979,0,部分满足,1,0,0,1,3 3 3 3 3 3 3 3 3 3 3 3 3 3 3 3 3 3 3 3 3 3 3 3,0 1 2 3 4 5 6 7 8 9 10 11 12 13 14 15 16 17 18 19 20 21 22 23
W6P4,6,4,63,547351.1982,8688.11425714286,932.22,226.8,712.9156,7.4956,0,219.3044,0.966950617283951,0.235249619188604,0.0330493827160494,部分满足,1,0,0,1,3 3 3 3 3 3 3 3 3 0 0 3 3 3 3 0 3 3 3 3 3 3 3 3,0 1 2 3 4 5 6 7 8 11 12 13 14 16 17 18 19 20 21 22 23
W6P4,6,4,54,444773.7192,8236.55035555556,807.72,226.8,599.7336,18.8136,0,207.9864,0.917047619047619,0.257498142920814,0.082952380952381,部分满足,1,0,0,1,3 3 3 3 3 3 3 3 3 0 0 0 3 3 3 0 0 3 3 3 0 3 3 3,0 1 2 3 4 5 6 7 8 12 13 14 17 18 19 21 22 23
W6P4,6,4,45,358058.322,7956.8516,683.22,226.8,492.292,35.872,0,190.928,0.841834215167549,0.279453177600187,0.158165784832452,部分满足,1,0,0,1,3 3 3 3 3 3 3 3 0 0 0 0 3 3 3 0 0 0 3 3 0 3 0 3,0 1 2 3 4 5 6 7 12 13 14 18 19 21 23
W6P4,6,4,36,265423.4772,7372.87436666667,558.72,226.8,388.4376,56.5176,0,170.2824,0.750804232804233,0.30477233676976,0.249195767195767,部分满足,1,1,0,0,3 3 3 3 3 3 3 0 0 0 0 0 3 3 0 0 0 0 3 3 0 0 0 3,0 1 2 3 4 5 6 12 13 18 19 23
