scenario_id,wind_scenario,pv_scenario,Q_day,total_cost,incremental_total_cost,unit_cost,incremental_unit_cost,E_load,E_re,E_buy,E_sell,E_curtail,E_self,R_self,R_green,R_sell,class,pass_self,pass_green,pass_green_2030,pass_sell,rate_vector,on_hours
W1P1,1,1,72,390965.991632876,352295.994632876,5430.08321712328,4892.99992545662,1056.72,761.764,430.28,135.324,0,626.44,0.822354429980939,0.592815504580211,0.177645570019061,全满足,1,1,1,1,3 3 3 3 3 3 3 3 3 3 3 3 3 3 3 3 3 3 3 3 3 3 3 3,
W1P1,1,1,63,302950.191632876,264280.194632876,4808.73320052185,4194.92372433137,932.22,761.764,305.78,135.324,0,626.44,0.822354429980939,0.671987299135397,0.177645570019061,全满足,1,1,1,1,3 3 3 3 3 3 3 3 3 3 3 3 3 3 3 3 3 3 3 3 0.3 0.3 2.1 0.3,
W1P1,1,1,54,221381.796532877,182711.799532877,4099.66289875697,3383.55184320142,807.72,761.764,185.5362,139.5802,0,622.1838,0.816767135228233,0.770296389838063,0.183232864771767,全满足,1,1,1,1,0.3 1.2 3 3 3 3 3 3 3 3 3 3 3 3 3 3 3 3 3 0.3 0.3 0.3 0.3 0.3,
W1P1,1,1,45,162545.154432877,123875.157432877,3612.11454295281,2752.78127628615,683.22,761.764,94.8064,173.3504,0,588.4136,0.772435557469242,0.861235912297649,0.227564442530758,部分满足,1,1,1,0,0.3 0.3 0.3 0.3 0.3 3 3 3 3 3 3 3 3 3 3 3 3 3 3 0.3 0.3 0.3 0.3 0.3,
W1P1,1,1,36,88111.3536328768,49441.3566328768,2447.53760091324,1373.37101757991,558.72,761.764,11.4960000000001,214.54,0,547.224,0.718364217789237,0.97942439862543,0.281635782210763,部分满足,1,1,1,0,0.3 0.3 0.3 0.3 0.3 0.3 0.3 3 3 3 3 3 3 3 3 3 3 2.1 0.3 0.3 0.3 0.3 0.3 0.3,
W1P2,1,2,72,489792.268532877,451122.271532877,6802.67039628995,6265.58710462329,1056.72,503.204,560.9662,7.4502,0,495.7538,0.985194473811814,0.469143954879249,0.0148055261881861,全满足,1,1,1,1,3 3 3 3 3 3 3 3 3 3 3 3 3 3 3 3 3 3 3 3 3 3 3 3,
W1P2,1,2,63,401776.468532876,363106.471532876,6377.40426242661,5763.59478623613,932.22,503.204,436.4662,7.4502,0,495.7538,0.985194473811814,0.531799146124305,0.0148055261881861,全满足,1,1,1,1,3 3 3 3 3 3 3 3 3 3 3 3 3 3 3 3 3 3 3 3 0.3 0.3 2.1 0.3,
W1P2,1,2,54,304395.634532877,265725.637532877,5636.95619505327,4920.84513949772,807.72,503.204,314.8342,10.3182,0,492.8858,0.979494996065214,0.610218640122815,0.0205050039347859,全满足,1,1,1,1,3 3 3 3 3 3 1.2 3 3 3 3 3 3 3 3 3 3 3 0.3 0.3 0.3 0.3 0.3 0.3,
W1P2,1,2,45,246010.197432877,207340.200432877,5466.89327628615,4607.56000961948,683.22,503.204,211.3944,31.3784,0,471.8256,0.937642785033505,0.690591024852902,0.0623572149664947,全满足,1,1,1,1,0.3 0.3 3 0.3 3 3 0.3 3 3 3 3 3 3 3 3 3 3 3 0.3 0.3 0.3 0.3 0.3 0.3,
W1P2,1,2,36,179761.954332877,141091.957332877,4993.38762035769,3919.22103702435,558.72,503.204,115.5326,60.0166,0,443.1874,0.880731075269672,0.793219143757159,0.119268924730328,全满足,1,1,1,1,0.3 0.3 0.3 0.3 0.3 2.1 0.3 3 3 3 3 3 3 3 3 3 3 0.3 0.3 0.3 0.3 0.3 0.3 0.3,
W1P3,1,3,72,587763.482632876,549093.485632877,8163.3817032344,7626.29841156773,1056.72,337.444,719.275999999999,0,0,337.444,1,0.31933151639034,0,全满足,1,1,0,1,3 3 3 3 3 3 3 3 3 3 3 3 3 3 3 3 3 3 3 3 3 3 3 3,
W1P3,1,3,63,499747.682632877,461077.685632877,7932.50289893455,7318.69342274407,932.22,337.444,594.776,0,0,337.444,1,0.361978932011757,0,全满足,1,1,1,1,3 3 3 3 3 3 3 3 3 3 3 3 3 3 3 3 3 3 3 3 0.3 0.3 2.1 0.3,
W1P3,1,3,54,394953.308632877,356283.311632877,7313.95015986808,6597.83910431253,807.72,337.444,471.224,0.948000000000001,0,336.496,0.997190644966276,0.416599811815976,0.00280935503372412,全满足,1,1,1,1,3 3 3 3 3 3 3 3 3 3 3 3 3 3 3 3 3 1.2 0.3 0.3 0.3 0.3 0.3 0.3,
W1P3,1,3,45,334085.246432877,295415.249432877,7424.11658739726,6564.78332073059,683.22,337.444,361.9064,16.1304,0,321.3136,0.952198290679342,0.470293024208893,0.0478017093206576,全满足,1,1,1,1,0.3 0.3 3 3 3 3 0.3 3 3 3 3 3 3 3 3 3 3 0.3 0.3 0.3 0.3 0.3 0.3 0.3,
W1P3,1,3,36,267595.532532877,228925.535532877,7433.20923702436,6359.04265369102,558.72,337.444,262.6482,41.3722,0,296.0718,0.877395360415358,0.529910867697595,0.122604639584642,全满足,1,1,1,1,0.3 0.3 2.1 0.3 0.3 3 0.3 3 3 3 3 3 3 3 3 3 0.3 0.3 0.3 0.3 0.3 0.3 0.3 0.3,
W1P4,1,4,72,627256.218632877,588586.221632877,8711.89192545662,8174.80863378995,1056.72,272.804,783.916,0,0,272.804,1,0.258161102278749,0,部分满足,1,0,0,1,3 3 3 3 3 3 3 3 3 3 3 3 3 3 3 3 3 3 3 3 3 3 3 3,
W1P4,1,4,63,539240.418632877,500570.421632877,8559.37172433137,7945.5622481409,932.22,272.804,659.416,0,0,272.804,1,0.292639076612817,0,部分满足,1,0,0,1,3 3 3 3 3 3 3 3 3 3 3 3 3 3 3 3 3 2.1 3 3 0.3 0.3 3 0.3,
W1P4,1,4,54,436471.368632877,397801.371632877,8082.80312283105,7366.69206727549,807.72,272.804,534.916,0,0,272.804,1,0.337745753478928,0,全满足,1,1,0,1,3 3 3 3 3 3 3 3 3 3 3 3 3 3 3 3 3 0.3 1.2 0.3 0.3 0.3 0.3 0.3,
W1P4,1,4,45,346838.909732877,308168.912732877,7707.53132739726,6848.19806073059,683.22,272.804,416.5678,6.1518,0,266.6522,0.977449744138649,0.390287462310822,0.022550255861351,全满足,1,1,1,1,3 3 3 3 3 3 0.3 3 3 3 3 0.3 3 3 3 3 0.3 0.3 0.3 0.3 0.3 0.3 0.3 0.3,
W1P4,1,4,36,254649.688732877,215979.691732877,7073.60246480213,5999.4358814688,558.72,272.804,304.0058,18.0898,0,254.7142,0.93368938871864,0.455888817296678,0.0663106112813595,全满足,1,1,1,1,0.3 3 3 3 3 3 0.3 3 3 3 0.3 0.3 3 3 0.3 2.1 0.3 0.3 0.3 0.3 0.3 0.3 0.3 0.3,
W2P1,2,1,72,420187.311632876,381517.314632876,5835.93488378995,5298.85159212328,1056.72,658.904,487.428,89.612,0,569.292,0.863998397338611,0.538734953440836,0.136001602661389,全满足,1,1,1,1,3 3 3 3 3 3 3 3 3 3 3 3 3 3 3 3 3 3 3 3 3 3 3 3,
W2P1,2,1,63,319846.011632876,281176.014632876,5076.92081956947,4463.11134337899,932.22,658.904,362.928,89.612,0,569.292,0.863998397338611,0.610684173263822,0.136001602661389,全满足,1,1,1,1,3 3 3 3 3 3 3 3 3 3 3 3 3 3 3 3 3 3 3 2.1 0.3 0.3 0.3 3,
W2P1,2,1,54,250754.211632877,212084.214632877,4643.59651171994,3927.48545616438,807.72,658.904,238.428,89.612,0,569.292,0.863998397338611,0.70481354924974,0.136001602661389,全满足,1,1,1,1,0.3 1.2 3 3 3 3 3 3 3 3 3 3 3 3 3 3 3 3 3 0.3 0.3 0.3 0.3 0.3,
W2P1,2,1,45,192545.216632877,153875.219632877,4278.7825918417,3419.44932517504,683.22,658.904,130.018,105.702,0,553.202,0.839579058557848,0.809698193846784,0.160420941442152,全满足,1,1,1,1,0.3 0.3 0.3 3 0.3 0.3 3 3 3 3 3 3 3 3 3 3 3 3 3 0.3 0.3 0.3 0.3 0.3,
W2P1,2,1,36,118330.210732877,79660.2137328768,3286.95029813547,2212.78371480213,558.72,658.904,38.2638000000001,138.4478,0,520.4562,0.789881682308804,0.931515249140894,0.210118317691196,部分满足,1,1,1,0,0.3 0.3 0.3 0.3 0.3 0.3 0.3 3 3 3 3 3 3 3 3 3 3 2.1 0.3 0.3 0.3 0.3 0.3 0.3,
W2P2,2,2,72,530334.702632876,491664.705632876,7365.75975878995,6828.67646712328,1056.72,400.344,656.376,0,0,400.344,1,0.378855325914149,0,全满足,1,1,1,1,3 3 3 3 3 3 3 3 3 3 3 3 3 3 3 3 3 3 3 3 3 3 3 3,
W2P2,2,2,63,429993.402632876,391323.405632876,6825.29210528375,6211.48262909328,932.22,400.344,531.876,0,0,400.344,1,0.429452275214005,0,全满足,1,1,1,1,3 3 3 3 3 3 3 3 3 3 3 3 3 3 3 3 3 3 3 2.1 0.3 0.3 0.3 3,
W2P2,2,2,54,360901.602632877,322231.605632877,6683.36301171994,5967.25195616438,807.72,400.344,407.376,0,0,400.344,1,0.495647006388352,0,全满足,1,1,1,1,0.3 3 3 3 3 3 1.2 3 3 3 3 3 3 3 3 3 3 3 3 0.3 0.3 0.3 0.3 0.3,
W2P2,2,2,45,277885.930732877,239215.933732877,6175.24290517504,5315.90963850837,683.22,400.344,294.6278,11.7518,0,388.5922,0.970645744659593,0.568765844091215,0.0293542553404073,全满足,1,1,1,1,0.3 0.3 3 3 3 3 0.3 0.3 3 3 3 3 3 3 3 3 3 3 0.3 0.3 0.3 0.3 0.3 0.3,
W2P2,2,2,36,219792.317832877,181122.320832877,6105.34216202436,5031.17557869102,558.72,400.344,182.9676,24.5916,0,375.7524,0.938573826509202,0.672523625429553,0.0614261734907979,全满足,1,1,1,1,0.3 0.3 0.3 2.1 0.3 0.3 0.3 0.3 3 3 3 3 3 3 3 3 3 3 0.3 0.3 0.3 0.3 0.3 0.3,
W2P3,2,3,72,631468.526632876,592798.529632876,8770.39620323439,8233.31291156773,1056.72,234.584,822.136,0,0,234.584,1,0.22199258081611,0,部分满足,1,0,0,1,3 3 3 3 3 3 3 3 3 3 3 3 3 3 3 3 3 3 3 3 3 3 3 3,
W2P3,2,3,63,531127.226632877,492457.229632877,8430.59089893455,7816.78142274407,932.22,234.584,697.636,0,0,234.584,1,0.251640170775139,0,部分满足,1,0,0,1,3 3 3 3 3 3 3 3 3 3 3 3 3 3 3 3 3 3 3 2.1 0.3 0.3 0.3 3,
W2P3,2,3,54,452137.676632877,413467.679632877,8372.91993764586,7656.80888209031,807.72,234.584,573.136,0,0,234.584,1,0.290427375823305,0,部分满足,1,0,0,1,1.2 3 3 3 3 3 3 3 0.3 3 3 3 3 3 3 3 3 3 3 0.3 0.3 0.3 0.3 0.3,
W2P3,2,3,45,358546.429732877,319876.432732877,7967.69843850837,7108.3651718417,683.22,234.584,452.4378,3.8018,0,230.7822,0.983793438597688,0.337786071836304,0.0162065614023122,全满足,1,1,0,1,0.3 3 3 3 3 3 3 0.3 0.3 0.3 3 3 3 3 3 3 3 3 0.3 0.3 0.3 0.3 0.3 0.3,
W2P3,2,3,36,282317.790732877,243647.793732877,7842.16085369102,6767.99427035769,558.72,234.584,336.0618,11.9258,0,222.6582,0.949161920676602,0.398514819587629,0.050838079323398,全满足,1,1,1,1,0.3 2.1 3 3 3 3 0.3 0.3 0.3 0.3 3 3 3 3 3 3 0.3 0.3 0.3 0.3 0.3 0.3 0.3 0.3,
W2P4,2,4,72,670961.262632876,632291.265632876,9318.90642545661,8781.82313378995,1056.72,169.944,886.776,0,0,169.944,1,0.16082216670452,0,部分满足,1,0,0,1,3 3 3 3 3 3 3 3 3 3 3 3 3 3 3 3 3 3 3 3 3 3 3 3,
W2P4,2,4,63,573047.712632876,534377.715632876,9095.99543861709,8482.18596242661,932.22,169.944,762.276,0,0,169.944,1,0.182300315376199,0,部分满足,1,0,0,1,3 3 3 3 3 3 3 3 3 2.1 3 3 3 3 3 3 3 3 3 3 0.3 0.3 0.3 3,
W2P4,2,4,54,470278.662632877,431608.665632877,8708.86412283105,7992.75306727549,807.72,169.944,637.776,0,0,169.944,1,0.210399643440796,0,部分满足,1,0,0,1,3 3 3 3 3 3 3 3 0.3 0.3 0.3 1.2 3 3 3 3 3 3 3 3 0.3 0.3 0.3 3,
W2P4,2,4,45,379835.112632877,341165.115632877,8440.7802807306,7581.44701406393,683.22,169.944,513.276,0,0,169.944,1,0.248739790989725,0,部分满足,1,0,0,1,3 3 3 3 3 3 3 3 0.3 0.3 0.3 0.3 3 3 3 3 0.3 3 3 0.3 0.3 0.3 0.3 0.3,
W2P4,2,4,36,291819.312632877,253149.315632877,8106.09201757991,7031.92543424658,558.72,169.944,388.776,0,0,169.944,1,0.304166666666667,0,全满足,1,1,0,1,0.3 3 3 3 3 3 3 2.1 0.3 0.3 0.3 0.3 3 3 3 3 0.3 0.3 0.3 0.3 0.3 0.3 0.3 0.3,
W3P1,3,1,72,380328.033132876,341658.036132876,5282.33379351217,4745.25050184551,1056.72,780.84,402.2482,126.3682,0,654.4718,0.838163772347728,0.619342683019154,0.161836227652272,全满足,1,1,1,1,3 3 3 3 3 3 3 3 3 3 3 3 3 3 3 3 3 3 3 3 3 3 3 3,
W3P1,3,1,63,286509.341232877,247839.344232877,4547.76732115677,3933.95784496629,932.22,780.84,280.18,128.8,0,652.04,0.835049433942933,0.699448628006265,0.164950566057067,全满足,1,1,1,1,3 3 3 3 3 3 3 3 3 3 3 3 3 3 3 3 3 3 3 3 0.3 0.3 0.3 2.1,
W3P1,3,1,54,212639.920132877,173969.923132877,3937.77629875697,3221.66524320142,807.72,780.84,167.3722,140.4922,0,640.3478,0.820075559653706,0.792784380725994,0.179924440346294,全满足,1,1,1,1,0.3 3 3 3 3 1.2 3 3 3 3 3 3 3 3 3 3 3 3 3 0.3 0.3 0.3 0.3 0.3,
W3P1,3,1,45,153762.957132877,115092.960132877,3416.95460295282,2557.62133628615,683.22,780.84,77.7782,175.3982,0,605.4418,0.775372419445725,0.886159363016305,0.224627580554275,部分满足,1,1,1,0,0.3 0.3 0.3 3 0.3 0.3 3 3 3 3 3 3 3 3 3 3 3 3 3 0.3 0.3 0.3 0.3 0.3,
W3P1,3,1,36,82721.4141328768,44051.4171328768,2297.81705924658,1223.65047591324,558.72,780.84,6.5102,228.6302,0,552.2098,0.70719968239332,0.98834800973654,0.29280031760668,部分满足,1,1,1,0,0.3 0.3 0.3 0.3 0.3 0.3 0.3 3 3 3 3 3 3 3 3 3 3 2.1 0.3 0.3 0.3 0.3 0.3 0.3,
W3P2,3,2,72,479823.913032876,441153.916032876,6664.2210143455,6127.13772267884,1056.72,522.28,538.1664,3.72640000000001,0,518.5536,0.992865129815425,0.49071996366114,0.00713487018457533,全满足,1,1,1,1,3 3 3 3 3 3 3 3 3 3 3 3 3 3 3 3 3 3 3 3 3 3 3 3,
W3P2,3,2,63,386005.221132877,347335.224132877,6127.06700210915,5513.25752591868,932.22,522.28,416.0982,6.1582,0,516.1218,0.988209006663093,0.553648065907189,0.0117909933369074,全满足,1,1,1,1,3 3 3 3 3 3 3 3 3 3 3 3 3 3 3 3 3 3 3 3 0.3 0.3 0.3 2.1,
W3P2,3,2,54,312135.800032877,273465.803032877,5780.29259320142,5064.18153764586,807.72,522.28,303.2904,17.8504,0,504.4296,0.965822164356284,0.624510473926608,0.034177835643716,全满足,1,1,1,1,0.3 3 3 3 3 3 1.2 3 3 3 3 3 3 3 3 3 3 3 3 0.3 0.3 0.3 0.3 0.3,
W3P2,3,2,45,245720.265232877,207050.268232877,5460.45033850837,4601.1170718417,683.22,522.28,210.242,49.302,0,472.978,0.905602358887953,0.692277743625772,0.0943976411120472,全满足,1,1,1,1,0.3 0.3 3 3 3 0.3 0.3 0.3 3 3 3 3 3 3 3 3 3 3 3 0.3 0.3 0.3 0.3 0.3,
W3P2,3,2,36,173871.571232877,135201.574232877,4829.76586757991,3755.59928424658,558.72,522.28,113.41,76.97,0,445.31,0.852626943402007,0.797018184421535,0.147373056597993,全满足,1,1,1,1,0.3 0.3 0.3 2.1 0.3 0.3 0.3 0.3 3 3 3 3 3 3 3 3 3 3 0.3 0.3 0.3 0.3 0.3 0.3,
W3P3,3,3,72,579375.880232876,540705.883232876,8046.88722545661,7509.80393378995,1056.72,356.52,700.199999999999,0,0,356.52,1,0.337383602089484,0,全满足,1,1,0,1,3 3 3 3 3 3 3 3 3 3 3 3 3 3 3 3 3 3 3 3 3 3 3 3,
W3P3,3,3,63,485557.188332877,446887.191332877,7707.25695766471,7093.44748147423,932.22,356.52,578.1318,2.4318,0,354.0882,0.993179064288118,0.379833301152089,0.00682093571188152,全满足,1,1,1,1,3 3 3 3 3 3 3 3 3 3 3 3 3 3 3 3 3 3 3 3 0.3 0.3 0.3 2.1,
W3P3,3,3,54,403336.786232877,364666.789232877,7469.19974505327,6753.08868949771,807.72,356.52,464.692,13.492,0,343.028,0.962156400762931,0.424686772643986,0.0378435992370694,全满足,1,1,1,1,1.2 3 3 3 3 3 3 3 0.3 3 3 3 3 3 3 3 3 3 3 0.3 0.3 0.3 0.3 0.3,
W3P3,3,3,45,322467.201332877,283797.204332877,7165.93780739726,6306.60454073059,683.22,356.52,366.9498,40.2498,0,316.2702,0.887103668798384,0.4629112145429,0.112896331201616,全满足,1,1,1,1,0.3 3 3 3 3 3 0.3 0.3 0.3 3 3 3 3 3 3 3 3 3 0.3 0.3 0.3 0.3 0.3 0.3,
W3P3,3,3,36,247273.944432877,208603.947432877,6868.72067869102,5794.55409535769,558.72,356.52,266.4936,64.2936,0,292.2264,0.819663412992259,0.523028350515464,0.180336587007741,全满足,1,1,1,1,0.3 0.3 3 3 3 0.3 0.3 0.3 0.3 3 0.3 3 3 3 3 3 3 2.1 0.3 0.3 0.3 0.3 0.3 0.3,
W3P4,3,4,72,618868.616232876,580198.619232876,8595.39744767884,8058.31415601217,1056.72,291.88,764.839999999999,0,0,291.88,1,0.276213187977894,0,部分满足,1,0,0,1,3 3 3 3 3 3 3 3 3 3 3 3 3 3 3 3 3 3 3 3 3 3 3 3,
W3P4,3,4,63,519032.481432876,480362.484432876,8238.61081639486,7624.80134020439,932.22,291.88,642.0876,1.7476,0,290.1324,0.994012607921063,0.311227392675549,0.00598739207893655,全满足,1,1,0,1,3 3 3 3 3 3 3 3 3 3 0.3 3 3 3 3 3 3 3 3 3 2.1 0.3 0.3 3,
W3P4,3,4,54,427669.073532877,388999.076532877,7919.79765801623,7203.68660246068,807.72,291.88,523.6774,7.8374,0,284.0426,0.973148554200356,0.35165973357104,0.0268514457996437,全满足,1,1,1,1,3 3 3 3 3 3 3 3 1.2 3 0.3 0.3 3 3 3 3 3 3 3 3 0.3 0.3 0.3 0.3,
W3P4,3,4,45,333579.659232877,294909.662232877,7412.88131628615,6553.54804961948,683.22,291.88,413.32,21.98,0,269.9,0.924695080169933,0.395041128772577,0.0753049198300671,全满足,1,1,1,1,3 3 3 3 3 3 3 3 0.3 0.3 0.3 0.3 3 3 3 3 3 0.3 3 0.3 0.3 0.3 0.3 0.3,
W3P4,3,4,36,243793.405332877,205123.408332877,6772.03903702435,5697.87245369102,558.72,291.88,305.2758,38.4358,0,253.4442,0.868316431410169,0.453615764604811,0.131683568589831,全满足,1,1,1,1,2.1 3 3 3 3 3 3 0.3 0.3 0.3 0.3 0.3 3 3 3 3 0.3 0.3 0.3 0.3 0.3 0.3 0.3 0.3,
W4P1,4,1,72,355389.296632876,316719.299632876,4935.96245323439,4398.87916156773,1056.72,876.924,353.502,173.706,0,703.218,0.801914419037454,0.665472405178288,0.198085580962546,全满足,1,1,1,1,3 3 3 3 3 3 3 3 3 3 3 3 3 3 3 3 3 3 3 3 3 3 3 3,
W4P1,4,1,63,262064.186632877,223394.189632877,4159.74899417264,3545.93951798217,932.22,876.924,232.242,176.946,0,699.978,0.798219686084541,0.750872111733282,0.201780313915459,部分满足,1,1,1,0,3 3 3 3 3 3 3 3 3 3 3 3 3 3 3 3 3 3 3 3 0.3 0.3 0.3 2.1,
W4P1,4,1,54,188197.193532877,149527.196532877,3485.13321357179,2769.02215801623,807.72,876.924,121.6982,190.9022,0,686.0218,0.782304737924837,0.849331203882534,0.217695262075163,部分满足,1,1,1,0,0.3 3 1.2 3 3 3 3 3 3 3 3 3 3 3 3 3 3 3 3 0.3 0.3 0.3 0.3 0.3,
W4P1,4,1,45,128928.161432877,90258.1644328767,2865.07025406393,2005.73698739726,683.22,876.924,43.1484,236.8524,0,640.0716,0.729905442204798,0.936845525599368,0.270094557795202,部分满足,1,1,1,0,0.3 0.3 0.3 0.3 0.3 3 3 3 3 3 3 3 3 3 3 3 3 3 3 0.3 0.3 0.3 0.3 0.3,
W4P1,4,1,36,59459.2635328767,20789.2665328767,1651.64620924658,577.479625913243,558.72,876.924,0.564200000000001,318.7682,0,558.1558,0.636492786147945,0.998990191867125,0.363507213852055,部分满足,1,1,1,0,0.3 0.3 0.3 0.3 0.3 0.3 2.1 3 3 3 3 3 3 3 3 3 3 0.3 0.3 0.3 0.3 0.3 0.3 0.3,
W4P2,4,2,72,445192.668532876,406522.671532876,6183.23150740106,5646.1482157344,1056.72,618.364,448.0962,9.74020000000001,0,608.6238,0.984248436196156,0.575955598455599,0.0157515638038437,全满足,1,1,1,1,3 3 3 3 3 3 3 3 3 3 3 3 3 3 3 3 3 3 3 3 3 3 3 3,
W4P2,4,2,63,351867.558532877,313197.561532877,5585.19934179169,4971.38986560122,932.22,618.364,326.8362,12.9802,0,605.3838,0.979008803876034,0.649400141597477,0.0209911961239658,全满足,1,1,1,1,3 3 3 3 3 3 3 3 3 3 3 3 3 3 3 3 3 3 3 3 0.3 0.3 0.3 2.1,
W4P2,4,2,54,278000.565432877,239330.568432877,5148.15861912735,4432.04756357179,807.72,618.364,216.2924,26.9364,0,591.4276,0.956439249374155,0.732218590600703,0.043560750625845,全满足,1,1,1,1,0.3 3 1.2 3 3 3 3 3 3 3 3 3 3 3 3 3 3 3 3 0.3 0.3 0.3 0.3 0.3,
W4P2,4,2,45,207079.543332877,168409.546332877,4601.76762961948,3742.43436295281,683.22,618.364,134.4826,69.6266,0,548.7374,0.887401918611045,0.803163549076433,0.112598081388955,全满足,1,1,1,1,0.3 0.3 0.3 3 0.3 3 3 3 3 3 3 3 3 3 3 3 3 3 0.3 0.3 0.3 0.3 0.3 0.3,
W4P2,4,2,36,142739.001332877,104069.004332877,3964.97225924658,2890.80567591324,558.72,618.364,61.2326000000001,120.8766,0,497.4874,0.804521932065903,0.890405569873998,0.195478067934097,全满足,1,1,1,1,0.3 0.3 0.3 0.3 0.3 0.3 2.1 3 3 3 3 3 3 3 3 3 3 0.3 0.3 0.3 0.3 0.3 0.3 0.3,
W4P3,4,3,72,542570.038632876,503900.041632876,7535.69498101217,6998.61168934551,1056.72,452.604,604.116,0,0,452.604,1,0.428310243016125,0,全满足,1,1,1,1,3 3 3 3 3 3 3 3 3 3 3 3 3 3 3 3 3 3 3 3 3 3 3 3,
W4P3,4,3,63,449244.928632877,410574.931632877,7130.87188306153,6517.06240687106,932.22,452.604,482.856,3.24,0,449.364,0.992841424291434,0.48203642916908,0.00715857570856642,全满足,1,1,1,1,3 3 3 3 3 3 3 3 3 3 3 3 3 3 3 3 3 3 3 3 0.3 0.3 0.3 2.1,
W4P3,4,3,54,375377.935532877,336707.938532877,6951.44325060883,6235.33219505327,807.72,452.604,372.3122,17.1962,0,435.4078,0.962006080370478,0.539057841826376,0.0379939196295216,全满足,1,1,1,1,0.3 3 1.2 3 3 3 3 3 3 3 3 3 3 3 3 3 3 3 3 0.3 0.3 0.3 0.3 0.3,
W4P3,4,3,45,290524.211432877,251854.214432877,6456.09358739726,5596.76032073059,683.22,452.604,283.0424,52.4264,0,400.1776,0.884167174837165,0.585722900383478,0.115832825162835,全满足,1,1,1,1,0.3 0.3 0.3 3 3 3 3 3 3 3 0.3 3 3 3 3 3 3 3 0.3 0.3 0.3 0.3 0.3 0.3,
W4P3,4,3,36,209608.469432877,170938.472432877,5822.45748424658,4748.29090091324,558.72,452.604,196.1324,90.0164,0,362.5876,0.801114439996111,0.648961197021764,0.198885560003889,全满足,1,1,1,1,0.3 0.3 0.3 3 0.3 3 3 3 3 3 0.3 0.3 3 3 3 3 2.1 0.3 0.3 0.3 0.3 0.3 0.3 0.3,
W4P4,4,4,72,582062.774632876,543392.777632876,8084.20520323439,7547.12191156773,1056.72,387.964,668.756,0,0,387.964,1,0.367139828904535,0,全满足,1,1,1,1,3 3 3 3 3 3 3 3 3 3 3 3 3 3 3 3 3 3 3 3 3 3 3 3,
W4P4,4,4,63,482131.015732876,443461.018732876,7652.87326560121,7039.06378941074,932.22,387.964,545.4238,1.1678,0,386.7962,0.996989926900434,0.414919439617258,0.00301007309956593,全满足,1,1,1,1,3 3 3 3 3 3 3 3 3 3 0.3 2.1 3 3 3 3 3 3 3 3 3 0.3 0.3 3,
W4P4,4,4,54,385865.775832877,347195.778832877,7145.66251542364,6429.55145986809,807.72,387.964,427.4376,7.6816,0,380.2824,0.980200224763122,0.470809686525033,0.0197997752368776,全满足,1,1,1,1,3 3 3 3 3 3 3 3 3 3 0.3 0.3 3 3 3 3 3 3 3 1.2 0.3 0.3 0.3 0.3,
W4P4,4,4,45,309702.706432877,271032.709432877,6882.28236517504,6022.94909850837,683.22,387.964,330.7284,35.4724,0,352.4916,0.908567805260282,0.515926934223237,0.0914321947397181,全满足,1,1,1,1,0.3 3 0.3 3 3 3 3 3 3 3 0.3 0.3 0.3 3 3 3 3 3 3 0.3 0.3 0.3 0.3 0.3,
W4P4,4,4,36,227135.578332877,188465.581332877,6309.32162035769,5235.15503702436,558.72,387.964,232.8906,62.1346,0,325.8294,0.839844418554299,0.583171176975945,0.160155581445701,全满足,1,1,1,1,0.3 0.3 0.3 3 3 3 3 3 3 3 0.3 0.3 0.3 3 3 3 0.3 2.1 0.3 0.3 0.3 0.3 0.3 0.3,
W5P1,5,1,72,372829.903132876,334159.906132876,5178.19309906773,4641.10980740106,1056.72,819.42,395.9442,158.6442,0,660.7758,0.806394522955261,0.625308312514195,0.193605477044739,全满足,1,1,1,1,3 3 3 3 3 3 3 3 3 3 3 3 3 3 3 3 3 3 3 3 3 3 3 3,
W5P1,5,1,63,280717.023232877,242047.026232877,4455.82576560122,3842.01628941074,932.22,819.42,279.052,166.252,0,653.168,0.797110151082473,0.700658642809637,0.202889848917527,部分满足,1,1,1,0,2.1 3 3 3 3 3 3 3 3 3 3 3 3 3 3 3 3 3 3 3 0.3 0.3 0.3 3,
W5P1,5,1,54,207539.704032877,168869.707032877,3843.32785246068,3127.21679690512,807.72,819.42,171.8864,183.5864,0,635.8336,0.775955675965927,0.787195562818799,0.224044324034073,部分满足,1,1,1,0,0.3 1.2 3 0.3 3 3 3 3 3 3 3 3 3 3 3 3 3 3 3 0.3 0.3 0.3 0.3 3,
W5P1,5,1,45,148586.913032877,109916.916032877,3301.93140073059,2442.59813406393,683.22,819.42,84.4284,220.6284,0,598.7916,0.730750530863294,0.876425748660753,0.269249469136706,部分满足,1,1,1,0,0.3 0.3 0.3 0.3 0.3 0.3 3 3 3 3 3 3 3 3 3 3 3 3 3 0.3 0.3 0.3 0.3 3,
W5P1,5,1,36,74647.8261328767,35977.8291328767,2073.55072591324,999.38414257991,558.72,819.42,9.6422,270.3422,0,549.0778,0.670081032925728,0.982742339633448,0.329918967074272,部分满足,1,1,1,0,0.3 0.3 0.3 0.3 0.3 0.3 0.3 3 3 3 3 3 3 3 3 3 3 2.1 0.3 0.3 0.3 0.3 0.3 0.3,
W5P2,5,2,72,464455.019032876,425785.022032876,6450.76415323439,5913.68086156773,1056.72,560.86,505.7104,9.85040000000001,0,551.0096,0.982436971793317,0.521433870845636,0.0175630282066826,全满足,1,1,1,1,3 3 3 3 3 3 3 3 3 3 3 3 3 3 3 3 3 3 3 3 3 3 3 3,
W5P2,5,2,63,372342.139132876,333672.142132876,5910.19268464883,5296.38320845836,932.22,560.86,388.8182,17.4582,0,543.4018,0.968872445886674,0.582911544485207,0.031127554113326,全满足,1,1,1,1,2.1 3 3 3 3 3 3 3 3 3 3 3 3 3 3 3 3 3 3 3 0.3 0.3 0.3 3,
W5P2,5,2,54,277505.869932876,238835.872932876,5138.99759134956,4422.88653579401,807.72,560.86,277.7926,30.9326,0,529.9274,0.944847912134936,0.656078096370029,0.0551520878650644,全满足,1,1,1,1,0.3 3 3 3 3 3 3 1.2 3 3 3 3 3 3 3 3 3 3 0.3 0.3 0.3 0.3 0.3 3,
W5P2,5,2,45,216900.951032877,178230.954032877,4820.02113406393,3960.68786739726,683.22,560.86,183.5584,61.1984,0,499.6616,0.890884712762543,0.731333391879629,0.109115287237457,全满足,1,1,1,1,0.3 0.3 3 0.3 3 0.3 3 0.3 3 3 3 3 3 3 3 3 3 3 0.3 0.3 0.3 0.3 0.3 3,
W5P2,5,2,36,151097.877932877,112427.880932877,4197.16327591324,3122.99669257991,558.72,560.86,89.9966000000001,92.1366,0,468.7234,0.835722640231074,0.838923611111111,0.164277359768926,全满足,1,1,1,1,0.3 0.3 0.3 0.3 0.3 0.3 2.1 0.3 3 3 3 3 3 3 3 3 3 0.3 0.3 0.3 0.3 0.3 0.3 3,
W5P3,5,3,72,561407.348232876,522737.351232876,7797.32428101217,7260.24098934551,1056.72,395.1,661.619999999999,0,0,395.1,1,0.373892800363389,0,全满足,1,1,1,1,3 3 3 3 3 3 3 3 3 3 3 3 3 3 3 3 3 3 3 3 3 3 3 3,
W5P3,5,3,63,465366.109332877,426696.112332877,7386.76364020439,6772.95416401391,932.22,395.1,543.2458,6.1258,0,388.9742,0.984495570741584,0.4172557979876,0.0155044292584156,全满足,1,1,1,1,3 3 3 3 3 3 3 2.1 3 3 3 3 3 3 3 3 3 3 0.3 3 3 0.3 0.3 3,
W5P3,5,3,54,377455.837332877,338785.840332877,6989.92291357179,6273.81185801623,807.72,395.1,430.2898,17.6698,0,377.4302,0.955277651227537,0.467278512355767,0.0447223487724627,全满足,1,1,1,1,1.2 3 3 3 3 3 3 0.3 3 3 3 3 3 3 3 3 3 0.3 0.3 3 0.3 0.3 0.3 3,
W5P3,5,3,45,296130.889232877,257460.892232877,6580.68642739726,5721.35316073059,683.22,395.1,330.75,42.63,0,352.47,0.892103264996204,0.515895319223676,0.107896735003796,全满足,1,1,1,1,0.3 3 3 0.3 3 3 3 0.3 3 3 3 3 3 3 3 0.3 3 0.3 0.3 0.3 0.3 0.3 0.3 3,
W5P3,5,3,36,237548.796332877,198878.799332877,6598.57767591324,5524.41109257991,558.72,395.1,232.8498,69.2298,0,325.8702,0.824779043280182,0.583244201030928,0.175220956719818,全满足,1,1,1,1,0.3 0.3 2.1 0.3 0.3 0.3 3 0.3 3 3 3 3 3 3 3 0.3 3 0.3 0.3 0.3 0.3 0.3 0.3 3,
W5P4,5,4,72,600900.084232876,562230.087232876,8345.8345032344,7808.75121156773,1056.72,330.46,726.259999999999,0,0,330.46,1,0.312722386251798,0,全满足,1,1,0,1,3 3 3 3 3 3 3 3 3 3 3 3 3 3 3 3 3 3 3 3 3 3 3 3,
W5P4,5,4,63,503820.316132877,465150.319132877,7997.14787512502,7383.33839893455,932.22,330.46,604.4482,2.6882,0,327.7718,0.991865278702415,0.351603484156101,0.00813472129758518,全满足,1,1,1,1,3 3 3 3 3 3 3 3 3 3 3 3 3 3 3 2.1 3 0.3 0.3 3 3 3 0.3 3,
W5P4,5,4,54,409989.991432877,371319.994432877,7592.40724875697,6876.29619320142,807.72,330.46,487.1616,9.9016,0,320.5584,0.970036918235187,0.396868221660972,0.0299630817648127,全满足,1,1,1,1,3 3 3 3 3 3 3 0.3 3 3 3 3 3 3 3 0.3 3 0.3 0.3 3 1.2 0.3 0.3 3,
W5P4,5,4,45,318214.793232877,279544.796232877,7071.43984961948,6212.10658295282,683.22,330.46,381.294,28.534,0,301.926,0.913653694849604,0.441916220251164,0.0863463051503964,全满足,1,1,1,1,0.3 3 3 3 3 3 3 0.3 3 3 3 3 3 3 0.3 0.3 3 0.3 0.3 0.3 0.3 0.3 0.3 3,
W5P4,5,4,36,224587.054332877,185917.057332877,6238.52928702435,5164.36270369102,558.72,330.46,279.8418,51.5818,0,278.8782,0.843909096411063,0.499137671821306,0.156090903588937,全满足,1,1,1,1,0.3 3 3 2.1 3 3 3 0.3 3 3 0.3 0.3 3 3 0.3 0.3 0.3 0.3 0.3 0.3 0.3 0.3 0.3 3,
W6P1,6,1,72,396943.376132876,358273.379132876,5513.10244628995,4976.01915462328,1056.72,715.76,431.7862,90.8262,0,624.9338,0.873105230803621,0.591390150654857,0.126894769196379,全满足,1,1,1,1,3 3 3 3 3 3 3 3 3 3 3 3 3 3 3 3 3 3 3 3 3 3 3 3,
W6P1,6,1,63,298002.538232876,259332.541232876,4730.19901956947,4116.38954337899,932.22,715.76,312.69,96.23,0,619.53,0.865555493461496,0.664574885756581,0.134444506538505,全满足,1,1,1,1,3 3 3 3 3 3 3 3 3 3 3 3 3 3 3 3 3 3 3 2.1 0.3 0.3 0.3 3,
W6P1,6,1,54,230043.171132877,191373.174132877,4260.0587246829,3543.94766912734,807.72,715.76,199.4942,107.5342,0,608.2258,0.849762210796915,0.753015648987273,0.150237789203085,全满足,1,1,1,1,0.3 3 3 3 3 1.2 3 3 3 3 3 3 3 3 3 3 3 3 3 0.3 0.3 0.3 0.3 0.3,
W6P1,6,1,45,171601.942232877,132931.945232877,3813.37649406393,2954.04322739726,683.22,715.76,97.626,130.166,0,585.594,0.818142952945121,0.857108983929042,0.181857047054879,全满足,1,1,1,1,0.3 0.3 3 0.3 0.3 0.3 3 3 3 3 3 3 3 3 3 3 3 3 3 0.3 0.3 0.3 0.3 0.3,
W6P1,6,1,36,99328.0991328768,60658.1021328768,2759.11386480213,1684.9472814688,558.72,715.76,14.2442,171.2842,0,544.4758,0.760696043366492,0.974505655784651,0.239303956633508,部分满足,1,1,1,0,0.3 0.3 0.3 0.3 0.3 0.3 0.3 3 3 3 3 3 3 3 3 3 3 2.1 0.3 0.3 0.3 0.3 0.3 0.3,
W6P2,6,2,72,506640.508232876,467970.511232876,7036.67372545662,6499.59043378995,1056.72,457.2,599.52,0,0,457.2,1,0.432659550306609,0,全满足,1,1,1,1,3 3 3 3 3 3 3 3 3 3 3 3 3 3 3 3 3 3 3 3 3 3 3 3,
W6P2,6,2,63,407699.670332876,369029.673332876,6471.42333861709,5857.61386242661,932.22,457.2,480.4238,5.4038,0,451.7962,0.988180664916885,0.484645469953444,0.0118193350831146,全满足,1,1,1,1,3 3 3 3 3 3 3 3 3 3 3 3 3 3 3 3 3 3 3 2.1 0.3 0.3 0.3 3,
W6P2,6,2,54,339740.303232877,301070.306232877,6291.48709690512,5575.37604134957,807.72,457.2,367.228,16.708,0,440.492,0.963455818022747,0.545352349824197,0.0365441819772528,全满足,1,1,1,1,0.3 3 3 3 3 3 1.2 3 3 3 3 3 3 3 3 3 3 3 3 0.3 0.3 0.3 0.3 0.3,
W6P2,6,2,45,281379.666432877,242709.669432877,6252.88147628615,5393.54820961948,683.22,457.2,263.0896,37.0696,0,420.1304,0.918920384951881,0.614926963496385,0.081079615048119,全满足,1,1,1,1,0.3 0.3 3 3 0.3 0.3 0.3 3 3 3 3 3 3 3 3 3 3 3 3 0.3 0.3 0.3 0.3 0.3,
W6P2,6,2,36,209029.982432877,170359.985432877,5806.38840091324,4732.22181757991,558.72,457.2,157.8116,56.2916,0,400.9084,0.876877515310586,0.717547966781214,0.123122484689414,全满足,1,1,1,1,0.3 0.3 0.3 0.3 0.3 0.3 0.3 0.3 3 3 3 3 3 3 3 3 3 3 2.1 0.3 0.3 0.3 0.3 0.3,
W6P3,6,3,72,607774.332232876,569104.335232876,8441.31016990106,7904.22687823439,1056.72,291.44,765.28,0,0,291.44,1,0.27579680520857,0,部分满足,1,0,0,1,3 3 3 3 3 3 3 3 3 3 3 3 3 3 3 3 3 3 3 3 3 3 3 3,
W6P3,6,3,63,508833.494332876,470163.497332876,8076.72213226788,7462.9126560774,932.22,291.44,646.1838,5.4038,0,286.0362,0.981458276146034,0.306833365514578,0.0185417238539665,全满足,1,1,0,1,3 3 3 3 3 3 3 3 3 3 3 3 3 3 3 3 3 3 3 2.1 0.3 0.3 0.3 3,
W6P3,6,3,54,423104.385232877,384434.388232877,7835.26639320142,7119.15533764586,807.72,291.44,532.612,16.332,0,275.108,0.943961021136426,0.340598227108404,0.056038978863574,全满足,1,1,0,1,1.2 3 3 3 3 3 3 3 3 0.3 3 3 3 3 3 3 0.3 3 3 0.3 0.3 0.3 0.3 3,
W6P3,6,3,45,356081.474432877,317411.477432877,7912.92165406393,7053.58838739726,683.22,291.44,424.2756,32.4956,0,258.9444,0.88849986275048,0.379005883902696,0.11150013724952,全满足,1,1,1,1,0.3 3 3 3 3 3 0.3 0.3 3 0.3 3 3 3 3 3 3 0.3 3 3 0.3 0.3 0.3 0.3 0.3,
W6P3,6,3,36,271841.376332877,233171.379332877,7551.14934257991,6476.98275924658,558.72,291.44,313.2438,45.9638,0,245.4762,0.842287263244579,0.439354596219931,0.157712736755421,全满足,1,1,1,1,0.3 3 3 3 3 2.1 0.3 0.3 0.3 0.3 3 3 3 3 3 0.3 0.3 0.3 3 0.3 0.3 0.3 0.3 0.3,
W6P4,6,4,72,647267.068232876,608597.071232876,8989.82039212328,8452.73710045661,1056.72,226.8,829.92,0,0,226.8,1,0.214626391096979,0,部分满足,1,0,0,1,3 3 3 3 3 3 3 3 3 3 3 3 3 3 3 3 3 3 3 3 3 3 3 3,
W6P4,6,4,63,549353.518232877,510683.521232877,8719.89711480756,8106.08763861709,932.22,226.8,705.42,0,0,226.8,1,0.243290210465341,0,部分满足,1,0,0,1,3 3 3 3 3 3 3 3 3 0.3 0.3 3 3 3 3 0.3 2.1 3 3 3 3 3 3 3,
W6P4,6,4,54,444505.657232877,405835.660232877,8231.58624505327,7515.47518949772,807.72,226.8,581.742,0.822000000000001,0,225.978,0.996375661375661,0.279772693507651,0.00362433862433863,部分满足,1,0,0,1,3 3 3 3 3 3 3 3 3 0.3 0.3 0.3 3 3 3 0.3 0.3 1.2 3 3 0.3 3 3 3,
W6P4,6,4,45,355530.557132877,316860.560132877,7900.67904739726,7041.34578073059,683.22,226.8,464.4542,8.0342,0,218.7658,0.964575837742504,0.32019817921021,0.0354241622574956,全满足,1,1,0,1,3 3 3 3 3 3 3 3 0.3 0.3 0.3 0.3 3 3 3 0.3 0.3 0.3 3 3 0.3 0.3 0.3 3,
W6P4,6,4,36,256872.233132877,218202.236132877,7135.33980924658,6061.17322591324,558.72,226.8,348.8802,16.9602,0,209.8398,0.925219576719577,0.375572379725086,0.0747804232804233,全满足,1,1,1,1,2.1 3 3 3 3 3 3 0.3 0.3 0.3 0.3 0.3 3 3 0.3 0.3 0.3 0.3 3 0.3 0.3 0.3 0.3 3,
