scenario_id,wind_scenario,pv_scenario,daily_NH3_t,avg_rate_tph,curtail_MWh,unserved_base_MWh,max_curtail_MW,max_unserved_base_MW,rate_vector,curtail_vector,unserved_vector
W1P1,1,1,40.895421686747,1.70397590361446,135.324,0,26.6502,0,0.60768 0.70874 1.0375 0.89075 1.0042 1.2357 1.5331 3 3 3 3 3 3 3 3 3 2.8654 1.9926 1.1088 0.26141 0.13677 0.14905 0.24 0.12374,0 0 0 0 0 0 0 3.5338 9.4622 14.708 18.7638 17.376 20.1162 26.6502 14.058 10.6558 0 0 0 0 0 0 0 0,0 0 0 0 0 0 0 0 0 0 0 0 0 0 0 0 0 0 0 0 0 0 0 0
W1P2,1,2,31.4482265060241,1.31034277108434,7.45020000000001,0,7.4502,0,0.60768 0.70874 1.0375 0.89075 1.0042 1.2357 0.51526 1.6362 1.7871 2.0276 2.367 2.5443 2.9737 3 2.5358 2.3823 1.8476 0.9285 0.50733 0.26141 0.13677 0.14905 0.24 0.12374,0 0 0 0 0 0 0 0 0 0 0 0 0 7.4502 0 0 0 0 0 0 0 0 0 0,0 0 0 0 0 0 0 0 0 0 0 0 0 0 0 0 0 0 0 0 0 0 0 0
W1P3,1,3,20.0041445783133,0.833506024096386,8.43769498715119e-15,0,1.77635683940025e-15,0,0.60768 0.70874 1.0375 0.89075 1.0042 1.2357 0.51526 1.4974 1.232 1.1023 1.1179 1.1101 1.4007 1.873 1.0553 1.0407 0.82974 0.46585 0.36853 0.26141 0.13677 0.14905 0.24 0.12374,0 0 0 0 0 0 0 0 0 0 0 0 0 0 0 0 0 0 0 0 0 0 0 0,0 0 0 0 0 0 0 0 0 0 0 0 0 0 0 0 0 0 0 0 0 0 0 0
W1P4,1,4,15.3313734939759,0.638807228915662,3.10862446895044e-15,0,1.77635683940025e-15,0,0.60768 0.70874 1.0375 0.89075 1.0042 1.2357 0.51526 1.4049 1.0006 0.73215 0.56268 0.36983 0.75298 1.4104 0.59263 0.62428 0.45961 0.23452 0.276 0.26141 0.13677 0.14905 0.24 0.12374,0 0 0 0 0 0 0 0 0 0 0 0 0 0 0 0 0 0 0 0 0 0 0 0,0 0 0 0 0 0 0 0 0 0 0 0 0 0 0 0 0 0 0 0 0 0 0 0
W2P1,2,1,36.7742313253012,1.53225963855422,89.612,0.1382,18.9182,0.1382,0.28498 0.53495 0.62026 0.6733 0.63035 0.57758 1.4978 2.1593 2.7367 3 3 3 3 3 3 3 2.5609 2.0088 1.096 0.15847 0.033831 0 0.040771 0.16018,0 0 0 0 0 0 0 0 0 5.24 12.1958 13.932 15.7282 18.9182 15.714 7.8838 0 0 0 0 0 0 0 0,0 0 0 0 0 0 0 0 0 0 0 0 0 0 0 0 0 0 0 0 0 0.1382 0 0
W2P2,2,2,24.5611228915663,1.02338012048193,8.88178419700125e-16,0.1382,8.88178419700125e-16,0.1382,0.28498 0.53495 0.62026 0.6733 0.63035 0.57758 0.47999 0.53999 0.83987 1.3431 1.8922 2.2953 2.6565 2.9796 2.6555 2.182 1.5431 0.94469 0.4946 0.15847 0.033831 0 0.040771 0.16018,0 0 0 0 0 0 0 0 0 0 0 0 0 0 0 0 0 0 0 0 0 0 0 0,0 0 0 0 0 0 0 0 0 0 0 0 0 0 0 0 0 0 0 0 0 0.1382 0 0
W2P3,2,3,12.5784722891566,0.524103012048193,8.88178419700125e-16,0.1382,8.88178419700125e-16,0.1382,0.28498 0.53495 0.62026 0.6733 0.63035 0.57758 0.47999 0.40119 0.28469 0.41783 0.64307 0.86111 1.0835 1.3141 1.175 0.84027 0.52525 0.48204 0.35581 0.15847 0.033831 0 0.040771 0.16018,0 0 0 0 0 0 0 0 0 0 0 0 0 0 0 0 0 0 0 0 0 0 0 0,0 0 0 0 0 0 0 0 0 0 0 0 0 0 0 0 0 0 0 0 0 0.1382 0 0
W2P4,2,4,7.90570120481928,0.32940421686747,8.88178419700125e-16,0.1382,8.88178419700125e-16,0.1382,0.28498 0.53495 0.62026 0.6733 0.63035 0.57758 0.47999 0.30866 0.053364 0.047711 0.087889 0.12087 0.43577 0.85144 0.71234 0.42389 0.15513 0.25071 0.26328 0.15847 0.033831 0 0.040771 0.16018,0 0 0 0 0 0 0 0 0 0 0 0 0 0 0 0 0 0 0 0 0 0 0 0,0 0 0 0 0 0 0 0 0 0 0 0 0 0 0 0 0 0 0 0 0 0.1382 0 0
W3P1,3,1,42.9218168674699,1.78840903614458,126.3682,0,22.8342,0,0.76151 0.88801 0.97361 1.0648 1.0054 0.85632 1.837 2.5294 3 3 3 3 3 3 3 3 3 2.4237 1.5226 0.51442 0.38805 0.33411 0.35364 0.46929,0 0 0 0 0 0 0 0 2.3222 12.296 15.6638 18.94 20.5722 22.8342 17.954 14.0318 1.754 0 0 0 0 0 0 0,0 0 0 0 0 0 0 0 0 0 0 0 0 0 0 0 0 0 0 0 0 0 0 0
W3P2,3,2,33.0964048192771,1.37901686746988,3.72640000000001,0,3.6342,0,0.76151 0.88801 0.97361 1.0648 1.0054 0.85632 0.81917 0.91011 1.271 1.8532 2.1429 2.6573 3 3 2.8174 2.6264 2.109 1.3596 0.92111 0.51442 0.38805 0.33411 0.35364 0.46929,0 0 0 0 0 0 0 0 0 0 0 0 0.0922 3.6342 0 0 0 0 0 0 0 0 0 0,0 0 0 0 0 0 0 0 0 0 0 0 0 0 0 0 0 0 0 0 0 0 0 0
W3P3,3,3,21.3831325301205,0.890963855421687,0,0,0,0,0.76151 0.88801 0.97361 1.0648 1.0054 0.85632 0.81917 0.77131 0.71582 0.9279 0.89377 1.2231 1.4337 1.5972 1.3369 1.2847 1.0911 0.89698 0.78231 0.51442 0.38805 0.33411 0.35364 0.46929,0 0 0 0 0 0 0 0 0 0 0 0 0 0 0 0 0 0 0 0 0 0 0 0,0 0 0 0 0 0 0 0 0 0 0 0 0 0 0 0 0 0 0 0 0 0 0 0
W3P4,3,4,16.7103614457831,0.696265060240964,0,0,0,0,0.76151 0.88801 0.97361 1.0648 1.0054 0.85632 0.81917 0.67878 0.4845 0.55778 0.33859 0.48289 0.78594 1.1345 0.87426 0.86832 0.72101 0.66565 0.68978 0.51442 0.38805 0.33411 0.35364 0.46929,0 0 0 0 0 0 0 0 0 0 0 0 0 0 0 0 0 0 0 0 0 0 0 0,0 0 0 0 0 0 0 0 0 0 0 0 0 0 0 0 0 0 0 0 0 0 0 0
W4P1,4,1,46.4456385542169,1.93523493975904,173.706,0,23.0822,0,0.87659 0.93862 0.88859 1.3864 1.3081 1.5506 2.8869 3 3 3 3 3 3 3 3 3 3 2.732 1.7521 0.52744 0.50226 0.25921 0.33195 0.50485,0 0 0 0 0 0 0 7.0898 16.6862 22.492 15.8558 17.292 22.3762 23.0822 22.502 21.1398 5.19 0 0 0 0 0 0 0,0 0 0 0 0 0 0 0 0 0 0 0 0 0 0 0 0 0 0 0 0 0 0 0
W4P2,4,2,39.6075036144578,1.65031265060241,9.74020000000001,0,3.8822,0,0.87659 0.93862 0.88859 1.3864 1.3081 1.5506 1.8691 1.8932 2.3094 2.5903 2.1568 2.5382 3 3 3 3 2.3573 1.6679 1.1507 0.52744 0.50226 0.25921 0.33195 0.50485,0 0 0 0 0 0 0 0 0 0 0 0 1.8962 3.8822 2.022 1.9398 0 0 0 0 0 0 0 0,0 0 0 0 0 0 0 0 0 0 0 0 0 0 0 0 0 0 0 0 0 0 0 0
W4P3,4,3,28.3289638554217,1.1803734939759,4.44089209850063e-15,0,1.77635683940025e-15,0,0.87659 0.93862 0.88859 1.3864 1.3081 1.5506 1.8691 1.7544 1.7542 1.665 0.90765 1.104 1.5641 1.6151 1.6657 1.7985 1.3395 1.2052 1.0119 0.52744 0.50226 0.25921 0.33195 0.50485,0 0 0 0 0 0 0 0 0 0 0 0 0 0 0 0 0 0 0 0 0 0 0 0,0 0 0 0 0 0 0 0 0 0 0 0 0 0 0 0 0 0 0 0 0 0 0 0
W4P4,4,4,23.6561927710843,0.985674698795181,8.88178419700125e-16,0,8.88178419700125e-16,0,0.87659 0.93862 0.88859 1.3864 1.3081 1.5506 1.8691 1.6619 1.5229 1.2948 0.35247 0.36376 0.91635 1.1524 1.203 1.3822 0.9694 0.97389 0.91937 0.52744 0.50226 0.25921 0.33195 0.50485,0 0 0 0 0 0 0 0 0 0 0 0 0 0 0 0 0 0 0 0 0 0 0 0,0 0 0 0 0 0 0 0 0 0 0 0 0 0 0 0 0 0 0 0 0 0 0 0
W5P1,5,1,43.3775277108434,1.80739698795181,158.6442,0,24.9422,0,0.60768 0.8964 1.0549 0.89075 1.0094 0.91705 2.1276 2.303 3 3 3 3 3 3 3 3 3 2.1363 1.2132 0.65467 0.58005 0.5342 0.33571 1.1167,0 0 0 0 0 0 0 0 13.9342 21.308 22.8558 23.968 24.3002 24.9422 15.606 8.0358 3.694 0 0 0 0 0 0 0,0 0 0 0 0 0 0 0 0 0 0 0 0 0 0 0 0 0 0 0 0 0 0 0
W5P2,5,2,35.442621686747,1.47677590361446,9.85040000000001,0,5.7422,0,0.60768 0.8964 1.0549 0.89075 1.0094 0.91705 1.1098 0.6837 2.1104 2.5047 2.6628 3 3 3 2.6477 2.1929 2.2492 1.0722 0.61171 0.65467 0.58005 0.5342 0.33571 1.1167,0 0 0 0 0 0 0 0 0 0 0 0.288 3.8202 5.7422 0 0 0 0 0 0 0 0 0 0,0 0 0 0 0 0 0 0 0 0 0 0 0 0 0 0 0 0 0 0 0 0 0 0
W5P3,5,3,24.1720481927711,1.0071686746988,1.77635683940025e-15,0,1.77635683940025e-15,0,0.60768 0.8964 1.0549 0.89075 1.0094 0.91705 1.1098 0.5449 1.5552 1.5794 1.4137 1.5866 1.7031 1.7496 1.1672 0.85126 1.2314 0.60956 0.47292 0.65467 0.58005 0.5342 0.33571 1.1167,0 0 0 0 0 0 0 0 0 0 0 0 0 0 0 0 0 0 0 0 0 0 0 0,0 0 0 0 0 0 0 0 0 0 0 0 0 0 0 0 0 0 0 0 0 0 0 0
W5P4,5,4,19.4992771084337,0.812469879518072,1.77635683940025e-15,0,1.77635683940025e-15,0,0.60768 0.8964 1.0549 0.89075 1.0094 0.91705 1.1098 0.45237 1.3239 1.2093 0.85849 0.84636 1.0554 1.2869 0.70453 0.43488 0.86125 0.37823 0.38039 0.65467 0.58005 0.5342 0.33571 1.1167,0 0 0 0 0 0 0 0 0 0 0 0 0 0 0 0 0 0 0 0 0 0 0 0,0 0 0 0 0 0 0 0 0 0 0 0 0 0 0 0 0 0 0 0 0 0 0 0
W6P1,6,1,40.7865397590362,1.69943915662651,90.8262,0,18.0882,0,0.58397 0.67982 0.79433 0.76005 0.72143 0.67473 1.6138 2.3544 3 3 3 3 3 3 3 3 2.6159 2.1389 1.4254 0.54103 0.35942 0.48823 0.44299 0.59218,0 0 0 0 0 0 0 0 1.2822 7.328 12.8998 15.7 18.0882 17.8982 12.782 4.8478 0 0 0 0 0 0 0 0,0 0 0 0 0 0 0 0 0 0 0 0 0 0 0 0 0 0 0 0 0 0 0 0
W6P2,6,2,28.6612048192771,1.19421686746988,8.88178419700125e-16,0,8.88178419700125e-16,0,0.58397 0.67982 0.79433 0.76005 0.72143 0.67473 0.59594 0.73517 1.1958 1.4941 1.9431 2.4231 2.8271 2.9059 2.4435 1.9625 1.598 1.0748 0.82395 0.54103 0.35942 0.48823 0.44299 0.59218,0 0 0 0 0 0 0 0 0 0 0 0 0 0 0 0 0 0 0 0 0 0 0 0,0 0 0 0 0 0 0 0 0 0 0 0 0 0 0 0 0 0 0 0 0 0 0 0
W6P3,6,3,16.6785542168675,0.694939759036144,1.77635683940025e-15,0,8.88178419700125e-16,0,0.58397 0.67982 0.79433 0.76005 0.72143 0.67473 0.59594 0.59637 0.64064 0.56877 0.69396 0.98892 1.2541 1.2404 0.96304 0.62081 0.58019 0.61216 0.68516 0.54103 0.35942 0.48823 0.44299 0.59218,0 0 0 0 0 0 0 0 0 0 0 0 0 0 0 0 0 0 0 0 0 0 0 0,0 0 0 0 0 0 0 0 0 0 0 0 0 0 0 0 0 0 0 0 0 0 0 0
W6P4,6,4,12.0057831325301,0.500240963855422,8.88178419700125e-16,0,8.88178419700125e-16,0,0.58397 0.67982 0.79433 0.76005 0.72143 0.67473 0.59594 0.50384 0.40932 0.19865 0.13878 0.24868 0.60638 0.7777 0.50039 0.20442 0.21007 0.38083 0.59263 0.54103 0.35942 0.48823 0.44299 0.59218,0 0 0 0 0 0 0 0 0 0 0 0 0 0 0 0 0 0 0 0 0 0 0 0,0 0 0 0 0 0 0 0 0 0 0 0 0 0 0 0 0 0 0 0 0 0 0 0
