mode,scenario,target_tpd,total_cost_yuan,ton_cost_yuan_per_t,E_load_MWh,E_RE_MWh,E_buy_MWh,E_sell_MWh,E_curtail_MWh,E_self_supply_MWh,E_self_use_MWh,balance_gap_MWh,self_use_gen_ratio,green_load_ratio,sell_ratio,is_all_qualified,statement_self_use_ratio,statement_green_load_ratio,statement_sell_ratio,class_metering
discrete,W1P1,72,390965.99163287674,5430.083217123288,1056.7199999999998,761.7639999999999,430.28,135.324,0.0,626.4399999999998,626.4399999999998,0.0,0.8223544299809389,0.5928155045802104,0.17764557001906106,True,0.6447088599618778,0.5928155045802104,0.17764557001906106,全满足
discrete,W1P1,63,284907.40353287675,4522.339738617091,932.22,761.7639999999999,326.6262,156.1702,0.0,605.5938000000001,605.5937999999999,2.2737367544323206e-13,0.7949887366690995,0.649625410310871,0.20501126333090042,False,0.5899774733381994,0.6496254103108706,0.20501126333090042,部分满足
discrete,W1P1,54,201838.21053287672,3737.744639497717,807.7199999999999,761.7639999999999,235.0722,189.11620000000002,0.0,572.6478,572.6477999999998,1.1368683772161603e-13,0.7517391213026605,0.7089682068043381,0.2482608786973394,False,0.5034782426053213,0.708968206804338,0.2482608786973394,部分满足
discrete,W1P1,45,139353.33153287673,3096.740700730594,683.22,761.7639999999999,233.2102,311.7542,0.0,450.00980000000004,450.00979999999987,1.7053025658242404e-13,0.5907470030088058,0.6586601680278681,0.4092529969911942,False,0.1814940060176118,0.6586601680278679,0.4092529969911942,部分满足
discrete,W1P1,36,77295.78153287672,2147.105042579909,558.72,761.7639999999999,233.2102,436.2542000000001,0.0,325.50980000000004,325.5097999999998,2.2737367544323206e-13,0.4273105581256135,0.582599155211913,0.5726894418743865,False,-0.14537888374877267,0.5825991552119126,0.5726894418743865,部分满足
discrete,W1P2,72,489792.26853287674,6802.670396289955,1056.7199999999998,503.204,560.9662000000001,7.450200000000002,0.0,495.7537999999997,495.7538,-2.8421709430404007e-13,0.9851944738118139,0.4691439548792488,0.014805526188186108,True,0.9703889476236273,0.4691439548792491,0.014805526188186108,全满足
discrete,W1P2,63,380201.8404328767,6034.9498481409,932.22,503.204,448.9924,19.9764,0.0,483.22760000000005,483.2276,5.684341886080802e-14,0.9603015874277628,0.518362189182811,0.03969841257223711,True,0.9206031748555259,0.5183621891828109,0.03969841257223711,全满足
discrete,W1P2,54,293754.4074328767,5439.896433942161,807.7199999999999,503.204,342.71840000000003,38.2024,0.0,465.0015999999999,465.0016,-1.1368683772161603e-13,0.9240816845653055,0.5756965284999751,0.07591831543469447,True,0.8481633691306107,0.5756965284999753,0.07591831543469447,全满足
discrete,W1P2,45,219799.55253287673,4884.434500730594,683.22,503.204,298.31819999999993,118.3022,0.0,384.9018000000001,384.9018,1.1368683772161603e-13,0.7649021072964444,0.5633643628699395,0.2350978927035556,False,0.529804214592889,0.5633643628699394,0.2350978927035556,部分满足
discrete,W1P2,36,148269.94053287667,4118.609459246574,558.72,503.204,262.5022,206.98620000000003,0.0,296.2178,296.2178,0.0,0.588663444646704,0.5301721792668957,0.4113365553532961,False,0.17732688929340776,0.5301721792668957,0.4113365553532961,部分满足
discrete,W1P3,72,587763.4826328767,8163.381703234399,1056.7199999999998,337.44399999999996,719.2760000000001,0.0,0.0,337.44399999999973,337.44399999999996,-2.2737367544323206e-13,1.0,0.31933151639033974,0.0,True,0.9999999999999993,0.31933151639033996,0.0,全满足
discrete,W1P3,63,477358.01453287667,7577.111341791693,932.22,337.44399999999996,605.3822,10.606200000000015,0.0,326.8378,326.83779999999996,5.684341886080802e-14,0.9685690070056069,0.35060157473557746,0.03143099299439319,True,0.9371380140112137,0.3506015747355774,0.03143099299439319,全满足
discrete,W1P3,54,381730.07063287665,7069.075382090308,807.72,337.44399999999996,526.3,56.024,0.0,281.4200000000001,281.41999999999996,1.1368683772161603e-13,0.8339754151800002,0.34841281632248805,0.1660245848199998,True,0.6679508303600008,0.34841281632248794,0.1660245848199998,全满足
discrete,W1P3,45,292467.59063287673,6499.279791841705,683.22,337.44399999999996,426.5580000000001,80.78200000000001,0.0,256.6619999999999,256.6619999999999,0.0,0.7606062042887115,0.3756652322824272,0.23939379571128847,False,0.5212124085774229,0.3756652322824272,0.23939379571128847,部分满足
discrete,W1P3,36,208856.8154328767,5801.578206468797,558.72,337.44399999999996,345.89040000000006,124.61439999999999,0.0,212.82959999999997,212.82959999999997,0.0,0.6307108735079006,0.3809235395189003,0.36928912649209944,False,0.2614217470158011,0.3809235395189003,0.36928912649209944,部分满足
discrete,W1P4,72,627256.2186328768,8711.89192545662,1056.7199999999998,272.804,783.9159999999999,0.0,0.0,272.80399999999986,272.804,-1.1368683772161603e-13,1.0,0.2581611022787493,0.0,False,0.9999999999999996,0.2581611022787494,0.0,部分满足
discrete,W1P4,63,516307.3905328767,8195.355405283757,932.22,272.804,668.7422000000001,9.3262,0.0,263.4777999999999,263.4778,-1.1368683772161603e-13,0.9658135511209514,0.28263478578018053,0.034186448879048696,False,0.9316271022419024,0.28263478578018064,0.034186448879048696,部分满足
discrete,W1P4,54,410355.60663287673,7599.177900608828,807.72,272.804,565.34,30.424,0.0,242.38,242.37999999999997,2.842170943040401e-14,0.8884767085526605,0.30007923537859654,0.1115232914473395,True,0.7769534171053212,0.3000792353785965,0.1115232914473395,全满足
discrete,W1P4,45,316717.24653287674,7038.161034063927,683.22,272.804,472.82820000000004,62.4122,0.0,210.3918,210.3918,0.0,0.7712196302107007,0.3079415122508123,0.2287803697892993,False,0.5424392604214016,0.3079415122508123,0.2287803697892993,部分满足
discrete,W1P4,36,229052.59143287668,6362.571984246574,558.72,272.804,361.2504,75.33439999999999,0.0,197.4696,197.46959999999999,2.842170943040401e-14,0.7238515564287914,0.3534321305841924,0.2761484435712086,False,0.44770311285758296,0.35343213058419237,0.2761484435712086,部分满足
discrete,W2P1,72,420187.3116328767,5835.934883789954,1056.7199999999998,658.904,487.428,89.61199999999998,0.0,569.2919999999998,569.292,-2.2737367544323206e-13,0.8639983973386108,0.5387349534408357,0.1360016026613892,True,0.7279967946772213,0.5387349534408359,0.1360016026613892,全满足
discrete,W2P1,63,312845.03553287673,4965.794214807567,932.22,658.904,380.75020000000006,107.43419999999998,0.0,551.4698,551.4698000000001,-1.1368683772161603e-13,0.8369501475176961,0.5915661539121666,0.16304985248230391,True,0.6739002950353922,0.5915661539121667,0.16304985248230391,全满足
discrete,W2P1,54,228721.5654328767,4235.584545053272,807.7199999999999,658.904,284.6023999999999,135.7864,0.0,523.1176,523.1176,0.0,0.7939208139577238,0.647647204476799,0.20607918604227624,False,0.5878416279154476,0.647647204476799,0.20607918604227624,部分满足
discrete,W2P1,45,161765.10843287667,3594.7801873972594,683.22,658.904,263.25639999999987,238.94039999999998,0.0,419.96360000000016,419.96360000000004,1.1368683772161603e-13,0.6373669001857631,0.6146828254442203,0.36263309981423697,False,0.27473380037152634,0.61468282544422,0.36263309981423697,部分满足
discrete,W2P1,36,99707.55843287663,2769.6544009132394,558.72,658.904,263.2563999999997,363.4404,0.0,295.4636000000003,295.4636,3.410605131648481e-13,0.4484167648094411,0.5288223081328757,0.5515832351905589,False,-0.10316647038111726,0.5288223081328751,0.5515832351905589,部分满足
discrete,W2P2,72,530334.7026328767,7365.7597587899545,1056.7199999999998,400.34400000000005,656.376,0.0,0.0,400.3439999999998,400.34400000000005,-2.2737367544323206e-13,1.0,0.37885532591414933,0.0,True,0.9999999999999994,0.37885532591414955,0.0,全满足
discrete,W2P2,63,419460.58653287677,6658.104548140901,932.22,400.34400000000005,541.3782,9.5022,0.0,390.84180000000003,390.84180000000003,0.0,0.976264912175529,0.419259187745382,0.023735087824470952,True,0.952529824351058,0.419259187745382,0.023735087824470952,全满足
discrete,W2P2,54,330674.0436328767,6123.593400608828,807.72,400.34400000000005,424.91200000000003,17.536,0.0,382.808,382.80800000000005,-5.684341886080802e-14,0.9561976700037967,0.4739365126528995,0.04380232999620326,True,0.9123953400075931,0.47393651265289954,0.04380232999620326,全满足
discrete,W2P2,45,248728.39953287673,5527.297767397261,683.22,400.34400000000005,351.27419999999995,68.3982,0.0,331.9458000000001,331.9458000000001,0.0,0.8291514297703976,0.4858549222797928,0.17084857022960254,True,0.658302859540795,0.4858549222797928,0.17084857022960254,全满足
discrete,W2P2,36,172647.34053287667,4795.759459246574,558.72,400.34400000000005,298.45219999999995,140.07620000000003,0.0,260.2678000000001,260.2678,5.684341886080802e-14,0.6501104050516555,0.46582867983963355,0.34988959494834443,False,0.30022081010331125,0.46582867983963344,0.34988959494834443,部分满足
discrete,W2P3,72,631468.5266328767,8770.396203234399,1056.7199999999998,234.584,822.136,0.0,0.0,234.58399999999983,234.584,-1.7053025658242404e-13,1.0,0.22199258081611012,0.0,False,0.9999999999999992,0.22199258081611029,0.0,部分满足
discrete,W2P3,63,519779.37053287675,8250.466198934551,932.22,234.584,705.2182,7.5822,0.0,227.0018,227.0018,0.0,0.9676781025133854,0.24350668297183067,0.032321897486614605,False,0.9353562050267705,0.24350668297183067,0.032321897486614605,部分满足
discrete,W2P3,54,420066.9725328768,7779.018009868089,807.72,234.584,616.5142000000001,43.3782,0.0,191.20579999999995,191.2058,-5.684341886080802e-14,0.8150845752480987,0.23672287426335853,0.18491542475190123,False,0.6301691504961974,0.23672287426335858,0.18491542475190123,部分满足
discrete,W2P3,45,327868.1414328767,7285.9586985083715,683.22,234.584,526.4464,77.8104,0.0,156.7736,156.7736,0.0,0.6683047437165365,0.22946283773894205,0.33169525628346347,False,0.3366094874330731,0.22946283773894205,0.33169525628346347,部分满足
discrete,W2P3,36,239544.7754328767,6654.02153980213,558.72,234.584,411.99839999999995,87.86240000000002,0.0,146.72160000000008,146.72159999999997,1.1368683772161603e-13,0.6254544214439176,0.2626030927835053,0.37454557855608234,False,0.25090884288783566,0.2626030927835051,0.37454557855608234,部分满足
discrete,W2P4,72,670961.2626328768,9318.906425456622,1056.7199999999998,169.94400000000002,886.776,0.0,0.0,169.94399999999985,169.94400000000002,-1.7053025658242404e-13,1.0,0.16082216670451954,0.0,False,0.999999999999999,0.16082216670451968,0.0,部分满足
discrete,W2P4,63,557477.9997328767,8848.85713861709,932.22,169.94400000000002,765.6318,3.3558,0.0,166.58820000000003,166.58820000000003,0.0,0.9802534952690298,0.17870052133616532,0.0197465047309702,False,0.9605069905380594,0.17870052133616532,0.0197465047309702,部分满足
discrete,W2P4,54,447605.78853287676,8288.996083942162,807.72,169.94400000000002,652.9942,15.2182,0.0,154.72580000000005,154.72580000000002,2.842170943040401e-14,0.9104516781998776,0.19155870846332892,0.08954832180012239,False,0.8209033563997553,0.1915587084633289,0.08954832180012239,部分满足
discrete,W2P4,45,349973.3574328767,7777.185720730594,683.22,169.94400000000002,550.1264,36.8504,0.0,133.09360000000004,133.0936,2.842170943040401e-14,0.7831615120274914,0.19480343081291537,0.21683848797250857,False,0.5663230240549828,0.19480343081291532,0.21683848797250857,部分满足
discrete,W2P4,36,259793.38233287673,7216.48284257991,558.72,169.94400000000002,427.5886,38.812599999999996,0.0,131.13140000000004,131.1314,2.842170943040401e-14,0.7716153556465659,0.23469967067583053,0.22838464435343403,False,0.5432307112931322,0.23469967067583047,0.22838464435343403,部分满足
discrete,W3P1,72,380328.03313287674,5282.333793512177,1056.7199999999998,780.8399999999999,402.2482,126.36819999999997,0.0,654.4717999999998,654.4717999999999,-1.1368683772161603e-13,0.8381637723477281,0.6193426830191535,0.1618362276522719,True,0.676327544695456,0.6193426830191536,0.1618362276522719,全满足
discrete,W3P1,63,279660.59503287676,4439.057064013917,932.22,780.8399999999999,311.2944,159.9144,0.0,620.9256,620.9255999999999,1.1368683772161603e-13,0.7952020900568618,0.6660719572633069,0.20479790994313818,False,0.5904041801137238,0.6660719572633068,0.20479790994313818,部分满足
discrete,W3P1,54,198908.43403287674,3683.489519127347,807.7199999999999,780.8399999999999,229.83640000000003,202.95640000000003,0.0,577.8835999999999,577.8835999999999,0.0,0.7400794016699963,0.7154504036052096,0.25992059833000364,False,0.48015880333999267,0.7154504036052096,0.25992059833000364,部分满足
discrete,W3P1,45,135356.7931328767,3007.9287362861487,683.22,780.8399999999999,223.32620000000003,320.94620000000003,0.0,459.8938,459.8937999999999,1.1368683772161603e-13,0.5889731571128527,0.6731269576417552,0.41102684288714725,False,0.17794631422570562,0.673126957641755,0.41102684288714725,部分满足
discrete,W3P1,36,73299.2431328767,2036.0900870243527,558.72,780.8399999999999,223.32620000000003,445.44620000000003,0.0,335.3938,335.3937999999999,1.1368683772161603e-13,0.42952948107166633,0.6002895904925544,0.5704705189283337,False,-0.14094103785666723,0.6002895904925541,0.5704705189283337,部分满足
discrete,W3P2,72,479823.91303287674,6664.22101434551,1056.7199999999998,522.28,538.1664,3.7264000000000053,0.0,518.5535999999998,518.5536,-1.1368683772161603e-13,0.9928651298154246,0.49071996366114007,0.007134870184575334,True,0.985730259630849,0.4907199636611402,0.007134870184575334,全满足
discrete,W3P2,63,375624.63493287674,5962.295792585345,932.22,522.28,438.8926,28.95260000000001,0.0,493.3274,493.32739999999995,5.684341886080802e-14,0.9445649842996093,0.5291963270472635,0.05543501570039062,True,0.889129968599219,0.5291963270472635,0.05543501570039062,全满足
discrete,W3P2,54,290067.1111328767,5371.613169127347,807.72,522.28,336.49620000000004,51.05620000000001,0.0,471.2238,471.2238,0.0,0.902243624109673,0.583399940573466,0.09775637589032705,True,0.8044872482193459,0.583399940573466,0.09775637589032705,全满足
discrete,W3P2,45,212279.70103287674,4717.326689619483,683.22,522.28,278.0304,117.09040000000002,0.0,405.18960000000004,405.1895999999999,1.1368683772161603e-13,0.7758091445201807,0.5930587512075174,0.2241908554798193,False,0.5516182890403615,0.5930587512075172,0.2241908554798193,部分满足
discrete,W3P2,36,141740.4160328767,3937.2337786910193,558.72,522.28,245.10040000000004,208.6604,0.0,313.6196,313.6196,0.0,0.6004817339358198,0.5613180126002291,0.39951826606418017,False,0.20096346787163977,0.5613180126002291,0.39951826606418017,部分满足
discrete,W3P3,72,579375.8802328767,8046.887225456621,1056.7199999999998,356.52000000000004,700.1999999999999,0.0,0.0,356.51999999999987,356.52000000000004,-1.7053025658242404e-13,1.0,0.33738360208948437,0.0,True,0.9999999999999996,0.33738360208948454,0.0,全满足
discrete,W3P3,63,474361.5621328768,7529.548605283759,932.22,356.52000000000004,599.0062,23.306200000000004,0.0,333.2138,333.21380000000005,-5.684341886080802e-14,0.9346286323347919,0.3574411619574778,0.06537136766520812,True,0.8692572646695836,0.3574411619574779,0.06537136766520812,全满足
discrete,W3P3,54,379735.4382328767,7032.137745053273,807.72,356.52000000000004,522.2840000000001,71.084,0.0,285.4359999999999,285.43600000000004,-1.1368683772161603e-13,0.8006170761808594,0.35338483632942097,0.19938292381914058,True,0.6012341523617184,0.35338483632942114,0.19938292381914058,全满足
discrete,W3P3,45,291614.82423287665,6480.329427397259,683.22,356.52000000000004,427.13,100.43,0.0,256.09000000000003,256.09000000000003,0.0,0.7183047234376753,0.3748280202570183,0.2816952765623247,False,0.43660944687535047,0.3748280202570183,0.2816952765623247,部分满足
discrete,W3P3,36,206992.2861328767,5749.785725913242,558.72,356.52000000000004,345.2962,143.09620000000004,0.0,213.42380000000003,213.4238,2.842170943040401e-14,0.5986306518568383,0.3819870418098511,0.4013693481431617,False,0.19726130371367653,0.38198704180985105,0.4013693481431617,部分满足
discrete,W3P4,72,618868.6162328768,8595.397447678844,1056.7199999999998,291.88,764.8399999999999,0.0,0.0,291.8799999999999,291.88,-1.1368683772161603e-13,1.0,0.2762131879778938,0.0,False,0.9999999999999996,0.2762131879778939,0.0,部分满足
discrete,W3P4,63,511063.46533287666,8112.118497347248,932.22,291.88,657.0717999999999,16.7318,0.0,275.1482000000001,275.1482,1.1368683772161603e-13,0.9426757571604768,0.2951537190791874,0.057324242839523094,False,0.885351514320954,0.2951537190791873,0.057324242839523094,部分满足
discrete,W3P4,54,407842.32013287675,7552.635558016236,807.72,291.88,560.1022,44.26220000000001,0.0,247.6178,247.6178,0.0,0.84835480334384,0.30656390828504926,0.15164519665616008,True,0.6967096066876798,0.30656390828504926,0.15164519665616008,全满足
discrete,W3P4,45,313883.8141328767,6975.195869619482,683.22,291.88,468.0122,76.6722,0.0,215.20780000000002,215.2078,2.842170943040401e-14,0.7373160202823078,0.314990486226984,0.2626839797176922,False,0.4746320405646158,0.31499048622698395,0.2626839797176922,部分满足
discrete,W3P4,36,227685.2050328767,6324.589028691019,558.72,291.88,362.8224,95.98240000000001,0.0,195.8976,195.89759999999998,2.842170943040401e-14,0.6711580101411538,0.3506185567010309,0.32884198985884616,False,0.3423160202823079,0.35061855670103087,0.32884198985884616,部分满足
discrete,W4P1,72,355389.29663287674,4935.962453234399,1056.7199999999998,876.924,353.50199999999995,173.706,0.0,703.2179999999998,703.218,-1.1368683772161603e-13,0.8019144190374536,0.6654724051782875,0.19808558096254636,True,0.6038288380749071,0.6654724051782877,0.19808558096254636,全满足
discrete,W4P1,63,255443.60063287665,4054.660327505979,932.22,876.924,246.83199999999997,191.536,0.0,685.388,685.3879999999999,1.1368683772161603e-13,0.7815819842996656,0.7352212996932055,0.21841801570033437,False,0.5631639685993313,0.7352212996932054,0.21841801570033437,部分满足
discrete,W4P1,54,176737.0055328767,3272.9075098680873,807.7199999999999,876.924,188.9542,258.1582,0.0,618.7657999999999,618.7657999999999,0.0,0.7056093800603016,0.766064725399891,0.29439061993969834,False,0.4112187601206033,0.766064725399891,0.29439061993969834,部分满足
discrete,W4P1,45,114679.45553287675,2548.432345175039,683.22,876.924,188.9542,382.65819999999997,0.0,494.2658,494.2658,0.0,0.5636358452956015,0.7234357893504288,0.43636415470439854,False,0.12727169059120297,0.7234357893504288,0.43636415470439854,部分满足
discrete,W4P1,36,52621.90553287673,1461.7195981354646,558.72,876.924,188.9542,507.15819999999997,0.0,369.7658,369.7658,0.0,0.4216623105309012,0.66180877720504,0.5783376894690988,False,-0.15667537893819752,0.66180877720504,0.5783376894690988,部分满足
discrete,W4P2,72,445192.66853287676,6183.231507401066,1056.7199999999998,618.364,448.09619999999995,9.740200000000009,0.0,608.6237999999998,608.6238000000001,-2.2737367544323206e-13,0.9842484361961564,0.5759555984555984,0.015751563803843703,True,0.9684968723923124,0.5759555984555986,0.015751563803843703,全满足
discrete,W4P2,63,343088.7224328767,5445.852737029789,932.22,618.364,353.75840000000005,39.902400000000014,0.0,578.4616,578.4616,0.0,0.9354710170708513,0.6205204779987556,0.06452898292914855,True,0.8709420341417028,0.6205204779987556,0.06452898292914855,全满足
discrete,W4P2,54,258908.0246328767,4794.593048756976,807.72,618.364,267.27200000000005,77.91600000000001,0.0,540.448,540.448,0.0,0.8739965457238777,0.6691031545585103,0.12600345427612217,True,0.7479930914477555,0.6691031545585103,0.12600345427612217,全满足
discrete,W4P2,45,186395.8976328767,4142.131058508371,683.2199999999999,618.364,227.14600000000002,162.29000000000002,0.0,456.0739999999999,456.074,-1.1368683772161603e-13,0.7375494045578332,0.6675360791545915,0.26245059544216676,False,0.4750988091156662,0.6675360791545916,0.26245059544216676,部分满足
discrete,W4P2,36,118804.68953287671,3300.130264802131,558.72,618.364,203.0342,262.6782,0.0,355.68580000000003,355.68580000000003,0.0,0.5752045720643505,0.6366083190148912,0.42479542793564956,False,0.15040914412870093,0.6366083190148912,0.42479542793564956,部分满足
discrete,W4P3,72,542570.0386328767,7535.694981012177,1056.7199999999998,452.60400000000004,604.116,0.0,0.0,452.6039999999998,452.60400000000004,-2.2737367544323206e-13,1.0,0.42831024301612525,0.0,True,0.9999999999999994,0.42831024301612547,0.0,全满足
discrete,W4P3,63,439038.83863287664,6968.870454490106,932.22,452.60400000000004,506.416,26.80000000000001,0.0,425.80400000000003,425.80400000000003,0.0,0.9407870898180307,0.45676342494261013,0.059212910181969246,True,0.8815741796360617,0.45676342494261013,0.059212910181969246,全满足
discrete,W4P3,54,345471.5947328767,6397.622124682902,807.72,452.60400000000004,414.7718,59.6558,0.0,392.94820000000004,392.94820000000004,0.0,0.8681942713718837,0.4864906155598475,0.1318057286281164,True,0.7363885427437672,0.4864906155598475,0.1318057286281164,全满足
discrete,W4P3,45,258378.9895328767,5741.755322952816,683.22,452.60400000000004,338.84219999999993,108.2262,0.0,344.3778000000001,344.37780000000004,5.684341886080802e-14,0.760881035077021,0.5040511109159569,0.23911896492297902,False,0.521762070154042,0.5040511109159568,0.23911896492297902,部分满足
discrete,W4P3,36,177516.4234328767,4931.011762024353,558.72,452.60400000000004,272.58639999999997,166.47039999999998,0.0,286.13360000000006,286.13360000000006,0.0,0.6321941476434146,0.5121234249713632,0.36780585235658536,False,0.2643882952868292,0.5121234249713632,0.36780585235658536,部分满足
discrete,W4P4,72,582062.7746328769,8084.205203234401,1056.7199999999998,387.964,668.7560000000001,0.0,0.0,387.9639999999997,387.964,-2.8421709430404007e-13,1.0,0.36713982890453456,0.0,True,0.9999999999999992,0.36713982890453484,0.0,全满足
discrete,W4P4,63,474310.26173287677,7528.734313220266,932.22,387.964,561.1118000000001,16.8558,0.0,371.1081999999999,371.1082,-1.1368683772161603e-13,0.9565531853470941,0.39809079401857916,0.04344681465290594,True,0.9131063706941878,0.39809079401857933,0.04344681465290594,全满足
discrete,W4P4,54,373279.5365328768,6912.584009868088,807.72,387.964,469.30219999999997,49.5462,0.0,338.41780000000006,338.4178,5.684341886080802e-14,0.8722917590291883,0.41897910166889524,0.1277082409708117,True,0.7445835180583767,0.4189791016688951,0.1277082409708117,全满足
discrete,W4P4,45,281119.1705328767,6247.092678508371,683.22,387.964,380.97220000000004,85.7162,0.0,302.2478,302.2478,0.0,0.7790614593106576,0.4423872251983255,0.22093854068934232,False,0.5581229186213155,0.4423872251983255,0.22093854068934232,部分满足
discrete,W4P4,36,197712.1994328767,5492.00553980213,558.72,387.964,287.9464,117.1904,0.0,270.77360000000004,270.7736,5.684341886080802e-14,0.6979348599354579,0.4846320160366553,0.30206514006454205,False,0.39586971987091596,0.4846320160366552,0.30206514006454205,部分满足
discrete,W5P1,72,372829.90313287673,5178.193099067732,1056.7199999999998,819.4200000000001,395.9442,158.64419999999998,0.0,660.7757999999998,660.7758000000001,-3.410605131648481e-13,0.8063945229552612,0.6253083125141947,0.19360547704473893,True,0.6127890459105219,0.625308312514195,0.19360547704473893,全满足
discrete,W5P1,63,272296.6070328767,4322.168365601217,932.22,819.4200000000001,305.30640000000005,192.50639999999999,0.0,626.9136,626.9136000000001,-1.1368683772161603e-13,0.765069927509702,0.6724953337195082,0.234930072490298,False,0.5301398550194039,0.6724953337195083,0.234930072490298,部分满足
discrete,W5P1,54,191210.2940328767,3540.931370979198,807.7199999999999,819.4200000000001,222.3924,234.09239999999997,0.0,585.3275999999998,585.3276000000001,-2.2737367544323206e-13,0.7143193966464084,0.72466646857822,0.2856806033535915,False,0.42863879329281673,0.7246664685782204,0.2856806033535915,部分满足
discrete,W5P1,45,126939.85913287674,2820.885758508372,683.22,819.4200000000001,212.7502,348.9502,0.0,470.4698,470.4698000000001,-5.684341886080802e-14,0.5741497644675503,0.6886065981675009,0.4258502355324497,False,0.14829952893510046,0.688606598167501,0.4258502355324497,部分满足
discrete,W5P1,36,64882.30913287672,1802.2863648021312,558.72,819.4200000000001,212.7502,473.4502,0.0,345.9698,345.9698000000001,-5.684341886080802e-14,0.42221302872763666,0.6192185710194731,0.5777869712723633,False,-0.1555739425447267,0.6192185710194732,0.5777869712723633,部分满足
discrete,W5P2,72,464455.0190328767,6450.764153234399,1056.7199999999998,560.8599999999999,505.7104,9.850400000000008,0.0,551.0095999999999,551.0095999999999,0.0,0.9824369717933173,0.5214338708456355,0.01756302820668261,True,0.9648739435866347,0.5214338708456355,0.01756302820668261,全满足
discrete,W5P2,63,360389.8829328767,5720.474332267884,932.22,560.8599999999999,406.75260000000003,35.39260000000006,0.0,525.4674,525.4673999999999,1.1368683772161603e-13,0.9368958385336804,0.5636731672781103,0.0631041614663197,True,0.8737916770673609,0.5636731672781102,0.0631041614663197,全满足
discrete,W5P2,54,274691.90513287665,5086.887132090308,807.72,560.8599999999999,303.7442,56.88420000000006,0.0,503.97580000000005,503.9757999999998,2.2737367544323206e-13,0.8985768284420352,0.6239486455702472,0.10142317155796467,True,0.797153656884071,0.6239486455702469,0.10142317155796467,全满足
discrete,W5P2,45,201127.7300328767,4469.505111841704,683.22,560.8599999999999,253.6064,131.2464,0.0,429.6136,429.6135999999999,1.1368683772161603e-13,0.765990799843098,0.6288071192295308,0.23400920015690194,False,0.5319815996861963,0.6288071192295306,0.23400920015690194,部分满足
discrete,W5P2,36,132637.62713287672,3684.3785314687975,558.72,560.8599999999999,233.68220000000002,235.8222,0.0,325.0378,325.0377999999999,1.1368683772161603e-13,0.5795346432264735,0.5817543671248568,0.4204653567735265,False,0.15906928645294727,0.5817543671248566,0.4204653567735265,部分满足
discrete,W5P3,72,561407.3482328767,7797.324281012177,1056.7199999999998,395.1,661.6200000000001,0.0,0.0,395.0999999999997,395.1,-3.410605131648481e-13,1.0,0.37389280036338834,0.0,True,0.9999999999999991,0.3738928003633887,0.0,全满足
discrete,W5P3,63,456527.1721328767,7246.463049728201,932.22,395.1,560.7421999999999,23.62220000000002,0.0,371.4778000000001,371.4778,1.1368683772161603e-13,0.9402120982029866,0.39848726695415254,0.05978790179701347,True,0.8804241964059734,0.39848726695415243,0.05978790179701347,全满足
discrete,W5P3,54,365933.0842328768,6776.538596905126,807.72,395.1,476.588,63.96800000000001,0.0,331.132,331.132,0.0,0.8380966843837003,0.409958896647353,0.1619033156162997,True,0.6761933687674008,0.409958896647353,0.1619033156162997,全满足
discrete,W5P3,45,279953.09443287674,6221.17987628615,683.22,395.1,388.96360000000004,100.8436,0.0,294.2564,294.25640000000004,-5.684341886080802e-14,0.7447643634522906,0.43069055355522373,0.2552356365477094,False,0.48952872690458094,0.43069055355522384,0.2552356365477094,部分满足
discrete,W5P3,36,195348.1231328767,5426.336753691019,558.7199999999999,395.1,320.6582000000001,157.03820000000002,0.0,238.06179999999983,238.0618,-1.7053025658242404e-13,0.6025355606175652,0.42608426403207306,0.39746443938243486,False,0.20507112123512988,0.4260842640320734,0.39746443938243486,部分满足
discrete,W5P4,72,600900.0842328767,8345.834503234399,1056.7199999999998,330.4599999999999,726.26,0.0,0.0,330.4599999999998,330.4599999999999,-1.1368683772161603e-13,1.0,0.3127223862517979,0.0,True,0.9999999999999997,0.312722386251798,0.0,全满足
discrete,W5P4,63,495476.54813287675,7864.7071132202655,932.22,330.4599999999999,624.1022,22.3422,0.0,308.1178,308.11779999999993,5.684341886080802e-14,0.9323906070326212,0.3305204779987556,0.06760939296737882,True,0.8647812140652424,0.33052047799875556,0.06760939296737882,全满足
discrete,W5P4,54,394717.2482328767,7309.578670979198,807.72,330.4599999999999,532.932,55.672000000000004,0.0,274.788,274.7879999999999,1.1368683772161603e-13,0.8315318041517883,0.3402020502154212,0.16846819584821163,True,0.6630636083035769,0.34020205021542105,0.16846819584821163,全满足
discrete,W5P4,45,302722.5650328767,6727.168111841704,683.22,330.4599999999999,445.47839999999997,92.7184,0.0,237.74160000000006,237.74159999999992,1.4210854715202004e-13,0.7194262543121709,0.34797224905594104,0.28057374568782917,False,0.4388525086243422,0.3479722490559409,0.28057374568782917,部分满足
discrete,W5P4,36,216109.8461328767,6003.051281468797,558.7199999999999,330.4599999999999,338.4842,110.2242,0.0,220.23579999999993,220.23579999999993,0.0,0.6664522181201961,0.3941791953035509,0.333547781879804,False,0.33290443624039207,0.3941791953035509,0.333547781879804,部分满足
discrete,W6P1,72,396943.3761328767,5513.102446289955,1056.7199999999998,715.76,431.7862,90.8262,0.0,624.9337999999998,624.9338,-2.2737367544323206e-13,0.8731052308036213,0.5913901506548565,0.12689476919637868,True,0.7462104616072424,0.5913901506548567,0.12689476919637868,全满足
discrete,W6P1,63,295693.52403287665,4693.5480005218515,932.22,715.76,339.46039999999994,123.00040000000001,0.0,592.7596000000001,592.7596,1.1368683772161603e-13,0.8281541298759361,0.6358580592563988,0.17184587012406397,True,0.6563082597518722,0.6358580592563987,0.17184587012406397,全满足
discrete,W6P1,54,214810.0890328767,3977.964611719939,807.7199999999999,715.76,257.4304000000002,165.47040000000024,0.0,550.2895999999997,550.2895999999997,0.0,0.7688185984128755,0.6812875749021936,0.23118140158712452,False,0.5376371968257508,0.6812875749021936,0.23118140158712452,部分满足
discrete,W6P1,45,149483.49513287668,3321.8554473972595,683.22,715.76,243.18619999999987,275.7262,0.0,440.03380000000016,440.0338,1.7053025658242404e-13,0.6147784173465967,0.6440587219343699,0.3852215826534034,False,0.22955683469319346,0.6440587219343695,0.3852215826534034,部分满足
discrete,W6P1,36,87425.94513287666,2428.4984759132403,558.72,715.76,243.18619999999987,400.22620000000006,0.0,315.53380000000016,315.5337999999999,2.2737367544323206e-13,0.4408374315412987,0.5647440578465065,0.5591625684587014,False,-0.11832513691740235,0.5647440578465062,0.5591625684587014,部分满足
discrete,W6P2,72,506640.5082328767,7036.6737254566215,1056.7199999999998,457.20000000000005,599.52,0.0,0.0,457.1999999999998,457.20000000000005,-2.2737367544323206e-13,1.0,0.432659550306609,0.0,True,0.9999999999999996,0.43265955030660924,0.0,全满足
discrete,W6P2,63,401858.81613287673,6378.71136718852,932.22,457.20000000000005,498.87420000000003,23.854200000000002,0.0,433.3458,433.34580000000005,-5.684341886080802e-14,0.9478254593175853,0.464853575336294,0.0521745406824147,True,0.8956509186351705,0.46485357533629407,0.0521745406824147,全满足
discrete,W6P2,54,316518.85833287676,5861.4603394977175,807.72,457.20000000000005,397.42580000000004,46.9058,0.0,410.2942,410.29420000000005,-5.684341886080802e-14,0.8974063867016623,0.5079658792650918,0.1025936132983377,True,0.7948127734033245,0.507965879265092,0.1025936132983377,全满足
discrete,W6P2,45,236415.2202328767,5253.671560730593,683.22,457.20000000000005,331.216,105.19600000000004,0.0,352.004,352.004,0.0,0.769912510936133,0.5152132548812974,0.23008748906386708,False,0.5398250218722659,0.5152132548812974,0.23008748906386708,部分满足
discrete,W6P2,36,161738.2932328767,4492.7303675799085,558.72,457.20000000000005,283.01,181.49000000000007,0.0,275.71000000000004,275.71,5.684341886080802e-14,0.6030402449693787,0.4934672107674685,0.39695975503062125,False,0.20608048993875758,0.4934672107674684,0.39695975503062125,部分满足
discrete,W6P3,72,607774.3322328768,8441.310169901066,1056.7199999999998,291.44,765.28,0.0,0.0,291.4399999999998,291.44,-1.7053025658242404e-13,1.0,0.2757968052085698,0.0,False,0.9999999999999994,0.27579680520857,0.0,部分满足
discrete,W6P3,63,502177.6001328768,7971.073017982171,932.22,291.44,662.7141999999999,21.93420000000001,0.0,269.50580000000014,269.50579999999997,1.7053025658242404e-13,0.9247385396651111,0.2891010705627428,0.07526146033488887,False,0.8494770793302227,0.28910107056274265,0.07526146033488887,部分满足
discrete,W6P3,54,402807.26423287665,7459.393782090308,807.72,291.44,574.816,58.53600000000002,0.0,232.904,232.90399999999997,2.842170943040401e-14,0.7991490529783145,0.2883474471351458,0.20085094702168552,False,0.5982981059566289,0.2883474471351458,0.20085094702168552,部分满足
discrete,W6P3,45,312046.3070328767,6934.362378508371,683.22,291.44,490.9504,99.1704,0.0,192.26960000000003,192.2696,2.842170943040401e-14,0.6597227559703541,0.2814168203506923,0.3402772440296459,False,0.3194455119407084,0.2814168203506923,0.3402772440296459,部分满足
discrete,W6P3,36,226613.6771328767,6294.824364802131,558.72,291.44,389.0982,121.81819999999999,0.0,169.6218,169.6218,0.0,0.5820127642053253,0.3035899914089347,0.41798723579467467,False,0.16402552841065063,0.3035899914089347,0.41798723579467467,部分满足
discrete,W6P4,72,647267.0682328767,8989.820392123287,1056.7199999999998,226.8,829.9200000000001,0.0,0.0,226.79999999999973,226.8,-2.8421709430404007e-13,1.0,0.21462639109697912,0.0,False,0.9999999999999988,0.2146263910969794,0.0,部分满足
discrete,W6P4,63,536745.1173328767,8519.763767188519,932.22,226.8,715.7518,10.331800000000001,0.0,216.46820000000002,216.46820000000002,0.0,0.9544453262786596,0.232207204307996,0.045554673721340394,False,0.908890652557319,0.232207204307996,0.045554673721340394,部分满足
discrete,W6P4,54,431432.80023287673,7989.496300608828,807.72,226.8,613.856,32.93600000000001,0.0,193.86400000000003,193.864,2.842170943040401e-14,0.854779541446208,0.24001386619125442,0.1452204585537919,False,0.7095590828924162,0.2400138661912544,0.1452204585537919,部分满足
discrete,W6P4,45,333375.8130328767,7408.351400730593,683.22,226.8,511.2504,54.8304,0.0,171.9696,171.9696,0.0,0.7582433862433863,0.251704575392992,0.24175661375661373,False,0.5164867724867723,0.251704575392992,0.24175661375661373,部分满足
discrete,W6P4,36,245270.47203287669,6813.068667579908,558.72,226.8,397.75239999999997,65.8324,0.0,160.96760000000006,160.9676,5.684341886080802e-14,0.7097336860670194,0.28810065864833917,0.29026631393298064,False,0.419467372134039,0.28810065864833906,0.29026631393298064,部分满足
continuous,W1P1,72,390965.99163287674,5430.083217123288,1056.7199999999998,761.7639999999999,430.28,135.324,0.0,626.4399999999998,626.4399999999998,0.0,0.8223544299809389,0.5928155045802104,0.17764557001906106,True,0.6447088599618778,0.5928155045802104,0.17764557001906106,全满足
continuous,W1P1,63,280661.50563287677,4454.944533855187,932.22,761.7639999999999,307.672,137.216,0.0,624.548,624.5479999999999,1.1368683772161603e-13,0.8198707211157261,0.6699577352985346,0.1801292788842739,True,0.6397414422314524,0.6699577352985345,0.1801292788842739,全满足
continuous,W1P1,54,201410.88153287672,3729.8311394977172,807.72,761.7639999999999,233.2101999999999,187.2541999999999,0.0,574.5098000000002,574.5098,1.1368683772161603e-13,0.7541834478919982,0.7112734611003815,0.24581655210800188,False,0.5083668957839965,0.7112734611003814,0.24581655210800188,部分满足
continuous,W1P1,45,139353.33153287676,3096.7407007305947,683.2200000000001,761.7639999999999,233.2101999999999,311.75419999999974,0.0,450.00980000000027,450.00980000000015,1.1368683772161603e-13,0.5907470030088061,0.6586601680278683,0.40925299699119383,False,0.18149400601761242,0.6586601680278681,0.40925299699119383,部分满足
continuous,W1P1,36,77295.78153287675,2147.1050425799094,558.72,761.7639999999999,233.2101999999999,436.25419999999986,0.0,325.50980000000015,325.50980000000004,1.1368683772161603e-13,0.4273105581256138,0.5825991552119132,0.5726894418743862,False,-0.14537888374877225,0.582599155211913,0.5726894418743862,部分满足
continuous,W1P2,72,489792.26853287674,6802.670396289955,1056.7199999999998,503.204,560.9662000000001,7.450200000000002,0.0,495.7537999999997,495.7538,-2.8421709430404007e-13,0.9851944738118139,0.4691439548792488,0.014805526188186108,True,0.9703889476236273,0.4691439548792491,0.014805526188186108,全满足
continuous,W1P2,63,374884.46853287687,5950.5471195694745,932.22,503.204,436.4662000000001,7.450200000000002,0.0,495.75379999999996,495.7538,-5.684341886080802e-14,0.9851944738118139,0.5317991461243053,0.014805526188186108,True,0.9703889476236277,0.5317991461243055,0.014805526188186108,全满足
continuous,W1P2,54,282975.11253287684,5240.279861719941,807.7200000000003,503.204,313.8582000000001,9.342199999999982,0.0,493.86180000000013,493.8618,1.1368683772161603e-13,0.9814345672927879,0.6114269796464121,0.01856543270721215,True,0.962869134585576,0.6114269796464119,0.01856543270721215,全满足
continuous,W1P2,45,205536.11553287663,4567.469234063925,683.22,503.204,247.2901999999999,67.27420000000012,0.0,435.9298000000001,435.9297999999999,2.2737367544323206e-13,0.866308296436435,0.6380518720177982,0.1336917035635649,True,0.7326165928728707,0.6380518720177979,0.1336917035635649,全满足
continuous,W1P2,36,143478.56553287673,3985.515709246576,558.72,503.204,247.2901999999999,191.77419999999984,0.0,311.4298000000001,311.42980000000017,-5.684341886080802e-14,0.6188937289846665,0.5573986970217643,0.3811062710153334,False,0.23778745796933307,0.5573986970217643,0.3811062710153334,部分满足
continuous,W1P3,72,587763.4826328767,8163.381703234399,1056.7199999999998,337.44399999999996,719.2760000000001,0.0,0.0,337.44399999999973,337.44399999999996,-2.2737367544323206e-13,1.0,0.31933151639033974,0.0,True,0.9999999999999993,0.31933151639033996,0.0,全满足
continuous,W1P3,63,472855.6826328768,7505.64575607741,932.22,337.44399999999996,594.776,0.0,0.0,337.4440000000001,337.44399999999996,1.1368683772161603e-13,1.0,0.36197893201175696,0.0,True,1.0000000000000004,0.36197893201175685,0.0,全满足
continuous,W1P3,54,362056.71563287673,6704.753993201421,807.7200000000001,337.44399999999996,472.168,1.8919999999999801,0.0,335.55200000000013,335.55199999999996,1.7053025658242404e-13,0.9943931437512595,0.41543108998167694,0.005606856248740474,True,0.9887862875025196,0.4154310899816767,0.005606856248740474,全满足
continuous,W1P3,45,271426.41563287674,6031.6981251750385,683.22,337.44399999999996,347.668,1.8919999999999801,0.0,335.552,335.55199999999996,5.684341886080802e-14,0.9943931437512595,0.49113316354907643,0.005606856248740474,True,0.9887862875025193,0.4911331635490764,0.005606856248740474,全满足
continuous,W1P3,36,186228.06953287672,5173.001931468798,558.72,337.44399999999996,247.2901999999999,26.014199999999846,0.0,311.4298000000001,311.4298000000001,0.0,0.9229080973435597,0.5573986970217643,0.07709190265644032,True,0.8458161946871193,0.5573986970217643,0.07709190265644032,全满足
continuous,W1P4,72,627256.2186328768,8711.89192545662,1056.7199999999998,272.804,783.9159999999999,0.0,0.0,272.80399999999986,272.804,-1.1368683772161603e-13,1.0,0.2581611022787493,0.0,False,0.9999999999999996,0.2581611022787494,0.0,部分满足
continuous,W1P4,63,512348.4186328767,8132.514581474234,932.22,272.804,659.4159999999998,0.0,0.0,272.8040000000002,272.804,2.2737367544323206e-13,1.0,0.2926390766128169,0.0,False,1.0000000000000009,0.2926390766128167,0.0,部分满足
continuous,W1P4,54,397440.6186328767,7360.011456164384,807.72,272.804,534.9159999999999,0.0,0.0,272.8040000000001,272.804,1.1368683772161603e-13,1.0,0.33774575347892843,0.0,True,1.0000000000000004,0.3377457534789283,0.0,全满足
continuous,W1P4,45,302996.69163287675,6733.2598140639275,683.22,272.804,412.308,1.8919999999999892,0.0,270.91200000000003,270.912,5.684341886080802e-14,0.9930646178208531,0.3965223500483007,0.006935382179146895,True,0.9861292356417066,0.39652235004830066,0.006935382179146895,全满足
continuous,W1P4,36,212366.3916328768,5899.066434246578,558.72,272.804,287.80800000000005,1.8919999999999892,0.0,270.912,270.912,0.0,0.9930646178208531,0.4848797250859106,0.006935382179146895,True,0.9861292356417064,0.4848797250859106,0.006935382179146895,全满足
continuous,W2P1,72,420187.3116328767,5835.934883789954,1056.7199999999998,658.904,487.428,89.61199999999998,0.0,569.2919999999998,569.292,-2.2737367544323206e-13,0.8639983973386108,0.5387349534408357,0.1360016026613892,True,0.7279967946772213,0.5387349534408359,0.1360016026613892,全满足
continuous,W2P1,63,309244.01763287676,4908.635200521853,932.22,658.904,363.396,90.07999999999998,0.0,568.8240000000001,568.8240000000001,0.0,0.8632881269502083,0.6101821458454013,0.13671187304979177,True,0.7265762539004166,0.6101821458454013,0.13671187304979177,全满足
continuous,W2P1,54,223822.65843287678,4144.864045053274,807.72,658.904,263.25639999999987,114.44039999999977,0.0,544.4636000000002,544.4636000000003,-1.1368683772161603e-13,0.8263170355620854,0.6740746793443274,0.17368296443791473,True,0.6526340711241705,0.6740746793443275,0.17368296443791473,全满足
continuous,W2P1,45,161765.10843287676,3594.780187397261,683.2200000000001,658.904,263.25639999999987,238.94039999999976,0.0,419.96360000000027,419.96360000000027,0.0,0.6373669001857635,0.6146828254442203,0.3626330998142366,False,0.2747338003715269,0.6146828254442203,0.3626330998142366,部分满足
continuous,W2P1,36,99707.55843287674,2769.654400913243,558.72,658.904,263.25639999999987,363.44039999999984,0.0,295.46360000000016,295.46360000000016,0.0,0.44841676480944137,0.5288223081328755,0.5515832351905586,False,-0.10316647038111726,0.5288223081328755,0.5515832351905586,部分满足
continuous,W2P2,72,530334.7026328767,7365.7597587899545,1056.7199999999998,400.34400000000005,656.376,0.0,0.0,400.3439999999998,400.34400000000005,-2.2737367544323206e-13,1.0,0.37885532591414933,0.0,True,0.9999999999999994,0.37885532591414955,0.0,全满足
continuous,W2P2,63,415426.90263287676,6594.077819569472,932.22,400.34400000000005,531.876,0.0,0.0,400.34400000000005,400.34400000000005,0.0,1.0,0.4294522752140053,0.0,True,1.0,0.4294522752140053,0.0,全满足
continuous,W2P2,54,320338.7076328766,5932.1982894977145,807.7199999999998,400.34400000000005,407.8439999999997,0.46799999999998965,0.0,399.8760000000001,399.87600000000003,5.684341886080802e-14,0.9988310053354115,0.4950675976823654,0.001168994664588428,True,0.9976620106708233,0.49506759768236536,0.001168994664588428,全满足
continuous,W2P2,45,229708.40763287674,5104.631280730594,683.22,400.34400000000005,283.344,0.46799999999998965,0.0,399.87600000000003,399.87600000000003,0.0,0.9988310053354115,0.5852814613155353,0.001168994664588428,True,0.9976620106708232,0.5852814613155353,0.001168994664588428,全满足
continuous,W2P2,36,165890.34243287673,4608.065067579909,558.72,400.34400000000005,277.3363999999999,118.96039999999988,0.0,281.3836000000001,281.3836000000002,-5.684341886080802e-14,0.7028545450912219,0.5036218499427264,0.2971454549087781,False,0.4057090901824436,0.5036218499427265,0.2971454549087781,部分满足
continuous,W2P3,72,631468.5266328767,8770.396203234399,1056.7199999999998,234.584,822.136,0.0,0.0,234.58399999999983,234.584,-1.7053025658242404e-13,1.0,0.22199258081611012,0.0,False,0.9999999999999992,0.22199258081611029,0.0,部分满足
continuous,W2P3,63,516560.7266328767,8199.376613220265,932.2199999999999,234.584,697.636,0.0,0.0,234.58399999999995,234.584,-5.684341886080802e-14,1.0,0.2516401707751389,0.0,False,0.9999999999999998,0.25164017077513895,0.0,部分满足
continuous,W2P3,54,401740.7156328766,7439.6428820903075,807.7199999999998,234.584,573.1359999999999,0.0,0.0,234.58399999999995,234.584,-5.684341886080802e-14,1.0,0.29042737582330513,0.0,False,0.9999999999999998,0.2904273758233052,0.0,部分满足
continuous,W2P3,45,310499.83163287665,6899.99625850837,683.2199999999998,234.584,449.1039999999998,0.46799999999998965,0.0,234.11599999999999,234.116,-2.842170943040401e-14,0.9980049790267026,0.34266561283334807,0.0019950209732973673,True,0.9960099580534053,0.34266561283334807,0.0019950209732973673,全满足
continuous,W2P3,36,219869.5316328768,6107.486989802133,558.7200000000001,234.584,324.60400000000004,0.46799999999998965,0.0,234.1160000000001,234.116,8.526512829121202e-14,0.9980049790267026,0.41902205040091645,0.0019950209732973673,True,0.9960099580534058,0.4190220504009163,0.0019950209732973673,全满足
continuous,W2P4,72,670961.2626328768,9318.906425456622,1056.7199999999998,169.94400000000002,886.776,0.0,0.0,169.94399999999985,169.94400000000002,-1.7053025658242404e-13,1.0,0.16082216670451954,0.0,False,0.999999999999999,0.16082216670451968,0.0,部分满足
continuous,W2P4,63,556053.4626328769,8826.245438617094,932.22,169.94400000000002,762.276,0.0,0.0,169.94400000000007,169.94400000000002,5.684341886080802e-14,1.0,0.1823003153761988,0.0,False,1.0000000000000004,0.18230031537619876,0.0,部分满足
continuous,W2P4,54,441145.66263287654,8169.364122831047,807.7199999999998,169.94400000000002,637.7759999999996,0.0,0.0,169.9440000000002,169.94400000000002,1.7053025658242404e-13,1.0,0.2103996434407966,0.0,False,1.000000000000001,0.2103996434407964,0.0,部分满足
continuous,W2P4,45,342767.17773287673,7617.048394063928,683.2199999999998,169.94400000000002,516.6317999999999,3.355799999999968,0.0,166.58819999999992,166.58820000000006,-1.4210854715202004e-13,0.98025349526903,0.24382804953016593,0.019746504730970012,False,0.9605069905380594,0.24382804953016612,0.019746504730970012,部分满足
continuous,W2P4,36,252136.87773287686,7003.802159246579,558.7200000000003,169.94400000000002,392.1318000000001,3.355799999999968,0.0,166.58820000000014,166.58820000000006,8.526512829121202e-14,0.98025349526903,0.29816043814433,0.019746504730970012,False,0.9605069905380608,0.29816043814432985,0.019746504730970012,部分满足
continuous,W3P1,72,380328.03313287674,5282.333793512177,1056.7199999999998,780.8399999999999,402.2482,126.36819999999997,0.0,654.4717999999998,654.4717999999999,-1.1368683772161603e-13,0.8381637723477281,0.6193426830191535,0.1618362276522719,True,0.676327544695456,0.6193426830191536,0.1618362276522719,全满足
continuous,W3P1,63,271961.7421328768,4316.853049728204,932.2200000000003,780.8399999999999,277.7482000000002,126.36819999999999,0.0,654.4718,654.4717999999999,1.1368683772161603e-13,0.8381637723477281,0.702057239707365,0.1618362276522719,True,0.6763275446954563,0.7020572397073649,0.1618362276522719,全满足
continuous,W3P1,54,197414.3431328768,3655.821169127348,807.72,780.8399999999999,223.32619999999991,196.44619999999986,0.0,584.3938,584.3938,0.0,0.7484168331540394,0.723510374882385,0.2515831668459606,False,0.49683366630807885,0.723510374882385,0.2515831668459606,部分满足
continuous,W3P1,45,135356.79313287672,3007.928736286149,683.22,780.8399999999999,223.32619999999991,320.9461999999999,0.0,459.8938000000001,459.8938,1.1368683772161603e-13,0.5889731571128529,0.6731269576417553,0.41102684288714714,False,0.17794631422570592,0.6731269576417552,0.41102684288714714,部分满足
continuous,W3P1,36,73299.24313287673,2036.0900870243536,558.72,780.8399999999999,223.32619999999991,445.4461999999999,0.0,335.3938000000001,335.3938,1.1368683772161603e-13,0.42952948107166644,0.6002895904925546,0.5704705189283336,False,-0.14094103785666695,0.6002895904925544,0.5704705189283336,部分满足
continuous,W3P2,72,479823.91303287674,6664.22101434551,1056.7199999999998,522.28,538.1664,3.7264000000000053,0.0,518.5535999999998,518.5536,-1.1368683772161603e-13,0.9928651298154246,0.49071996366114007,0.007134870184575334,True,0.985730259630849,0.4907199636611402,0.007134870184575334,全满足
continuous,W3P2,63,366106.39303287683,5811.212587823442,932.2200000000003,522.28,413.6664000000002,3.7264000000000053,0.0,518.5536000000001,518.5536,1.1368683772161603e-13,0.9928651298154246,0.5562566776082898,0.007134870184575334,True,0.9857302596308495,0.5562566776082897,0.007134870184575334,全满足
continuous,W3P2,54,275476.0930328768,5101.409130238459,807.72,522.28,289.16640000000007,3.7264000000000053,0.0,518.5536,518.5536,0.0,0.9928651298154246,0.6419967315406329,0.007134870184575334,True,0.9857302596308493,0.6419967315406329,0.007134870184575334,全满足
continuous,W3P2,45,201539.57713287676,4478.6572696194835,683.22,522.28,237.4061999999999,76.46619999999982,0.0,445.8138000000001,445.8138000000001,0.0,0.8535915600827145,0.6525186616316854,0.14640843991728542,True,0.7071831201654291,0.6525186616316854,0.14640843991728542,全满足
continuous,W3P2,36,139482.02713287674,3874.5007536910207,558.72,522.28,237.4061999999999,200.96619999999987,0.0,321.3138000000001,321.3138000000001,0.0,0.6152136784866358,0.5750891323024057,0.3847863215133643,False,0.2304273569732716,0.5750891323024057,0.3847863215133643,部分满足
continuous,W3P3,72,579375.8802328767,8046.887225456621,1056.7199999999998,356.52000000000004,700.1999999999999,0.0,0.0,356.51999999999987,356.52000000000004,-1.7053025658242404e-13,1.0,0.33738360208948437,0.0,True,0.9999999999999996,0.33738360208948454,0.0,全满足
continuous,W3P3,63,464468.0802328768,7372.509210045664,932.22,356.52000000000004,575.7,0.0,0.0,356.52,356.52000000000004,-5.684341886080802e-14,1.0,0.3824419128531891,0.0,True,0.9999999999999999,0.3824419128531892,0.0,全满足
continuous,W3P3,54,355412.3082328768,6581.709411719941,807.72,356.52000000000004,451.20000000000005,0.0,0.0,356.52,356.52000000000004,-5.684341886080802e-14,1.0,0.4413905808943693,0.0,True,0.9999999999999999,0.4413905808943694,0.0,全满足
continuous,W3P3,45,264782.0082328767,5884.04462739726,683.22,356.52000000000004,326.7,0.0,0.0,356.52000000000004,356.52000000000004,0.0,1.0,0.5218231316413454,0.0,True,1.0,0.5218231316413454,0.0,全满足
continuous,W3P3,36,182231.53113287667,5061.986975913241,558.72,356.52000000000004,237.4061999999999,35.20619999999998,0.0,321.3138000000001,321.31380000000007,5.684341886080802e-14,0.9012504207337598,0.5750891323024057,0.09874957926624026,True,0.8025008414675198,0.5750891323024055,0.09874957926624026,全满足
continuous,W3P4,72,618868.6162328768,8595.397447678844,1056.7199999999998,291.88,764.8399999999999,0.0,0.0,291.8799999999999,291.88,-1.1368683772161603e-13,1.0,0.2762131879778938,0.0,False,0.9999999999999996,0.2762131879778939,0.0,部分满足
continuous,W3P4,63,503960.81623287697,7999.378035442492,932.2200000000003,291.88,640.3400000000001,0.0,0.0,291.8800000000001,291.88,1.1368683772161603e-13,1.0,0.313102057454249,0.0,True,1.0000000000000004,0.3131020574542489,0.0,全满足
continuous,W3P4,54,389053.0162328768,7204.685485794015,807.7200000000001,291.88,515.84,0.0,0.0,291.8800000000001,291.88,1.1368683772161603e-13,1.0,0.3613628485118606,0.0,True,1.0000000000000004,0.36136284851186046,0.0,全满足
continuous,W3P4,45,296287.5442328767,6584.167649619481,683.22,291.88,391.3399999999999,0.0,0.0,291.8800000000001,291.88,1.1368683772161603e-13,1.0,0.4272123181405698,0.0,True,1.0000000000000004,0.42721231814056965,0.0,全满足
continuous,W3P4,36,205657.24423287672,5712.70122869102,558.72,291.88,266.84,0.0,0.0,291.88000000000005,291.88,5.684341886080802e-14,1.0,0.5224083619702177,0.0,True,1.0000000000000002,0.5224083619702176,0.0,全满足
continuous,W4P1,72,355389.29663287674,4935.962453234399,1056.7199999999998,876.924,353.50199999999995,173.706,0.0,703.2179999999998,703.218,-1.1368683772161603e-13,0.8019144190374536,0.6654724051782875,0.19808558096254636,True,0.6038288380749071,0.6654724051782877,0.19808558096254636,全满足
continuous,W4P1,63,247985.52563287673,3936.278184648837,932.22,876.924,229.002,173.70599999999996,0.0,703.2180000000001,703.2180000000001,0.0,0.8019144190374538,0.754347686168501,0.1980855809625463,True,0.6038288380749075,0.754347686168501,0.1980855809625463,全满足
continuous,W4P1,54,176737.00553287676,3272.9075098680883,807.7200000000001,876.924,188.9541999999999,258.1581999999998,0.0,618.7658000000002,618.7658000000001,1.1368683772161603e-13,0.7056093800603018,0.7660647253998912,0.29439061993969806,False,0.411218760120604,0.7660647253998911,0.29439061993969806,部分满足
continuous,W4P1,45,114679.45553287683,2548.4323451750406,683.2200000000001,876.924,188.9541999999999,382.65819999999974,0.0,494.26580000000024,494.26580000000024,0.0,0.5636358452956017,0.7234357893504291,0.43636415470439827,False,0.12727169059120347,0.7234357893504291,0.43636415470439827,部分满足
continuous,W4P1,36,52621.905532876815,1461.719598135467,558.7200000000001,876.924,188.9541999999999,507.15819999999974,0.0,369.76580000000024,369.76580000000024,0.0,0.4216623105309015,0.6618087772050404,0.5783376894690985,False,-0.15667537893819705,0.6618087772050404,0.5783376894690985,部分满足
continuous,W4P2,72,445192.66853287676,6183.231507401066,1056.7199999999998,618.364,448.09619999999995,9.740200000000009,0.0,608.6237999999998,608.6238000000001,-2.2737367544323206e-13,0.9842484361961564,0.5759555984555984,0.015751563803843703,True,0.9684968723923124,0.5759555984555986,0.015751563803843703,全满足
continuous,W4P2,63,332646.3185328767,5280.1002941726465,932.22,618.364,323.5961999999999,9.740200000000009,0.0,608.6238000000001,608.6238000000001,0.0,0.9842484361961564,0.6528757160326962,0.015751563803843703,True,0.9684968723923127,0.6528757160326962,0.015751563803843703,全满足
continuous,W4P2,54,242919.78953287678,4498.514620979199,807.7200000000003,618.364,203.03419999999988,13.678199999999757,0.0,604.6858000000004,604.6858000000003,1.1368683772161603e-13,0.9778800188885516,0.7486329421086518,0.022119981111448524,True,0.955760037777103,0.7486329421086516,0.022119981111448524,全满足
continuous,W4P2,45,180862.23953287673,4019.1608785083718,683.22,618.364,203.03419999999988,138.17819999999983,0.0,480.18580000000014,480.1858000000002,-5.684341886080802e-14,0.776542295476451,0.7028274933403591,0.22345770452354896,False,0.553084590952902,0.7028274933403591,0.22345770452354896,部分满足
continuous,W4P2,36,118804.6895328767,3300.1302648021306,558.7200000000001,618.364,203.03419999999988,262.6781999999999,0.0,355.68580000000026,355.68580000000014,1.1368683772161603e-13,0.5752045720643506,0.6366083190148915,0.42479542793564934,False,0.1504091441287015,0.6366083190148912,0.42479542793564934,部分满足
continuous,W4P3,72,542570.0386328767,7535.694981012177,1056.7199999999998,452.60400000000004,604.116,0.0,0.0,452.6039999999998,452.60400000000004,-2.2737367544323206e-13,1.0,0.42831024301612525,0.0,True,0.9999999999999994,0.42831024301612547,0.0,全满足
continuous,W4P3,63,427662.23863287666,6788.289502109154,932.2199999999998,452.60400000000004,479.61599999999976,0.0,0.0,452.60400000000004,452.60400000000004,0.0,1.0,0.4855120036042996,0.0,True,1.0,0.4855120036042996,0.0,全满足
continuous,W4P3,54,320572.06663287664,5936.519752460678,807.7199999999998,452.60400000000004,355.1159999999999,0.0,0.0,452.6039999999999,452.60400000000004,-1.1368683772161603e-13,1.0,0.5603476452235924,0.0,True,0.9999999999999998,0.5603476452235925,0.0,全满足
continuous,W4P3,45,229941.7666328767,5109.817036286149,683.22,452.60400000000004,230.616,0.0,0.0,452.60400000000004,452.60400000000004,0.0,1.0,0.662457188021428,0.0,True,1.0,0.662457188021428,0.0,全满足
continuous,W4P3,36,161554.1935328767,4487.616487024353,558.72,452.60400000000004,203.03419999999988,96.91819999999987,0.0,355.68580000000014,355.6858000000002,-5.684341886080802e-14,0.785865348074697,0.6366083190148915,0.21413465192530304,False,0.5717306961493939,0.6366083190148915,0.21413465192530304,部分满足
continuous,W4P4,72,582062.7746328769,8084.205203234401,1056.7199999999998,387.964,668.7560000000001,0.0,0.0,387.9639999999997,387.964,-2.8421709430404007e-13,1.0,0.36713982890453456,0.0,True,0.9999999999999992,0.36713982890453484,0.0,全满足
continuous,W4P4,63,467154.9746328767,7415.158327505979,932.2199999999998,387.964,544.2559999999999,0.0,0.0,387.96399999999994,387.964,-5.684341886080802e-14,1.0,0.41617214820535925,0.0,True,0.9999999999999999,0.41617214820535936,0.0,全满足
continuous,W4P4,54,352247.1746328767,6523.0958265347535,807.7199999999998,387.964,419.75599999999986,0.0,0.0,387.96399999999994,387.964,-5.684341886080802e-14,1.0,0.4803199128410836,0.0,True,0.9999999999999999,0.48031991284108366,0.0,全满足
continuous,W4P4,45,261447.30263287673,5809.940058508372,683.22,387.964,295.256,0.0,0.0,387.96400000000006,387.964,5.684341886080802e-14,1.0,0.5678463745206522,0.0,True,1.0000000000000002,0.5678463745206522,0.0,全满足
continuous,W4P4,36,178224.8495328767,4950.6902648021305,558.72,387.964,203.03419999999988,32.278199999999934,0.0,355.68580000000014,355.6858000000001,5.684341886080802e-14,0.9168010433957792,0.6366083190148915,0.08319895660422084,True,0.8336020867915584,0.6366083190148913,0.08319895660422084,全满足
continuous,W5P1,72,372829.90313287673,5178.193099067732,1056.7199999999998,819.4200000000001,395.9442,158.64419999999998,0.0,660.7757999999998,660.7758000000001,-3.410605131648481e-13,0.8063945229552612,0.6253083125141947,0.19360547704473893,True,0.6127890459105219,0.625308312514195,0.19360547704473893,全满足
continuous,W5P1,63,264525.2321328767,4198.81320845836,932.2199999999999,819.4200000000001,271.4441999999999,158.6442,0.0,660.7758,660.7758000000001,-1.1368683772161603e-13,0.8063945229552612,0.7088195919418164,0.19360547704473896,True,0.612789045910522,0.7088195919418165,0.19360547704473896,全满足
continuous,W5P1,54,188997.40913287672,3499.9520209791986,807.72,819.4200000000001,212.75019999999995,224.45019999999997,0.0,594.9698000000001,594.9698000000001,0.0,0.7260865002074638,0.7366040211954639,0.2739134997925361,False,0.4521730004149277,0.7366040211954639,0.2739134997925361,部分满足
continuous,W5P1,45,126939.85913287677,2820.8857585083724,683.22,819.4200000000001,212.75019999999995,348.9501999999999,0.0,470.4698000000001,470.4698000000002,-1.1368683772161603e-13,0.5741497644675504,0.688606598167501,0.4258502355324496,False,0.14829952893510065,0.6886065981675012,0.4258502355324496,部分满足
continuous,W5P1,36,64882.30913287675,1802.2863648021319,558.72,819.4200000000001,212.75019999999995,473.4501999999999,0.0,345.9698000000001,345.9698000000002,-1.1368683772161603e-13,0.42221302872763683,0.6192185710194732,0.5777869712723632,False,-0.1555739425447265,0.6192185710194734,0.5777869712723632,部分满足
continuous,W5P2,72,464455.0190328767,6450.764153234399,1056.7199999999998,560.8599999999999,505.7104,9.850400000000008,0.0,551.0095999999999,551.0095999999999,0.0,0.9824369717933173,0.5214338708456355,0.01756302820668261,True,0.9648739435866347,0.5214338708456355,0.01756302820668261,全满足
continuous,W5P2,63,352667.99903287675,5597.9047465536,932.22,560.8599999999999,381.21040000000005,9.850400000000008,0.0,551.0096,551.0095999999999,1.1368683772161603e-13,0.9824369717933173,0.5910724936173865,0.01756302820668261,True,0.9648739435866349,0.5910724936173863,0.01756302820668261,全满足
continuous,W5P2,54,262037.6990328767,4852.54998209031,807.72,560.8599999999999,256.71039999999994,9.850400000000013,0.0,551.0096000000001,551.0095999999999,2.2737367544323206e-13,0.9824369717933173,0.6821789729114051,0.01756302820668262,True,0.964873943586635,0.6821789729114047,0.01756302820668262,全满足
continuous,W5P2,45,193122.64313287672,4291.6142918417045,683.22,560.8599999999999,226.83019999999993,104.4701999999999,0.0,456.3898000000001,456.3898,1.1368683772161603e-13,0.8137321256641588,0.6679983021574311,0.18626787433584124,True,0.6274642513283177,0.667998302157431,0.18626787433584124,全满足
continuous,W5P2,36,131065.09313287673,3640.6970314687983,558.72,560.8599999999999,226.83019999999993,228.97019999999986,0.0,331.8898000000001,331.88980000000004,5.684341886080802e-14,0.5917515957636489,0.5940181128293243,0.40824840423635117,False,0.1835031915272978,0.5940181128293242,0.40824840423635117,部分满足
continuous,W5P3,72,561407.3482328767,7797.324281012177,1056.7199999999998,395.1,661.6200000000001,0.0,0.0,395.0999999999997,395.1,-3.410605131648481e-13,1.0,0.37389280036338834,0.0,True,0.9999999999999991,0.3738928003633887,0.0,全满足
continuous,W5P3,63,446499.54823287704,7087.294416394874,932.2200000000004,395.1,537.1200000000003,0.0,0.0,395.1,395.1,0.0,1.0,0.4238269936281134,0.0,True,1.0,0.4238269936281134,0.0,全满足
continuous,W5P3,54,340568.45623287687,6306.823263571794,807.7200000000003,395.1,412.62000000000023,0.0,0.0,395.1,395.1,0.0,1.0,0.489154657554598,0.0,True,1.0,0.489154657554598,0.0,全满足
continuous,W5P3,45,249938.15623287676,5554.181249619483,683.2200000000001,395.1,288.12000000000006,0.0,0.0,395.1000000000001,395.1,5.684341886080802e-14,1.0,0.5782910336348468,0.0,True,1.0000000000000002,0.5782910336348467,0.0,全满足
continuous,W5P3,36,173814.59713287672,4828.18325369102,558.72,395.1,226.83019999999993,63.21019999999995,0.0,331.8898000000001,331.8898000000001,0.0,0.8400146798278919,0.5940181128293243,0.1599853201721082,True,0.6800293596557837,0.5940181128293243,0.1599853201721082,全满足
continuous,W5P4,72,600900.0842328767,8345.834503234399,1056.7199999999998,330.4599999999999,726.26,0.0,0.0,330.4599999999998,330.4599999999999,-1.1368683772161603e-13,1.0,0.3127223862517979,0.0,True,0.9999999999999997,0.312722386251798,0.0,全满足
continuous,W5P4,63,485992.2842328768,7714.163241791695,932.22,330.4599999999999,601.76,0.0,0.0,330.46000000000004,330.4599999999999,1.1368683772161603e-13,1.0,0.3544871382291734,0.0,True,1.0000000000000004,0.35448713822917327,0.0,全满足
continuous,W5P4,54,372073.9922328768,6890.259115423644,807.72,330.4599999999999,477.26,0.0,0.0,330.46000000000004,330.4599999999999,1.1368683772161603e-13,1.0,0.4091269251720894,0.0,True,1.0000000000000004,0.4091269251720892,0.0,全满足
continuous,W5P4,45,281443.69223287667,6254.304271841704,683.22,330.4599999999999,352.7599999999999,0.0,0.0,330.46000000000015,330.4599999999999,2.2737367544323206e-13,1.0,0.4836802201340712,0.0,True,1.0000000000000007,0.48368022013407086,0.0,全满足
continuous,W5P4,36,190813.39223287677,5300.372006468799,558.72,330.4599999999999,228.2600000000001,0.0,0.0,330.4599999999999,330.4599999999999,0.0,1.0,0.5914590492554408,0.0,True,1.0,0.5914590492554408,0.0,全满足
continuous,W6P1,72,396943.3761328767,5513.102446289955,1056.7199999999998,715.76,431.7862,90.8262,0.0,624.9337999999998,624.9338,-2.2737367544323206e-13,0.8731052308036213,0.5913901506548565,0.12689476919637868,True,0.7462104616072424,0.5913901506548567,0.12689476919637868,全满足
continuous,W6P1,63,288309.5451328768,4576.34198623614,932.22,715.76,307.28620000000006,90.8262,0.0,624.9338,624.9338,0.0,0.8731052308036213,0.6703715861062839,0.12689476919637868,True,0.7462104616072427,0.6703715861062839,0.12689476919637868,全满足
continuous,W6P1,54,211541.04513287672,3917.4267617199393,807.7200000000001,715.76,243.18619999999993,151.22619999999984,0.0,564.5338000000002,564.5338000000002,0.0,0.7887194031518947,0.6989226464616451,0.2112805968481053,False,0.5774388063037895,0.6989226464616451,0.2112805968481053,部分满足
continuous,W6P1,45,149483.49513287673,3321.855447397261,683.22,715.76,243.18619999999993,275.7261999999999,0.0,440.0338000000001,440.0338000000001,0.0,0.6147784173465968,0.6440587219343697,0.3852215826534032,False,0.22955683469319355,0.6440587219343697,0.3852215826534032,部分满足
continuous,W6P1,36,87425.94513287672,2428.498475913242,558.72,715.76,243.18619999999993,400.2261999999999,0.0,315.5338000000001,315.5338000000001,0.0,0.4408374315412989,0.5647440578465065,0.559162568458701,False,-0.1183251369174022,0.5647440578465065,0.559162568458701,部分满足
continuous,W6P2,72,506640.5082328767,7036.6737254566215,1056.7199999999998,457.20000000000005,599.52,0.0,0.0,457.1999999999998,457.20000000000005,-2.2737367544323206e-13,1.0,0.432659550306609,0.0,True,0.9999999999999996,0.43265955030660924,0.0,全满足
continuous,W6P2,63,391732.7082328766,6217.979495759946,932.2199999999998,457.20000000000005,475.0199999999998,1.84297022087776e-14,0.0,457.2,457.20000000000005,-5.684341886080802e-14,1.0,0.4904421703031474,4.0309934839846015e-17,True,0.9999999999999999,0.49044217030314746,4.0309934839846015e-17,全满足
continuous,W6P2,54,299125.5762328765,5539.362522831047,807.7199999999997,457.20000000000005,350.5199999999997,0.0,0.0,457.2,457.20000000000005,-5.684341886080802e-14,1.0,0.5660377358490568,0.0,True,0.9999999999999999,0.5660377358490569,0.0,全满足
continuous,W6P2,45,215666.27913287657,4792.58398073059,683.2199999999998,457.20000000000005,257.2661999999999,31.246200000000172,0.0,425.9537999999999,425.9537999999999,0.0,0.9316574803149603,0.6234504259242997,0.06834251968503974,True,0.8633149606299206,0.6234504259242997,0.06834251968503974,全满足
continuous,W6P2,36,153608.7291328767,4266.909142579909,558.72,457.20000000000005,257.2661999999999,155.74619999999993,0.0,301.4538000000001,301.4538000000001,0.0,0.6593477690288716,0.5395435996563576,0.3406522309711284,False,0.31869553805774314,0.5395435996563576,0.3406522309711284,部分满足
continuous,W6P3,72,607774.3322328768,8441.310169901066,1056.7199999999998,291.44,765.28,0.0,0.0,291.4399999999998,291.44,-1.7053025658242404e-13,1.0,0.2757968052085698,0.0,False,0.9999999999999994,0.27579680520857,0.0,部分满足
continuous,W6P3,63,492866.5322328768,7823.278289410743,932.22,291.44,640.78,0.0,0.0,291.44000000000005,291.44,5.684341886080802e-14,1.0,0.312630065864281,0.0,True,1.0000000000000002,0.31263006586428094,0.0,全满足
continuous,W6P3,54,379917.00023287674,7035.500004312532,807.7199999999999,291.44,516.28,0.0,0.0,291.43999999999994,291.44,-5.684341886080802e-14,1.0,0.36081810528400926,0.0,True,0.9999999999999998,0.36081810528400937,0.0,全满足
continuous,W6P3,45,289286.7002328767,6428.593338508371,683.22,291.44,391.78,0.0,0.0,291.44000000000005,291.44,5.684341886080802e-14,1.0,0.42656830889025504,0.0,True,1.0000000000000002,0.42656830889025493,0.0,全满足
continuous,W6P3,36,198656.40023287674,5518.233339802132,558.72,291.44,267.28,0.0,0.0,291.44000000000005,291.44,5.684341886080802e-14,1.0,0.5216208476517755,0.0,True,1.0000000000000002,0.5216208476517754,0.0,全满足
continuous,W6P4,72,647267.0682328767,8989.820392123287,1056.7199999999998,226.8,829.9200000000001,0.0,0.0,226.79999999999973,226.8,-2.8421709430404007e-13,1.0,0.21462639109697912,0.0,False,0.9999999999999988,0.2146263910969794,0.0,部分满足
continuous,W6P4,63,532359.2682328768,8450.147114807569,932.22,226.8,705.4200000000001,0.0,0.0,226.79999999999995,226.8,-5.684341886080802e-14,1.0,0.24329021046534074,0.0,False,0.9999999999999998,0.2432902104653408,0.0,部分满足
continuous,W6P4,54,417451.46823287674,7730.582745053273,807.72,226.8,580.92,0.0,0.0,226.80000000000007,226.8,5.684341886080802e-14,1.0,0.2807903729015006,0.0,False,1.0000000000000002,0.28079037290150055,0.0,部分满足
continuous,W6P4,45,321365.5752328767,7141.45722739726,683.22,226.8,456.41999999999996,0.0,0.0,226.80000000000007,226.8,5.684341886080802e-14,1.0,0.33195749538947933,0.0,True,1.0000000000000002,0.3319574953894792,0.0,全满足
continuous,W6P4,36,230735.27523287665,6409.3132009132405,558.7199999999999,226.8,331.9199999999999,0.0,0.0,226.8,226.8,0.0,1.0,0.40592783505154645,0.0,True,1.0,0.40592783505154645,0.0,全满足
