运行模式,场景编号,目标日产氨量(吨),日总成本(元),日增量成本(元),吨氨成本(元/吨),增量吨氨成本(元/吨),总用电量(MWh),新能源发电量(MWh),网购电量(MWh),上网电量(MWh),弃电量(MWh),E_self_supply_MWh,自用新能源电量(MWh),balance_gap_MWh,自发自用率,绿电用电比例,上网比例,自发自用率达标,绿电占比达标,2030绿电占比达标,上网比例达标,is_all_qualified,题面公式自用率,statement_green_load_ratio,statement_sell_ratio,合格情况
离散开停机,W1P1,72,390965.99163287674,352295.99463287677,5430.083217123288,4892.999925456622,1056.7199999999998,761.7639999999999,430.28,135.324,0.0,626.4399999999998,626.4399999999998,0.0,0.8223544299809389,0.5928155045802104,0.17764557001906106,是,是,是,是,是,0.6447088599618778,0.5928155045802104,0.17764557001906106,全满足
离散开停机,W1P1,63,284907.40353287675,246237.40653287675,4522.339738617091,3908.530262426615,932.22,761.7639999999999,326.6262,156.1702,0.0,605.5938000000001,605.5937999999999,2.2737367544323206e-13,0.7949887366690995,0.6496254103108706,0.20501126333090042,是,是,是,否,否,0.5899774733381994,0.6496254103108706,0.20501126333090042,部分满足
离散开停机,W1P1,54,201838.21053287672,163168.21353287672,3737.744639497717,3021.6335839421613,807.7199999999999,761.7639999999999,235.0722,189.11620000000002,0.0,572.6478,572.6477999999998,1.1368683772161603e-13,0.7517391213026605,0.708968206804338,0.2482608786973394,是,是,是,否,否,0.5034782426053213,0.708968206804338,0.2482608786973394,部分满足
离散开停机,W1P1,45,139353.33153287673,100683.33453287673,3096.740700730594,2237.407434063927,683.22,761.7639999999999,233.2102,311.7542,0.0,450.00980000000004,450.00979999999987,1.7053025658242404e-13,0.5907470030088058,0.6586601680278679,0.4092529969911942,否,是,是,否,否,0.1814940060176118,0.6586601680278679,0.4092529969911942,部分满足
离散开停机,W1P1,36,77295.78153287672,38625.78453287672,2147.105042579909,1072.9384592465756,558.72,761.7639999999999,233.2102,436.2542000000001,0.0,325.50980000000004,325.5097999999998,2.2737367544323206e-13,0.4273105581256135,0.5825991552119126,0.5726894418743865,否,是,是,否,否,-0.14537888374877267,0.5825991552119126,0.5726894418743865,部分满足
离散开停机,W1P2,72,489792.26853287674,451122.27153287677,6802.670396289955,6265.587104623289,1056.7199999999998,503.204,560.9662000000001,7.450200000000002,0.0,495.7537999999997,495.7538,-2.8421709430404007e-13,0.9851944738118139,0.4691439548792491,0.014805526188186108,是,是,是,是,是,0.9703889476236273,0.4691439548792491,0.014805526188186108,全满足
离散开停机,W1P2,63,380201.8404328767,341531.84343287675,6034.9498481409,5421.140371950424,932.22,503.204,448.9924,19.9764,0.0,483.22760000000005,483.2276,5.684341886080802e-14,0.9603015874277628,0.5183621891828109,0.03969841257223711,是,是,是,是,是,0.9206031748555259,0.5183621891828109,0.03969841257223711,全满足
离散开停机,W1P2,54,293754.4074328767,255084.4104328767,5439.896433942161,4723.785378386606,807.7199999999999,503.204,342.71840000000003,38.2024,0.0,465.0015999999999,465.0016,-1.1368683772161603e-13,0.9240816845653055,0.5756965284999753,0.07591831543469447,是,是,是,是,是,0.8481633691306107,0.5756965284999753,0.07591831543469447,全满足
离散开停机,W1P2,45,219799.55253287673,181129.55553287672,4884.434500730594,4025.101234063927,683.22,503.204,298.31819999999993,118.3022,0.0,384.9018000000001,384.9018,1.1368683772161603e-13,0.7649021072964444,0.5633643628699394,0.2350978927035556,是,是,是,否,否,0.529804214592889,0.5633643628699394,0.2350978927035556,部分满足
离散开停机,W1P2,36,148269.94053287667,109599.94353287667,4118.609459246574,3044.4428759132406,558.72,503.204,262.5022,206.98620000000003,0.0,296.2178,296.2178,0.0,0.588663444646704,0.5301721792668957,0.4113365553532961,否,是,是,否,否,0.17732688929340776,0.5301721792668957,0.4113365553532961,部分满足
离散开停机,W1P3,72,587763.4826328767,549093.4856328767,8163.381703234399,7626.298411567733,1056.7199999999998,337.44399999999996,719.2760000000001,0.0,0.0,337.44399999999973,337.44399999999996,-2.2737367544323206e-13,1.0,0.31933151639033996,0.0,是,是,否,是,是,0.9999999999999993,0.31933151639033996,0.0,全满足
离散开停机,W1P3,63,477358.01453287667,438688.0175328767,7577.111341791693,6963.301865601217,932.22,337.44399999999996,605.3822,10.606200000000015,0.0,326.8378,326.83779999999996,5.684341886080802e-14,0.9685690070056069,0.3506015747355774,0.03143099299439319,是,是,是,是,是,0.9371380140112137,0.3506015747355774,0.03143099299439319,全满足
离散开停机,W1P3,54,381730.07063287665,343060.0736328767,7069.075382090308,6352.964326534753,807.72,337.44399999999996,526.3,56.024,0.0,281.4200000000001,281.41999999999996,1.1368683772161603e-13,0.8339754151800002,0.34841281632248794,0.1660245848199998,是,是,否,是,是,0.6679508303600008,0.34841281632248794,0.1660245848199998,全满足
离散开停机,W1P3,45,292467.59063287673,253797.59363287673,6499.279791841705,5639.946525175038,683.22,337.44399999999996,426.5580000000001,80.78200000000001,0.0,256.6619999999999,256.6619999999999,0.0,0.7606062042887115,0.3756652322824272,0.23939379571128847,是,是,是,否,否,0.5212124085774229,0.3756652322824272,0.23939379571128847,部分满足
离散开停机,W1P3,36,208856.8154328767,170186.8184328767,5801.578206468797,4727.411623135464,558.72,337.44399999999996,345.89040000000006,124.61439999999999,0.0,212.82959999999997,212.82959999999997,0.0,0.6307108735079006,0.3809235395189003,0.36928912649209944,是,是,是,否,否,0.2614217470158011,0.3809235395189003,0.36928912649209944,部分满足
离散开停机,W1P4,72,627256.2186328768,588586.2216328768,8711.89192545662,8174.808633789955,1056.7199999999998,272.804,783.9159999999999,0.0,0.0,272.80399999999986,272.804,-1.1368683772161603e-13,1.0,0.2581611022787494,0.0,是,否,否,是,否,0.9999999999999996,0.2581611022787494,0.0,部分满足
离散开停机,W1P4,63,516307.3905328767,477637.39353287674,8195.355405283757,7581.545929093281,932.22,272.804,668.7422000000001,9.3262,0.0,263.4777999999999,263.4778,-1.1368683772161603e-13,0.9658135511209514,0.28263478578018064,0.034186448879048696,是,否,否,是,否,0.9316271022419024,0.28263478578018064,0.034186448879048696,部分满足
离散开停机,W1P4,54,410355.60663287673,371685.60963287676,7599.177900608828,6883.066845053273,807.72,272.804,565.34,30.424,0.0,242.38,242.37999999999997,2.842170943040401e-14,0.8884767085526605,0.3000792353785965,0.1115232914473395,是,是,否,是,是,0.7769534171053212,0.3000792353785965,0.1115232914473395,全满足
离散开停机,W1P4,45,316717.24653287674,278047.24953287677,7038.161034063927,6178.827767397262,683.22,272.804,472.82820000000004,62.4122,0.0,210.3918,210.3918,0.0,0.7712196302107007,0.3079415122508123,0.2287803697892993,是,是,否,否,否,0.5424392604214016,0.3079415122508123,0.2287803697892993,部分满足
离散开停机,W1P4,36,229052.59143287668,190382.59443287668,6362.571984246574,5288.4054009132415,558.72,272.804,361.2504,75.33439999999999,0.0,197.4696,197.46959999999999,2.842170943040401e-14,0.7238515564287914,0.35343213058419237,0.2761484435712086,是,是,是,否,否,0.44770311285758296,0.35343213058419237,0.2761484435712086,部分满足
离散开停机,W2P1,72,420187.3116328767,381517.3146328767,5835.934883789954,5298.851592123287,1056.7199999999998,658.904,487.428,89.61199999999998,0.0,569.2919999999998,569.292,-2.2737367544323206e-13,0.8639983973386108,0.5387349534408359,0.1360016026613892,是,是,是,是,是,0.7279967946772213,0.5387349534408359,0.1360016026613892,全满足
离散开停机,W2P1,63,312845.03553287673,274175.03853287676,4965.794214807567,4351.984738617091,932.22,658.904,380.75020000000006,107.43419999999998,0.0,551.4698,551.4698000000001,-1.1368683772161603e-13,0.8369501475176961,0.5915661539121667,0.16304985248230391,是,是,是,是,是,0.6739002950353922,0.5915661539121667,0.16304985248230391,全满足
离散开停机,W2P1,54,228721.5654328767,190051.5684328767,4235.584545053272,3519.4734894977164,807.7199999999999,658.904,284.6023999999999,135.7864,0.0,523.1176,523.1176,0.0,0.7939208139577238,0.647647204476799,0.20607918604227624,是,是,是,否,否,0.5878416279154476,0.647647204476799,0.20607918604227624,部分满足
离散开停机,W2P1,45,161765.10843287667,123095.11143287667,3594.7801873972594,2735.446920730593,683.22,658.904,263.25639999999987,238.94039999999998,0.0,419.96360000000016,419.96360000000004,1.1368683772161603e-13,0.6373669001857631,0.61468282544422,0.36263309981423697,是,是,是,否,否,0.27473380037152634,0.61468282544422,0.36263309981423697,部分满足
离散开停机,W2P1,36,99707.55843287663,61037.56143287663,2769.6544009132394,1695.4878175799065,558.72,658.904,263.2563999999997,363.4404,0.0,295.4636000000003,295.4636,3.410605131648481e-13,0.4484167648094411,0.5288223081328751,0.5515832351905589,否,是,是,否,否,-0.10316647038111726,0.5288223081328751,0.5515832351905589,部分满足
离散开停机,W2P2,72,530334.7026328767,491664.7056328767,7365.7597587899545,6828.676467123288,1056.7199999999998,400.34400000000005,656.376,0.0,0.0,400.3439999999998,400.34400000000005,-2.2737367544323206e-13,1.0,0.37885532591414955,0.0,是,是,是,是,是,0.9999999999999994,0.37885532591414955,0.0,全满足
离散开停机,W2P2,63,419460.58653287677,380790.5895328768,6658.104548140901,6044.295071950425,932.22,400.34400000000005,541.3782,9.5022,0.0,390.84180000000003,390.84180000000003,0.0,0.976264912175529,0.419259187745382,0.023735087824470952,是,是,是,是,是,0.952529824351058,0.419259187745382,0.023735087824470952,全满足
离散开停机,W2P2,54,330674.0436328767,292004.04663287674,6123.593400608828,5407.482345053273,807.72,400.34400000000005,424.91200000000003,17.536,0.0,382.808,382.80800000000005,-5.684341886080802e-14,0.9561976700037967,0.47393651265289954,0.04380232999620326,是,是,是,是,是,0.9123953400075931,0.47393651265289954,0.04380232999620326,全满足
离散开停机,W2P2,45,248728.39953287673,210058.40253287673,5527.297767397261,4667.964500730594,683.22,400.34400000000005,351.27419999999995,68.3982,0.0,331.9458000000001,331.9458000000001,0.0,0.8291514297703976,0.4858549222797928,0.17084857022960254,是,是,是,是,是,0.658302859540795,0.4858549222797928,0.17084857022960254,全满足
离散开停机,W2P2,36,172647.34053287667,133977.34353287666,4795.759459246574,3721.5928759132407,558.72,400.34400000000005,298.45219999999995,140.07620000000003,0.0,260.2678000000001,260.2678,5.684341886080802e-14,0.6501104050516555,0.46582867983963344,0.34988959494834443,是,是,是,否,否,0.30022081010331125,0.46582867983963344,0.34988959494834443,部分满足
离散开停机,W2P3,72,631468.5266328767,592798.5296328767,8770.396203234399,8233.312911567733,1056.7199999999998,234.584,822.136,0.0,0.0,234.58399999999983,234.584,-1.7053025658242404e-13,1.0,0.22199258081611029,0.0,是,否,否,是,否,0.9999999999999992,0.22199258081611029,0.0,部分满足
离散开停机,W2P3,63,519779.37053287675,481109.3735328768,8250.466198934551,7636.6567227440755,932.22,234.584,705.2182,7.5822,0.0,227.0018,227.0018,0.0,0.9676781025133854,0.24350668297183067,0.032321897486614605,是,否,否,是,否,0.9353562050267705,0.24350668297183067,0.032321897486614605,部分满足
离散开停机,W2P3,54,420066.9725328768,381396.97553287685,7779.018009868089,7062.906954312534,807.72,234.584,616.5142000000001,43.3782,0.0,191.20579999999995,191.2058,-5.684341886080802e-14,0.8150845752480987,0.23672287426335858,0.18491542475190123,是,否,否,是,否,0.6301691504961974,0.23672287426335858,0.18491542475190123,部分满足
离散开停机,W2P3,45,327868.1414328767,289198.1444328767,7285.9586985083715,6426.625431841705,683.22,234.584,526.4464,77.8104,0.0,156.7736,156.7736,0.0,0.6683047437165365,0.22946283773894205,0.33169525628346347,是,否,否,否,否,0.3366094874330731,0.22946283773894205,0.33169525628346347,部分满足
离散开停机,W2P3,36,239544.7754328767,200874.7784328767,6654.02153980213,5579.854956468796,558.72,234.584,411.99839999999995,87.86240000000002,0.0,146.72160000000008,146.72159999999997,1.1368683772161603e-13,0.6254544214439176,0.2626030927835051,0.37454557855608234,是,否,否,否,否,0.25090884288783566,0.2626030927835051,0.37454557855608234,部分满足
离散开停机,W2P4,72,670961.2626328768,632291.2656328768,9318.906425456622,8781.823133789956,1056.7199999999998,169.94400000000002,886.776,0.0,0.0,169.94399999999985,169.94400000000002,-1.7053025658242404e-13,1.0,0.16082216670451968,0.0,是,否,否,是,否,0.999999999999999,0.16082216670451968,0.0,部分满足
离散开停机,W2P4,63,557477.9997328767,518808.0027328767,8848.85713861709,8235.047662426614,932.22,169.94400000000002,765.6318,3.3558,0.0,166.58820000000003,166.58820000000003,0.0,0.9802534952690298,0.17870052133616532,0.0197465047309702,是,否,否,是,否,0.9605069905380594,0.17870052133616532,0.0197465047309702,部分满足
离散开停机,W2P4,54,447605.78853287676,408935.7915328768,8288.996083942162,7572.885028386607,807.72,169.94400000000002,652.9942,15.2182,0.0,154.72580000000005,154.72580000000002,2.842170943040401e-14,0.9104516781998776,0.1915587084633289,0.08954832180012239,是,否,否,是,否,0.8209033563997553,0.1915587084633289,0.08954832180012239,部分满足
离散开停机,W2P4,45,349973.3574328767,311303.36043287674,7777.185720730594,6917.852454063927,683.22,169.94400000000002,550.1264,36.8504,0.0,133.09360000000004,133.0936,2.842170943040401e-14,0.7831615120274914,0.19480343081291532,0.21683848797250857,是,否,否,否,否,0.5663230240549828,0.19480343081291532,0.21683848797250857,部分满足
离散开停机,W2P4,36,259793.38233287673,221123.38533287673,7216.48284257991,6142.316259246576,558.72,169.94400000000002,427.5886,38.812599999999996,0.0,131.13140000000004,131.1314,2.842170943040401e-14,0.7716153556465659,0.23469967067583047,0.22838464435343403,是,否,否,否,否,0.5432307112931322,0.23469967067583047,0.22838464435343403,部分满足
离散开停机,W3P1,72,380328.03313287674,341658.03613287676,5282.333793512177,4745.25050184551,1056.7199999999998,780.8399999999999,402.2482,126.36819999999997,0.0,654.4717999999998,654.4717999999999,-1.1368683772161603e-13,0.8381637723477281,0.6193426830191536,0.1618362276522719,是,是,是,是,是,0.676327544695456,0.6193426830191536,0.1618362276522719,全满足
离散开停机,W3P1,63,279660.59503287676,240990.59803287676,4439.057064013917,3825.247587823441,932.22,780.8399999999999,311.2944,159.9144,0.0,620.9256,620.9255999999999,1.1368683772161603e-13,0.7952020900568618,0.6660719572633068,0.20479790994313818,是,是,是,否,否,0.5904041801137238,0.6660719572633068,0.20479790994313818,部分满足
离散开停机,W3P1,54,198908.43403287674,160238.43703287674,3683.489519127347,2967.3784635717916,807.7199999999999,780.8399999999999,229.83640000000003,202.95640000000003,0.0,577.8835999999999,577.8835999999999,0.0,0.7400794016699963,0.7154504036052096,0.25992059833000364,是,是,是,否,否,0.48015880333999267,0.7154504036052096,0.25992059833000364,部分满足
离散开停机,W3P1,45,135356.7931328767,96686.79613287668,3007.9287362861487,2148.5954696194817,683.22,780.8399999999999,223.32620000000003,320.94620000000003,0.0,459.8938,459.8937999999999,1.1368683772161603e-13,0.5889731571128527,0.673126957641755,0.41102684288714725,否,是,是,否,否,0.17794631422570562,0.673126957641755,0.41102684288714725,部分满足
离散开停机,W3P1,36,73299.2431328767,34629.2461328767,2036.0900870243527,961.9235036910195,558.72,780.8399999999999,223.32620000000003,445.44620000000003,0.0,335.3938,335.3937999999999,1.1368683772161603e-13,0.42952948107166633,0.6002895904925541,0.5704705189283337,否,是,是,否,否,-0.14094103785666723,0.6002895904925541,0.5704705189283337,部分满足
离散开停机,W3P2,72,479823.91303287674,441153.91603287676,6664.22101434551,6127.137722678844,1056.7199999999998,522.28,538.1664,3.7264000000000053,0.0,518.5535999999998,518.5536,-1.1368683772161603e-13,0.9928651298154246,0.4907199636611402,0.007134870184575334,是,是,是,是,是,0.985730259630849,0.4907199636611402,0.007134870184575334,全满足
离散开停机,W3P2,63,375624.63493287674,336954.63793287677,5962.295792585345,5348.486316394869,932.22,522.28,438.8926,28.95260000000001,0.0,493.3274,493.32739999999995,5.684341886080802e-14,0.9445649842996093,0.5291963270472635,0.05543501570039062,是,是,是,是,是,0.889129968599219,0.5291963270472635,0.05543501570039062,全满足
离散开停机,W3P2,54,290067.1111328767,251397.1141328767,5371.613169127347,4655.502113571791,807.72,522.28,336.49620000000004,51.05620000000001,0.0,471.2238,471.2238,0.0,0.902243624109673,0.583399940573466,0.09775637589032705,是,是,是,是,是,0.8044872482193459,0.583399940573466,0.09775637589032705,全满足
离散开停机,W3P2,45,212279.70103287674,173609.70403287673,4717.326689619483,3857.993422952816,683.22,522.28,278.0304,117.09040000000002,0.0,405.18960000000004,405.1895999999999,1.1368683772161603e-13,0.7758091445201807,0.5930587512075172,0.2241908554798193,是,是,是,否,否,0.5516182890403615,0.5930587512075172,0.2241908554798193,部分满足
离散开停机,W3P2,36,141740.4160328767,103070.4190328767,3937.2337786910193,2863.067195357686,558.72,522.28,245.10040000000004,208.6604,0.0,313.6196,313.6196,0.0,0.6004817339358198,0.5613180126002291,0.39951826606418017,是,是,是,否,否,0.20096346787163977,0.5613180126002291,0.39951826606418017,部分满足
离散开停机,W3P3,72,579375.8802328767,540705.8832328768,8046.887225456621,7509.803933789955,1056.7199999999998,356.52000000000004,700.1999999999999,0.0,0.0,356.51999999999987,356.52000000000004,-1.7053025658242404e-13,1.0,0.33738360208948454,0.0,是,是,否,是,是,0.9999999999999996,0.33738360208948454,0.0,全满足
离散开停机,W3P3,63,474361.5621328768,435691.5651328768,7529.548605283759,6915.739129093283,932.22,356.52000000000004,599.0062,23.306200000000004,0.0,333.2138,333.21380000000005,-5.684341886080802e-14,0.9346286323347919,0.3574411619574779,0.06537136766520812,是,是,是,是,是,0.8692572646695836,0.3574411619574779,0.06537136766520812,全满足
离散开停机,W3P3,54,379735.4382328767,341065.44123287674,7032.137745053273,6316.026689497718,807.72,356.52000000000004,522.2840000000001,71.084,0.0,285.4359999999999,285.43600000000004,-1.1368683772161603e-13,0.8006170761808594,0.35338483632942114,0.19938292381914058,是,是,是,是,是,0.6012341523617184,0.35338483632942114,0.19938292381914058,全满足
离散开停机,W3P3,45,291614.82423287665,252944.82723287665,6480.329427397259,5620.996160730592,683.22,356.52000000000004,427.13,100.43,0.0,256.09000000000003,256.09000000000003,0.0,0.7183047234376753,0.3748280202570183,0.2816952765623247,是,是,是,否,否,0.43660944687535047,0.3748280202570183,0.2816952765623247,部分满足
离散开停机,W3P3,36,206992.2861328767,168322.2891328767,5749.785725913242,4675.619142579908,558.72,356.52000000000004,345.2962,143.09620000000004,0.0,213.42380000000003,213.4238,2.842170943040401e-14,0.5986306518568383,0.38198704180985105,0.4013693481431617,否,是,是,否,否,0.19726130371367653,0.38198704180985105,0.4013693481431617,部分满足
离散开停机,W3P4,72,618868.6162328768,580198.6192328768,8595.397447678844,8058.314156012178,1056.7199999999998,291.88,764.8399999999999,0.0,0.0,291.8799999999999,291.88,-1.1368683772161603e-13,1.0,0.2762131879778939,0.0,是,否,否,是,否,0.9999999999999996,0.2762131879778939,0.0,部分满足
离散开停机,W3P4,63,511063.46533287666,472393.4683328767,8112.118497347248,7498.309021156772,932.22,291.88,657.0717999999999,16.7318,0.0,275.1482000000001,275.1482,1.1368683772161603e-13,0.9426757571604768,0.2951537190791873,0.057324242839523094,是,否,否,是,否,0.885351514320954,0.2951537190791873,0.057324242839523094,部分满足
离散开停机,W3P4,54,407842.32013287675,369172.3231328768,7552.635558016236,6836.524502460681,807.72,291.88,560.1022,44.26220000000001,0.0,247.6178,247.6178,0.0,0.84835480334384,0.30656390828504926,0.15164519665616008,是,是,否,是,是,0.6967096066876798,0.30656390828504926,0.15164519665616008,全满足
离散开停机,W3P4,45,313883.8141328767,275213.8171328767,6975.195869619482,6115.862602952816,683.22,291.88,468.0122,76.6722,0.0,215.20780000000002,215.2078,2.842170943040401e-14,0.7373160202823078,0.31499048622698395,0.2626839797176922,是,是,否,否,否,0.4746320405646158,0.31499048622698395,0.2626839797176922,部分满足
离散开停机,W3P4,36,227685.2050328767,189015.2080328767,6324.589028691019,5250.422445357686,558.72,291.88,362.8224,95.98240000000001,0.0,195.8976,195.89759999999998,2.842170943040401e-14,0.6711580101411538,0.35061855670103087,0.32884198985884616,是,是,是,否,否,0.3423160202823079,0.35061855670103087,0.32884198985884616,部分满足
离散开停机,W4P1,72,355389.29663287674,316719.29963287676,4935.962453234399,4398.879161567733,1056.7199999999998,876.924,353.50199999999995,173.706,0.0,703.2179999999998,703.218,-1.1368683772161603e-13,0.8019144190374536,0.6654724051782877,0.19808558096254636,是,是,是,是,是,0.6038288380749071,0.6654724051782877,0.19808558096254636,全满足
离散开停机,W4P1,63,255443.60063287665,216773.60363287665,4054.660327505979,3440.8508513155025,932.22,876.924,246.83199999999997,191.536,0.0,685.388,685.3879999999999,1.1368683772161603e-13,0.7815819842996656,0.7352212996932054,0.21841801570033437,是,是,是,否,否,0.5631639685993313,0.7352212996932054,0.21841801570033437,部分满足
离散开停机,W4P1,54,176737.0055328767,138067.0085328767,3272.9075098680873,2556.7964543125313,807.7199999999999,876.924,188.9542,258.1582,0.0,618.7657999999999,618.7657999999999,0.0,0.7056093800603016,0.766064725399891,0.29439061993969834,是,是,是,否,否,0.4112187601206033,0.766064725399891,0.29439061993969834,部分满足
离散开停机,W4P1,45,114679.45553287675,76009.45853287674,2548.432345175039,1689.099078508372,683.22,876.924,188.9542,382.65819999999997,0.0,494.2658,494.2658,0.0,0.5636358452956015,0.7234357893504288,0.43636415470439854,否,是,是,否,否,0.12727169059120297,0.7234357893504288,0.43636415470439854,部分满足
离散开停机,W4P1,36,52621.90553287673,13951.908532876732,1461.7195981354646,387.55301480213143,558.72,876.924,188.9542,507.15819999999997,0.0,369.7658,369.7658,0.0,0.4216623105309012,0.66180877720504,0.5783376894690988,否,是,是,否,否,-0.15667537893819752,0.66180877720504,0.5783376894690988,部分满足
离散开停机,W4P2,72,445192.66853287676,406522.6715328768,6183.231507401066,5646.1482157344,1056.7199999999998,618.364,448.09619999999995,9.740200000000009,0.0,608.6237999999998,608.6238000000001,-2.2737367544323206e-13,0.9842484361961564,0.5759555984555986,0.015751563803843703,是,是,是,是,是,0.9684968723923124,0.5759555984555986,0.015751563803843703,全满足
离散开停机,W4P2,63,343088.7224328767,304418.72543287673,5445.852737029789,4832.043260839313,932.22,618.364,353.75840000000005,39.902400000000014,0.0,578.4616,578.4616,0.0,0.9354710170708513,0.6205204779987556,0.06452898292914855,是,是,是,是,是,0.8709420341417028,0.6205204779987556,0.06452898292914855,全满足
离散开停机,W4P2,54,258908.0246328767,220238.0276328767,4794.593048756976,4078.4819932014207,807.72,618.364,267.27200000000005,77.91600000000001,0.0,540.448,540.448,0.0,0.8739965457238777,0.6691031545585103,0.12600345427612217,是,是,是,是,是,0.7479930914477555,0.6691031545585103,0.12600345427612217,全满足
离散开停机,W4P2,45,186395.8976328767,147725.9006328767,4142.131058508371,3282.7977918417046,683.2199999999999,618.364,227.14600000000002,162.29000000000002,0.0,456.0739999999999,456.074,-1.1368683772161603e-13,0.7375494045578332,0.6675360791545916,0.26245059544216676,是,是,是,否,否,0.4750988091156662,0.6675360791545916,0.26245059544216676,部分满足
离散开停机,W4P2,36,118804.68953287671,80134.69253287671,3300.130264802131,2225.9636814687974,558.72,618.364,203.0342,262.6782,0.0,355.68580000000003,355.68580000000003,0.0,0.5752045720643505,0.6366083190148912,0.42479542793564956,否,是,是,否,否,0.15040914412870093,0.6366083190148912,0.42479542793564956,部分满足
离散开停机,W4P3,72,542570.0386328767,503900.04163287673,7535.694981012177,6998.61168934551,1056.7199999999998,452.60400000000004,604.116,0.0,0.0,452.6039999999998,452.60400000000004,-2.2737367544323206e-13,1.0,0.42831024301612547,0.0,是,是,是,是,是,0.9999999999999994,0.42831024301612547,0.0,全满足
离散开停机,W4P3,63,439038.83863287664,400368.84163287666,6968.870454490106,6355.06097829963,932.22,452.60400000000004,506.416,26.80000000000001,0.0,425.80400000000003,425.80400000000003,0.0,0.9407870898180307,0.45676342494261013,0.059212910181969246,是,是,是,是,是,0.8815741796360617,0.45676342494261013,0.059212910181969246,全满足
离散开停机,W4P3,54,345471.5947328767,306801.5977328767,6397.622124682902,5681.511069127347,807.72,452.60400000000004,414.7718,59.6558,0.0,392.94820000000004,392.94820000000004,0.0,0.8681942713718837,0.4864906155598475,0.1318057286281164,是,是,是,是,是,0.7363885427437672,0.4864906155598475,0.1318057286281164,全满足
离散开停机,W4P3,45,258378.9895328767,219708.9925328767,5741.755322952816,4882.422056286149,683.22,452.60400000000004,338.84219999999993,108.2262,0.0,344.3778000000001,344.37780000000004,5.684341886080802e-14,0.760881035077021,0.5040511109159568,0.23911896492297902,是,是,是,否,否,0.521762070154042,0.5040511109159568,0.23911896492297902,部分满足
离散开停机,W4P3,36,177516.4234328767,138846.4264328767,4931.011762024353,3856.8451786910196,558.72,452.60400000000004,272.58639999999997,166.47039999999998,0.0,286.13360000000006,286.13360000000006,0.0,0.6321941476434146,0.5121234249713632,0.36780585235658536,是,是,是,否,否,0.2643882952868292,0.5121234249713632,0.36780585235658536,部分满足
离散开停机,W4P4,72,582062.7746328769,543392.7776328769,8084.205203234401,7547.121911567734,1056.7199999999998,387.964,668.7560000000001,0.0,0.0,387.9639999999997,387.964,-2.8421709430404007e-13,1.0,0.36713982890453484,0.0,是,是,是,是,是,0.9999999999999992,0.36713982890453484,0.0,全满足
离散开停机,W4P4,63,474310.26173287677,435640.2647328768,7528.734313220266,6914.92483702979,932.22,387.964,561.1118000000001,16.8558,0.0,371.1081999999999,371.1082,-1.1368683772161603e-13,0.9565531853470941,0.39809079401857933,0.04344681465290594,是,是,是,是,是,0.9131063706941878,0.39809079401857933,0.04344681465290594,全满足
离散开停机,W4P4,54,373279.5365328768,334609.5395328768,6912.584009868088,6196.472954312533,807.72,387.964,469.30219999999997,49.5462,0.0,338.41780000000006,338.4178,5.684341886080802e-14,0.8722917590291883,0.4189791016688951,0.1277082409708117,是,是,是,是,是,0.7445835180583767,0.4189791016688951,0.1277082409708117,全满足
离散开停机,W4P4,45,281119.1705328767,242449.17353287668,6247.092678508371,5387.759411841704,683.22,387.964,380.97220000000004,85.7162,0.0,302.2478,302.2478,0.0,0.7790614593106576,0.4423872251983255,0.22093854068934232,是,是,是,否,否,0.5581229186213155,0.4423872251983255,0.22093854068934232,部分满足
离散开停机,W4P4,36,197712.1994328767,159042.2024328767,5492.00553980213,4417.838956468797,558.72,387.964,287.9464,117.1904,0.0,270.77360000000004,270.7736,5.684341886080802e-14,0.6979348599354579,0.4846320160366552,0.30206514006454205,是,是,是,否,否,0.39586971987091596,0.4846320160366552,0.30206514006454205,部分满足
离散开停机,W5P1,72,372829.90313287673,334159.90613287676,5178.193099067732,4641.109807401066,1056.7199999999998,819.4200000000001,395.9442,158.64419999999998,0.0,660.7757999999998,660.7758000000001,-3.410605131648481e-13,0.8063945229552612,0.625308312514195,0.19360547704473893,是,是,是,是,是,0.6127890459105219,0.625308312514195,0.19360547704473893,全满足
离散开停机,W5P1,63,272296.6070328767,233626.6100328767,4322.168365601217,3708.358889410741,932.22,819.4200000000001,305.30640000000005,192.50639999999999,0.0,626.9136,626.9136000000001,-1.1368683772161603e-13,0.765069927509702,0.6724953337195083,0.234930072490298,是,是,是,否,否,0.5301398550194039,0.6724953337195083,0.234930072490298,部分满足
离散开停机,W5P1,54,191210.2940328767,152540.2970328767,3540.931370979198,2824.8203154236426,807.7199999999999,819.4200000000001,222.3924,234.09239999999997,0.0,585.3275999999998,585.3276000000001,-2.2737367544323206e-13,0.7143193966464084,0.7246664685782204,0.2856806033535915,是,是,是,否,否,0.42863879329281673,0.7246664685782204,0.2856806033535915,部分满足
离散开停机,W5P1,45,126939.85913287674,88269.86213287673,2820.885758508372,1961.5524918417052,683.22,819.4200000000001,212.7502,348.9502,0.0,470.4698,470.4698000000001,-5.684341886080802e-14,0.5741497644675503,0.688606598167501,0.4258502355324497,否,是,是,否,否,0.14829952893510046,0.688606598167501,0.4258502355324497,部分满足
离散开停机,W5P1,36,64882.30913287672,26212.312132876723,1802.2863648021312,728.1197814687979,558.72,819.4200000000001,212.7502,473.4502,0.0,345.9698,345.9698000000001,-5.684341886080802e-14,0.42221302872763666,0.6192185710194732,0.5777869712723633,否,是,是,否,否,-0.1555739425447267,0.6192185710194732,0.5777869712723633,部分满足
离散开停机,W5P2,72,464455.0190328767,425785.02203287673,6450.764153234399,5913.680861567733,1056.7199999999998,560.8599999999999,505.7104,9.850400000000008,0.0,551.0095999999999,551.0095999999999,0.0,0.9824369717933173,0.5214338708456355,0.01756302820668261,是,是,是,是,是,0.9648739435866347,0.5214338708456355,0.01756302820668261,全满足
离散开停机,W5P2,63,360389.8829328767,321719.8859328767,5720.474332267884,5106.664856077408,932.22,560.8599999999999,406.75260000000003,35.39260000000006,0.0,525.4674,525.4673999999999,1.1368683772161603e-13,0.9368958385336804,0.5636731672781102,0.0631041614663197,是,是,是,是,是,0.8737916770673609,0.5636731672781102,0.0631041614663197,全满足
离散开停机,W5P2,54,274691.90513287665,236021.90813287665,5086.887132090308,4370.776076534753,807.72,560.8599999999999,303.7442,56.88420000000006,0.0,503.97580000000005,503.9757999999998,2.2737367544323206e-13,0.8985768284420352,0.6239486455702469,0.10142317155796467,是,是,是,是,是,0.797153656884071,0.6239486455702469,0.10142317155796467,全满足
离散开停机,W5P2,45,201127.7300328767,162457.73303287668,4469.505111841704,3610.1718451750376,683.22,560.8599999999999,253.6064,131.2464,0.0,429.6136,429.6135999999999,1.1368683772161603e-13,0.765990799843098,0.6288071192295306,0.23400920015690194,是,是,是,否,否,0.5319815996861963,0.6288071192295306,0.23400920015690194,部分满足
离散开停机,W5P2,36,132637.62713287672,93967.63013287671,3684.3785314687975,2610.2119481354644,558.72,560.8599999999999,233.68220000000002,235.8222,0.0,325.0378,325.0377999999999,1.1368683772161603e-13,0.5795346432264735,0.5817543671248566,0.4204653567735265,否,是,是,否,否,0.15906928645294727,0.5817543671248566,0.4204653567735265,部分满足
离散开停机,W5P3,72,561407.3482328767,522737.35123287677,7797.324281012177,7260.240989345511,1056.7199999999998,395.1,661.6200000000001,0.0,0.0,395.0999999999997,395.1,-3.410605131648481e-13,1.0,0.3738928003633887,0.0,是,是,是,是,是,0.9999999999999991,0.3738928003633887,0.0,全满足
离散开停机,W5P3,63,456527.1721328767,417857.1751328767,7246.463049728201,6632.653573537726,932.22,395.1,560.7421999999999,23.62220000000002,0.0,371.4778000000001,371.4778,1.1368683772161603e-13,0.9402120982029866,0.39848726695415243,0.05978790179701347,是,是,是,是,是,0.8804241964059734,0.39848726695415243,0.05978790179701347,全满足
离散开停机,W5P3,54,365933.0842328768,327263.0872328768,6776.538596905126,6060.427541349571,807.72,395.1,476.588,63.96800000000001,0.0,331.132,331.132,0.0,0.8380966843837003,0.409958896647353,0.1619033156162997,是,是,是,是,是,0.6761933687674008,0.409958896647353,0.1619033156162997,全满足
离散开停机,W5P3,45,279953.09443287674,241283.09743287673,6221.17987628615,5361.846609619483,683.22,395.1,388.96360000000004,100.8436,0.0,294.2564,294.25640000000004,-5.684341886080802e-14,0.7447643634522906,0.43069055355522384,0.2552356365477094,是,是,是,否,否,0.48952872690458094,0.43069055355522384,0.2552356365477094,部分满足
离散开停机,W5P3,36,195348.1231328767,156678.1261328767,5426.336753691019,4352.170170357686,558.7199999999999,395.1,320.6582000000001,157.03820000000002,0.0,238.06179999999983,238.0618,-1.7053025658242404e-13,0.6025355606175652,0.4260842640320734,0.39746443938243486,是,是,是,否,否,0.20507112123512988,0.4260842640320734,0.39746443938243486,部分满足
离散开停机,W5P4,72,600900.0842328767,562230.0872328767,8345.834503234399,7808.751211567732,1056.7199999999998,330.4599999999999,726.26,0.0,0.0,330.4599999999998,330.4599999999999,-1.1368683772161603e-13,1.0,0.312722386251798,0.0,是,是,否,是,是,0.9999999999999997,0.312722386251798,0.0,全满足
离散开停机,W5P4,63,495476.54813287675,456806.5511328768,7864.7071132202655,7250.8976370297905,932.22,330.4599999999999,624.1022,22.3422,0.0,308.1178,308.11779999999993,5.684341886080802e-14,0.9323906070326212,0.33052047799875556,0.06760939296737882,是,是,否,是,是,0.8647812140652424,0.33052047799875556,0.06760939296737882,全满足
离散开停机,W5P4,54,394717.2482328767,356047.25123287673,7309.578670979198,6593.467615423643,807.72,330.4599999999999,532.932,55.672000000000004,0.0,274.788,274.7879999999999,1.1368683772161603e-13,0.8315318041517883,0.34020205021542105,0.16846819584821163,是,是,否,是,是,0.6630636083035769,0.34020205021542105,0.16846819584821163,全满足
离散开停机,W5P4,45,302722.5650328767,264052.5680328767,6727.168111841704,5867.834845175038,683.22,330.4599999999999,445.47839999999997,92.7184,0.0,237.74160000000006,237.74159999999992,1.4210854715202004e-13,0.7194262543121709,0.3479722490559409,0.28057374568782917,是,是,否,否,否,0.4388525086243422,0.3479722490559409,0.28057374568782917,部分满足
离散开停机,W5P4,36,216109.8461328767,177439.8491328767,6003.051281468797,4928.884698135464,558.7199999999999,330.4599999999999,338.4842,110.2242,0.0,220.23579999999993,220.23579999999993,0.0,0.6664522181201961,0.3941791953035509,0.333547781879804,是,是,是,否,否,0.33290443624039207,0.3941791953035509,0.333547781879804,部分满足
离散开停机,W6P1,72,396943.3761328767,358273.37913287675,5513.102446289955,4976.019154623288,1056.7199999999998,715.76,431.7862,90.8262,0.0,624.9337999999998,624.9338,-2.2737367544323206e-13,0.8731052308036213,0.5913901506548567,0.12689476919637868,是,是,是,是,是,0.7462104616072424,0.5913901506548567,0.12689476919637868,全满足
离散开停机,W6P1,63,295693.52403287665,257023.52703287665,4693.5480005218515,4079.738524331375,932.22,715.76,339.46039999999994,123.00040000000001,0.0,592.7596000000001,592.7596,1.1368683772161603e-13,0.8281541298759361,0.6358580592563987,0.17184587012406397,是,是,是,是,是,0.6563082597518722,0.6358580592563987,0.17184587012406397,全满足
离散开停机,W6P1,54,214810.0890328767,176140.0920328767,3977.964611719939,3261.8535561643835,807.7199999999999,715.76,257.4304000000002,165.47040000000024,0.0,550.2895999999997,550.2895999999997,0.0,0.7688185984128755,0.6812875749021936,0.23118140158712452,是,是,是,否,否,0.5376371968257508,0.6812875749021936,0.23118140158712452,部分满足
离散开停机,W6P1,45,149483.49513287668,110813.49813287667,3321.8554473972595,2462.522180730593,683.22,715.76,243.18619999999987,275.7262,0.0,440.03380000000016,440.0338,1.7053025658242404e-13,0.6147784173465967,0.6440587219343695,0.3852215826534034,是,是,是,否,否,0.22955683469319346,0.6440587219343695,0.3852215826534034,部分满足
离散开停机,W6P1,36,87425.94513287666,48755.94813287666,2428.4984759132403,1354.3318925799074,558.72,715.76,243.18619999999987,400.22620000000006,0.0,315.53380000000016,315.5337999999999,2.2737367544323206e-13,0.4408374315412987,0.5647440578465062,0.5591625684587014,否,是,是,否,否,-0.11832513691740235,0.5647440578465062,0.5591625684587014,部分满足
离散开停机,W6P2,72,506640.5082328767,467970.51123287674,7036.6737254566215,6499.590433789955,1056.7199999999998,457.20000000000005,599.52,0.0,0.0,457.1999999999998,457.20000000000005,-2.2737367544323206e-13,1.0,0.43265955030660924,0.0,是,是,是,是,是,0.9999999999999996,0.43265955030660924,0.0,全满足
离散开停机,W6P2,63,401858.81613287673,363188.81913287676,6378.71136718852,5764.901890998044,932.22,457.20000000000005,498.87420000000003,23.854200000000002,0.0,433.3458,433.34580000000005,-5.684341886080802e-14,0.9478254593175853,0.46485357533629407,0.0521745406824147,是,是,是,是,是,0.8956509186351705,0.46485357533629407,0.0521745406824147,全满足
离散开停机,W6P2,54,316518.85833287676,277848.8613328768,5861.4603394977175,5145.349283942162,807.72,457.20000000000005,397.42580000000004,46.9058,0.0,410.2942,410.29420000000005,-5.684341886080802e-14,0.8974063867016623,0.507965879265092,0.1025936132983377,是,是,是,是,是,0.7948127734033245,0.507965879265092,0.1025936132983377,全满足
离散开停机,W6P2,45,236415.2202328767,197745.22323287668,5253.671560730593,4394.338294063927,683.22,457.20000000000005,331.216,105.19600000000004,0.0,352.004,352.004,0.0,0.769912510936133,0.5152132548812974,0.23008748906386708,是,是,是,否,否,0.5398250218722659,0.5152132548812974,0.23008748906386708,部分满足
离散开停机,W6P2,36,161738.2932328767,123068.29623287669,4492.7303675799085,3418.563784246575,558.72,457.20000000000005,283.01,181.49000000000007,0.0,275.71000000000004,275.71,5.684341886080802e-14,0.6030402449693787,0.4934672107674684,0.39695975503062125,是,是,是,否,否,0.20608048993875758,0.4934672107674684,0.39695975503062125,部分满足
离散开停机,W6P3,72,607774.3322328768,569104.3352328768,8441.310169901066,7904.2268782344,1056.7199999999998,291.44,765.28,0.0,0.0,291.4399999999998,291.44,-1.7053025658242404e-13,1.0,0.27579680520857,0.0,是,否,否,是,否,0.9999999999999994,0.27579680520857,0.0,部分满足
离散开停机,W6P3,63,502177.6001328768,463507.6031328768,7971.073017982171,7357.263541791695,932.22,291.44,662.7141999999999,21.93420000000001,0.0,269.50580000000014,269.50579999999997,1.7053025658242404e-13,0.9247385396651111,0.28910107056274265,0.07526146033488887,是,否,否,是,否,0.8494770793302227,0.28910107056274265,0.07526146033488887,部分满足
离散开停机,W6P3,54,402807.26423287665,364137.2672328767,7459.393782090308,6743.282726534753,807.72,291.44,574.816,58.53600000000002,0.0,232.904,232.90399999999997,2.842170943040401e-14,0.7991490529783145,0.2883474471351458,0.20085094702168552,是,否,否,否,否,0.5982981059566289,0.2883474471351458,0.20085094702168552,部分满足
离散开停机,W6P3,45,312046.3070328767,273376.31003287673,6934.362378508371,6075.029111841705,683.22,291.44,490.9504,99.1704,0.0,192.26960000000003,192.2696,2.842170943040401e-14,0.6597227559703541,0.2814168203506923,0.3402772440296459,是,否,否,否,否,0.3194455119407084,0.2814168203506923,0.3402772440296459,部分满足
离散开停机,W6P3,36,226613.6771328767,187943.6801328767,6294.824364802131,5220.657781468797,558.72,291.44,389.0982,121.81819999999999,0.0,169.6218,169.6218,0.0,0.5820127642053253,0.3035899914089347,0.41798723579467467,否,是,否,否,否,0.16402552841065063,0.3035899914089347,0.41798723579467467,部分满足
离散开停机,W6P4,72,647267.0682328767,608597.0712328767,8989.820392123287,8452.737100456621,1056.7199999999998,226.8,829.9200000000001,0.0,0.0,226.79999999999973,226.8,-2.8421709430404007e-13,1.0,0.2146263910969794,0.0,是,否,否,是,否,0.9999999999999988,0.2146263910969794,0.0,部分满足
离散开停机,W6P4,63,536745.1173328767,498075.1203328767,8519.763767188519,7905.954290998043,932.22,226.8,715.7518,10.331800000000001,0.0,216.46820000000002,216.46820000000002,0.0,0.9544453262786596,0.232207204307996,0.045554673721340394,是,否,否,是,否,0.908890652557319,0.232207204307996,0.045554673721340394,部分满足
离散开停机,W6P4,54,431432.80023287673,392762.80323287676,7989.496300608828,7273.385245053273,807.72,226.8,613.856,32.93600000000001,0.0,193.86400000000003,193.864,2.842170943040401e-14,0.854779541446208,0.2400138661912544,0.1452204585537919,是,否,否,是,否,0.7095590828924162,0.2400138661912544,0.1452204585537919,部分满足
离散开停机,W6P4,45,333375.8130328767,294705.8160328767,7408.351400730593,6549.018134063927,683.22,226.8,511.2504,54.8304,0.0,171.9696,171.9696,0.0,0.7582433862433863,0.251704575392992,0.24175661375661373,是,否,否,否,否,0.5164867724867723,0.251704575392992,0.24175661375661373,部分满足
离散开停机,W6P4,36,245270.47203287669,206600.47503287668,6813.068667579908,5738.902084246574,558.72,226.8,397.75239999999997,65.8324,0.0,160.96760000000006,160.9676,5.684341886080802e-14,0.7097336860670194,0.28810065864833906,0.29026631393298064,是,否,否,否,否,0.419467372134039,0.28810065864833906,0.29026631393298064,部分满足
连续调节,W1P1,72,390965.99163287674,352295.99463287677,5430.083217123288,4892.999925456622,1056.7199999999998,761.7639999999999,430.28,135.324,0.0,626.4399999999998,626.4399999999998,0.0,0.8223544299809389,0.5928155045802104,0.17764557001906106,是,是,是,是,是,0.6447088599618778,0.5928155045802104,0.17764557001906106,全满足
连续调节,W1P1,63,280667.6016328768,241997.60463287678,4455.041295759949,3841.231819569473,932.22,761.7639999999999,305.7800000000001,135.324,0.0,626.4399999999999,626.4399999999998,1.1368683772161603e-13,0.8223544299809389,0.671987299135397,0.17764557001906106,是,是,是,是,是,0.6447088599618779,0.671987299135397,0.17764557001906106,全满足
连续调节,W1P1,54,203265.7275328767,164595.7305328767,3764.180139497717,3048.0690839421613,807.72,761.7639999999999,238.92020000000002,192.9642,0.0,568.7998,568.7997999999999,1.1368683772161603e-13,0.7466876880503672,0.7042041796662208,0.2533123119496327,是,是,是,否,否,0.4933753761007347,0.7042041796662208,0.2533123119496327,部分满足
连续调节,W1P1,45,141208.17753287678,102538.18053287678,3137.959500730595,2278.6262340639287,683.22,761.7639999999999,238.92020000000002,317.46419999999983,0.0,444.2998,444.29980000000006,-5.684341886080802e-14,0.5832512431671752,0.6503026843476479,0.4167487568328247,否,是,是,否,否,0.16650248633435052,0.6503026843476479,0.4167487568328247,部分满足
连续调节,W1P1,36,79150.62753287674,40480.63053287674,2198.628542579909,1124.461959246576,558.72,761.7639999999999,238.92020000000002,441.9641999999999,0.0,319.7998,319.7998,0.0,0.41981479828398305,0.5723793671248568,0.580185201716017,否,是,是,否,否,-0.16037040343203393,0.5723793671248568,0.580185201716017,部分满足
连续调节,W1P2,72,489792.26853287674,451122.27153287677,6802.670396289955,6265.587104623289,1056.7199999999998,503.204,560.9662000000001,7.450200000000002,0.0,495.7537999999997,495.7538,-2.8421709430404007e-13,0.9851944738118139,0.4691439548792491,0.014805526188186108,是,是,是,是,是,0.9703889476236273,0.4691439548792491,0.014805526188186108,全满足
连续调节,W1P2,63,374884.4685328767,336214.4715328767,5950.547119569472,5336.737643378996,932.22,503.204,436.46619999999996,7.450200000000002,0.0,495.75380000000007,495.7538,5.684341886080802e-14,0.9851944738118139,0.5317991461243055,0.014805526188186108,是,是,是,是,是,0.9703889476236279,0.5317991461243055,0.014805526188186108,全满足
连续调节,W1P2,54,282981.2085328768,244311.2115328768,5240.392750608829,4524.281695053274,807.72,503.204,311.9662000000001,7.450200000000002,0.0,495.75379999999996,495.7538,-5.684341886080802e-14,0.9851944738118139,0.6137693755261724,0.014805526188186108,是,是,是,是,是,0.9703889476236277,0.6137693755261724,0.014805526188186108,全满足
连续调节,W1P2,45,207390.96153287668,168720.96453287668,4608.688034063926,3749.3547673972594,683.22,503.204,253.0002,72.98420000000004,0.0,430.2198,430.21979999999996,5.684341886080802e-14,0.8549610098488882,0.6296943883375778,0.14503899015111177,是,是,是,是,是,0.7099220196977765,0.6296943883375778,0.14503899015111177,全满足
连续调节,W1P2,36,145333.41153287666,106663.41453287666,4037.039209246574,2962.8726259132404,558.72,503.204,253.0002,197.48420000000004,0.0,305.7198,305.71979999999996,5.684341886080802e-14,0.6075464423971192,0.5471789089347078,0.3924535576028808,是,是,是,否,否,0.21509288479423846,0.5471789089347078,0.3924535576028808,部分满足
连续调节,W1P3,72,587763.4826328767,549093.4856328767,8163.381703234399,7626.298411567733,1056.7199999999998,337.44399999999996,719.2760000000001,0.0,0.0,337.44399999999973,337.44399999999996,-2.2737367544323206e-13,1.0,0.31933151639033996,0.0,是,是,否,是,是,0.9999999999999993,0.31933151639033996,0.0,全满足
连续调节,W1P3,63,472855.68263287673,434185.68563287676,7505.645756077409,6891.836279886933,932.22,337.44399999999996,594.7760000000001,0.0,0.0,337.44399999999996,337.44399999999996,0.0,1.0,0.36197893201175685,0.0,是,是,是,是,是,1.0,0.36197893201175685,0.0,全满足
连续调节,W1P3,54,362062.81163287663,323392.81463287666,6704.866882090308,5988.755826534753,807.72,337.44399999999996,470.27599999999995,0.0,0.0,337.4440000000001,337.44399999999996,1.1368683772161603e-13,1.0,0.4177734858614371,0.0,是,是,是,是,是,1.0000000000000004,0.4177734858614371,0.0,全满足
连续调节,W1P3,45,271432.5116328767,232762.5146328767,6031.833591841704,5172.500325175038,683.22,337.44399999999996,345.77599999999995,0.0,0.0,337.4440000000001,337.44399999999996,1.1368683772161603e-13,1.0,0.4939024033254295,0.0,是,是,是,是,是,1.0000000000000004,0.4939024033254295,0.0,全满足
连续调节,W1P3,36,188082.91553287668,149412.91853287668,5224.525431468796,4150.358848135464,558.72,337.44399999999996,253.0002,31.724200000000014,0.0,305.7198,305.71979999999996,5.684341886080802e-14,0.9059867711383222,0.5471789089347078,0.09401322886167784,是,是,是,是,是,0.8119735422766446,0.5471789089347078,0.09401322886167784,全满足
连续调节,W1P4,72,627256.2186328768,588586.2216328768,8711.89192545662,8174.808633789955,1056.7199999999998,272.804,783.9159999999999,0.0,0.0,272.80399999999986,272.804,-1.1368683772161603e-13,1.0,0.2581611022787494,0.0,是,否,否,是,否,0.9999999999999996,0.2581611022787494,0.0,部分满足
连续调节,W1P4,63,512348.4186328767,473678.42163287674,8132.514581474234,7518.705105283758,932.22,272.804,659.416,0.0,0.0,272.804,272.804,0.0,1.0,0.2926390766128167,0.0,是,否,否,是,否,1.0,0.2926390766128167,0.0,部分满足
连续调节,W1P4,54,397440.6186328767,358770.62163287675,7360.011456164384,6643.900400608829,807.72,272.804,534.9159999999999,0.0,0.0,272.8040000000001,272.804,1.1368683772161603e-13,1.0,0.3377457534789283,0.0,是,是,否,是,是,1.0000000000000004,0.3377457534789283,0.0,全满足
连续调节,W1P4,45,303002.7876328767,264332.79063287674,6733.395280730594,5874.062014063928,683.22,272.804,410.416,0.0,0.0,272.80400000000003,272.804,5.684341886080802e-14,1.0,0.3992915898246538,0.0,是,是,是,是,是,1.0000000000000002,0.3992915898246538,0.0,全满足
连续调节,W1P4,36,212372.4876328767,173702.4906328767,5899.2357675799085,4825.069184246575,558.7199999999999,272.804,285.91599999999994,0.0,0.0,272.804,272.804,0.0,1.0,0.48826603665521195,0.0,是,是,是,是,是,1.0,0.48826603665521195,0.0,全满足
连续调节,W2P1,72,420187.3116328767,381517.3146328767,5835.934883789954,5298.851592123287,1056.7199999999998,658.904,487.428,89.61199999999998,0.0,569.2919999999998,569.292,-2.2737367544323206e-13,0.8639983973386108,0.5387349534408359,0.1360016026613892,是,是,是,是,是,0.7279967946772213,0.5387349534408359,0.1360016026613892,全满足
连续调节,W2P1,63,309854.6016328768,271184.6046328768,4918.327010045663,4304.517533855187,932.22,658.904,362.92800000000005,89.61199999999998,0.0,569.2919999999999,569.292,-1.1368683772161603e-13,0.8639983973386108,0.6106841732638219,0.1360016026613892,是,是,是,是,是,0.7279967946772216,0.6106841732638219,0.1360016026613892,全满足
连续调节,W2P1,54,227992.16553287677,189322.16853287676,4222.077139497718,3505.966083942162,807.72,658.904,276.6322,127.8161999999999,0.0,531.0878,531.0878000000001,-1.1368683772161603e-13,0.8060169614997027,0.6575147328282079,0.1939830385002973,是,是,是,是,是,0.6120339229994053,0.6575147328282079,0.1939830385002973,全满足
连续调节,W2P1,45,165934.6155328768,127264.6185328768,3687.4359007305957,2828.102634063929,683.2200000000001,658.904,276.6322,252.31619999999984,0.0,406.58780000000013,406.58780000000013,0.0,0.6170668261233808,0.595105236966131,0.3829331738766191,是,是,是,否,否,0.2341336522467617,0.595105236966131,0.3829331738766191,部分满足
连续调节,W2P1,36,103877.06553287673,65207.068532876736,2885.474042579909,1811.307459246576,558.72,658.904,276.6322,376.8162,0.0,282.0878,282.0878,0.0,0.42811669074705877,0.5048822308132875,0.5718833092529412,否,是,是,否,否,-0.14376661850588243,0.5048822308132875,0.5718833092529412,部分满足
连续调节,W2P2,72,530334.7026328767,491664.7056328767,7365.7597587899545,6828.676467123288,1056.7199999999998,400.34400000000005,656.376,0.0,0.0,400.3439999999998,400.34400000000005,-2.2737367544323206e-13,1.0,0.37885532591414955,0.0,是,是,是,是,是,0.9999999999999994,0.37885532591414955,0.0,全满足
连续调节,W2P2,63,415426.9026328767,376756.90563287673,6594.077819569471,5980.268343378996,932.22,400.34400000000005,531.876,0.0,0.0,400.34400000000005,400.34400000000005,0.0,1.0,0.4294522752140053,0.0,是,是,是,是,是,1.0,0.4294522752140053,0.0,全满足
连续调节,W2P2,54,320949.2916328768,282279.2946328768,5943.505400608829,5227.394345053274,807.72,400.34400000000005,407.3760000000001,0.0,0.0,400.34399999999994,400.34400000000005,-1.1368683772161603e-13,1.0,0.49564700638835246,0.0,是,是,是,是,是,0.9999999999999997,0.49564700638835246,0.0,全满足
连续调节,W2P2,45,232117.39953287668,193447.40253287667,5158.164434063926,4298.831167397259,683.22,400.34400000000005,290.71220000000005,7.8362000000000265,0.0,392.5078,392.50780000000003,-5.684341886080802e-14,0.9804263333533161,0.5744969409560611,0.019573666646683915,是,是,是,是,是,0.9608526667066319,0.5744969409560611,0.019573666646683915,全满足
连续调节,W2P2,36,170059.84953287666,131389.85253287666,4723.884709246574,3649.7181259132403,558.7199999999999,400.34400000000005,290.71220000000005,132.33620000000008,0.0,268.00779999999986,268.0078,-1.1368683772161603e-13,0.6694437783506183,0.47968177262313866,0.3305562216493817,是,是,是,否,否,0.3388875567012364,0.47968177262313866,0.3305562216493817,部分满足
连续调节,W2P3,72,631468.5266328767,592798.5296328767,8770.396203234399,8233.312911567733,1056.7199999999998,234.584,822.136,0.0,0.0,234.58399999999983,234.584,-1.7053025658242404e-13,1.0,0.22199258081611029,0.0,是,否,否,是,否,0.9999999999999992,0.22199258081611029,0.0,部分满足
连续调节,W2P3,63,516560.7266328767,477890.7296328767,8199.376613220265,7585.567137029789,932.22,234.584,697.636,0.0,0.0,234.58400000000006,234.584,5.684341886080802e-14,1.0,0.2516401707751389,0.0,是,否,否,是,否,1.0000000000000002,0.2516401707751389,0.0,部分满足
连续调节,W2P3,54,401740.7156328766,363070.71863287664,7439.6428820903075,6723.531826534752,807.7199999999998,234.584,573.136,0.0,0.0,234.58399999999983,234.584,-1.7053025658242404e-13,1.0,0.2904273758233052,0.0,是,否,否,是,否,0.9999999999999992,0.2904273758233052,0.0,部分满足
连续调节,W2P3,45,311110.4156328766,272440.41863287665,6913.564791841703,6054.231525175037,683.2199999999998,234.584,448.63599999999985,0.0,0.0,234.58399999999995,234.584,-5.684341886080802e-14,1.0,0.343350604490501,0.0,是,是,否,是,是,0.9999999999999998,0.343350604490501,0.0,全满足
连续调节,W2P3,36,220480.1156328767,181810.1186328767,6124.4476564687975,5050.281073135464,558.72,234.584,324.136,0.0,0.0,234.584,234.584,0.0,1.0,0.41985967926689577,0.0,是,是,是,是,是,1.0,0.41985967926689577,0.0,全满足
连续调节,W2P4,72,670961.2626328768,632291.2656328768,9318.906425456622,8781.823133789956,1056.7199999999998,169.94400000000002,886.776,0.0,0.0,169.94399999999985,169.94400000000002,-1.7053025658242404e-13,1.0,0.16082216670451968,0.0,是,否,否,是,否,0.999999999999999,0.16082216670451968,0.0,部分满足
连续调节,W2P4,63,556053.4626328767,517383.46563287673,8826.24543861709,8212.435962426614,932.2199999999999,169.94400000000002,762.276,0.0,0.0,169.94399999999996,169.94400000000002,-5.684341886080802e-14,1.0,0.18230031537619878,0.0,是,否,否,是,否,0.9999999999999997,0.18230031537619878,0.0,部分满足
连续调节,W2P4,54,441145.6626328767,402475.66563287674,8169.364122831051,7453.253067275496,807.72,169.94400000000002,637.7760000000001,0.0,0.0,169.94399999999996,169.94400000000002,-5.684341886080802e-14,1.0,0.21039964344079634,0.0,是,否,否,是,否,0.9999999999999997,0.21039964344079634,0.0,部分满足
连续调节,W2P4,45,343770.3906328767,305100.39363287674,7639.342014063927,6780.008747397261,683.2199999999999,169.94400000000002,513.276,0.0,0.0,169.94399999999996,169.94400000000002,-5.684341886080802e-14,1.0,0.24873979098972518,0.0,是,否,否,是,否,0.9999999999999997,0.24873979098972518,0.0,部分满足
连续调节,W2P4,36,253140.09063287673,214470.09363287673,7031.669184246576,5957.5026009132425,558.72,169.94400000000002,388.77600000000007,0.0,0.0,169.94399999999996,169.94400000000002,-5.684341886080802e-14,1.0,0.3041666666666667,0.0,是,是,否,是,是,0.9999999999999997,0.3041666666666667,0.0,全满足
连续调节,W3P1,72,380328.03313287674,341658.03613287676,5282.333793512177,4745.25050184551,1056.7199999999998,780.8399999999999,402.2482,126.36819999999997,0.0,654.4717999999998,654.4717999999999,-1.1368683772161603e-13,0.8381637723477281,0.6193426830191536,0.1618362276522719,是,是,是,是,是,0.676327544695456,0.6193426830191536,0.1618362276522719,全满足
连续调节,W3P1,63,271961.74213287677,233291.74513287676,4316.853049728203,3703.0435735377264,932.22,780.8399999999999,277.7482000000001,126.36819999999999,0.0,654.4717999999999,654.4717999999999,0.0,0.8381637723477281,0.7020572397073651,0.1618362276522719,是,是,是,是,是,0.6763275446954561,0.7020572397073651,0.1618362276522719,全满足
连续调节,W3P1,54,197414.34313287673,158744.34613287673,3655.821169127347,2939.710113571791,807.72,780.8399999999999,223.32620000000003,196.44619999999998,0.0,584.3938,584.3937999999999,1.1368683772161603e-13,0.7484168331540393,0.7235103748823849,0.25158316684596077,是,是,是,否,否,0.49683366630807857,0.7235103748823849,0.25158316684596077,部分满足
连续调节,W3P1,45,135356.79313287674,96686.79613287674,3007.92873628615,2148.595469619483,683.2199999999999,780.8399999999999,223.32620000000003,320.9462,0.0,459.8937999999999,459.89379999999994,-5.684341886080802e-14,0.5889731571128528,0.6731269576417552,0.4110268428871472,否,是,是,否,否,0.17794631422570556,0.6731269576417552,0.4110268428871472,部分满足
连续调节,W3P1,36,73299.2431328767,34629.2461328767,2036.0900870243527,961.9235036910195,558.7199999999998,780.8399999999999,223.32620000000003,445.44620000000003,0.0,335.39379999999977,335.3937999999999,-1.1368683772161603e-13,0.42952948107166633,0.6002895904925544,0.5704705189283337,否,是,是,否,否,-0.14094103785666753,0.6002895904925544,0.5704705189283337,部分满足
连续调节,W3P2,72,479823.91303287674,441153.91603287676,6664.22101434551,6127.137722678844,1056.7199999999998,522.28,538.1664,3.7264000000000053,0.0,518.5535999999998,518.5536,-1.1368683772161603e-13,0.9928651298154246,0.4907199636611402,0.007134870184575334,是,是,是,是,是,0.985730259630849,0.4907199636611402,0.007134870184575334,全满足
连续调节,W3P2,63,366106.3930328768,327436.3960328768,5811.212587823441,5197.403111632965,932.22,522.28,413.6664000000001,3.7264000000000053,0.0,518.5536,518.5536,0.0,0.9928651298154246,0.5562566776082898,0.007134870184575334,是,是,是,是,是,0.9857302596308493,0.5562566776082898,0.007134870184575334,全满足
连续调节,W3P2,54,275476.0930328767,236806.09603287673,5101.409130238458,4385.298074682903,807.72,522.28,289.16640000000007,3.7264000000000053,0.0,518.5536,518.5536,0.0,0.9928651298154246,0.6419967315406329,0.007134870184575334,是,是,是,是,是,0.9857302596308493,0.6419967315406329,0.007134870184575334,全满足
连续调节,W3P2,45,201539.5771328768,162869.58013287678,4478.657269619484,3619.3240029528174,683.22,522.28,237.4062,76.46619999999992,0.0,445.8138,445.81380000000007,-5.684341886080802e-14,0.8535915600827144,0.6525186616316854,0.14640843991728558,是,是,是,是,是,0.7071831201654286,0.6525186616316854,0.14640843991728558,全满足
连续调节,W3P2,36,139482.02713287668,100812.03013287668,3874.500753691019,2800.3341703576857,558.7199999999998,522.28,237.4062,200.96620000000013,0.0,321.3137999999998,321.31379999999984,-5.684341886080802e-14,0.6152136784866352,0.5750891323024054,0.3847863215133647,是,是,是,否,否,0.2304273569732704,0.5750891323024054,0.3847863215133647,部分满足
连续调节,W3P3,72,579375.8802328767,540705.8832328768,8046.887225456621,7509.803933789955,1056.7199999999998,356.52000000000004,700.1999999999999,0.0,0.0,356.51999999999987,356.52000000000004,-1.7053025658242404e-13,1.0,0.33738360208948454,0.0,是,是,否,是,是,0.9999999999999996,0.33738360208948454,0.0,全满足
连续调节,W3P3,63,464468.0802328767,425798.0832328767,7372.509210045662,6758.699733855186,932.22,356.52000000000004,575.7,0.0,0.0,356.52,356.52000000000004,-5.684341886080802e-14,1.0,0.3824419128531892,0.0,是,是,是,是,是,0.9999999999999999,0.3824419128531892,0.0,全满足
连续调节,W3P3,54,355412.3082328767,316742.31123287673,6581.7094117199385,5865.598356164384,807.72,356.52000000000004,451.2,0.0,0.0,356.52000000000004,356.52000000000004,0.0,1.0,0.4413905808943694,0.0,是,是,是,是,是,1.0,0.4413905808943694,0.0,全满足
连续调节,W3P3,45,264782.00823287666,226112.01123287666,5884.044627397259,5024.711360730593,683.2199999999999,356.52000000000004,326.6999999999999,0.0,0.0,356.52000000000004,356.52000000000004,0.0,1.0,0.5218231316413455,0.0,是,是,是,是,是,1.0,0.5218231316413455,0.0,全满足
连续调节,W3P3,36,182231.53113287673,143561.53413287672,5061.9869759132425,3987.820392579909,558.72,356.52000000000004,237.4062,35.206199999999995,0.0,321.3138,321.3138,0.0,0.9012504207337596,0.5750891323024055,0.0987495792662403,是,是,是,是,是,0.8025008414675194,0.5750891323024055,0.0987495792662403,全满足
连续调节,W3P4,72,618868.6162328768,580198.6192328768,8595.397447678844,8058.314156012178,1056.7199999999998,291.88,764.8399999999999,0.0,0.0,291.8799999999999,291.88,-1.1368683772161603e-13,1.0,0.2762131879778939,0.0,是,否,否,是,否,0.9999999999999996,0.2762131879778939,0.0,部分满足
连续调节,W3P4,63,503960.8162328767,465290.8192328767,7999.378035442487,7385.568559252011,932.22,291.88,640.3399999999999,0.0,0.0,291.8800000000001,291.88,1.1368683772161603e-13,1.0,0.31310205745424896,0.0,是,是,否,是,是,1.0000000000000004,0.31310205745424896,0.0,全满足
连续调节,W3P4,54,389053.01623287663,350383.01923287666,7204.685485794012,6488.574430238456,807.7199999999999,291.88,515.8399999999999,0.0,0.0,291.88,291.88,0.0,1.0,0.36136284851186057,0.0,是,是,是,是,是,1.0,0.36136284851186057,0.0,全满足
连续调节,W3P4,45,296287.5442328766,257617.54723287662,6584.1676496194805,5724.834382952814,683.2199999999999,291.88,391.3399999999999,0.0,0.0,291.88,291.88,0.0,1.0,0.4272123181405697,0.0,是,是,是,是,是,1.0,0.4272123181405697,0.0,全满足
连续调节,W3P4,36,205657.24423287672,166987.24723287672,5712.70122869102,4638.534645357687,558.72,291.88,266.84000000000003,0.0,0.0,291.88,291.88,0.0,1.0,0.5224083619702176,0.0,是,是,是,是,是,1.0,0.5224083619702176,0.0,全满足
连续调节,W4P1,72,355389.29663287674,316719.29963287676,4935.962453234399,4398.879161567733,1056.7199999999998,876.924,353.50199999999995,173.706,0.0,703.2179999999998,703.218,-1.1368683772161603e-13,0.8019144190374536,0.6654724051782877,0.19808558096254636,是,是,是,是,是,0.6038288380749071,0.6654724051782877,0.19808558096254636,全满足
连续调节,W4P1,63,247985.5256328768,209315.52863287678,3936.278184648838,3322.4687084583616,932.22,876.924,229.00200000000004,173.70599999999996,0.0,703.218,703.2180000000001,-1.1368683772161603e-13,0.8019144190374538,0.754347686168501,0.1980855809625463,是,是,是,是,是,0.6038288380749074,0.754347686168501,0.1980855809625463,全满足
连续调节,W4P1,54,176866.4894328767,138196.4924328767,3275.305359868087,2559.1943043125316,807.72,876.924,189.51839999999999,258.72239999999994,0.0,618.2016000000001,618.2016000000001,0.0,0.7049659947726372,0.765366216015451,0.29503400522736284,是,是,是,否,否,0.4099319895452744,0.765366216015451,0.29503400522736284,部分满足
连续调节,W4P1,45,114808.9394328768,76138.9424328768,2551.30976517504,1691.9764985083732,683.2200000000001,876.924,189.51839999999999,383.2223999999999,0.0,493.70160000000016,493.7016000000001,5.684341886080802e-14,0.562992460007937,0.722609993852639,0.43700753999206304,否,是,是,否,否,0.125984920015874,0.722609993852639,0.43700753999206304,部分满足
连续调节,W4P1,36,52751.38943287678,14081.392432876783,1465.3163731354662,391.14978980213283,558.72,876.924,189.51839999999999,507.7223999999999,0.0,369.20160000000004,369.2016000000001,-5.684341886080802e-14,0.4210189252432367,0.6607989690721651,0.5789810747567633,否,是,是,否,否,-0.15796214951352663,0.6607989690721651,0.5789810747567633,部分满足
连续调节,W4P2,72,445192.66853287676,406522.6715328768,6183.231507401066,5646.1482157344,1056.7199999999998,618.364,448.09619999999995,9.740200000000009,0.0,608.6237999999998,608.6238000000001,-2.2737367544323206e-13,0.9842484361961564,0.5759555984555986,0.015751563803843703,是,是,是,是,是,0.9684968723923124,0.5759555984555986,0.015751563803843703,全满足
连续调节,W4P2,63,332646.3185328768,293976.3215328768,5280.100294172647,4666.290817982172,932.22,618.364,323.59620000000007,9.740200000000009,0.0,608.6238,608.6238000000001,-1.1368683772161603e-13,0.9842484361961564,0.6528757160326962,0.015751563803843703,是,是,是,是,是,0.9684968723923125,0.6528757160326962,0.015751563803843703,全满足
连续调节,W4P2,54,243049.2734328767,204379.2764328767,4500.912470979199,3784.8014154236425,807.72,618.364,203.5984,14.24239999999999,0.0,604.1216000000001,604.1216000000001,0.0,0.9769676113098434,0.7479344327242115,0.02303238869015659,是,是,是,是,是,0.9539352226196869,0.7479344327242115,0.02303238869015659,全满足
连续调节,W4P2,45,180991.72343287672,142321.72643287672,4022.0382985083716,3162.705031841705,683.22,618.364,203.5984,138.74239999999998,0.0,479.62160000000006,479.62160000000006,0.0,0.7756298878977431,0.702001697842569,0.22437011210225688,是,是,是,否,否,0.5512597757954862,0.702001697842569,0.22437011210225688,部分满足
连续调节,W4P2,36,118934.17343287666,80264.17643287667,3303.7270398021296,2229.5604564687965,558.7199999999999,618.364,203.5984,263.2424000000001,0.0,355.12159999999994,355.12159999999994,0.0,0.5742921644856427,0.635598510882016,0.42570783551435737,否,是,是,否,否,0.14858432897128523,0.635598510882016,0.42570783551435737,部分满足
连续调节,W4P3,72,542570.0386328767,503900.04163287673,7535.694981012177,6998.61168934551,1056.7199999999998,452.60400000000004,604.116,0.0,0.0,452.6039999999998,452.60400000000004,-2.2737367544323206e-13,1.0,0.42831024301612547,0.0,是,是,是,是,是,0.9999999999999994,0.42831024301612547,0.0,全满足
连续调节,W4P3,63,427662.2386328768,388992.2416328768,6788.289502109155,6174.4800259186795,932.22,452.60400000000004,479.6160000000001,0.0,0.0,452.6039999999999,452.60400000000004,-1.1368683772161603e-13,1.0,0.48551200360429947,0.0,是,是,是,是,是,0.9999999999999998,0.48551200360429947,0.0,全满足
连续调节,W4P3,54,320572.0666328768,281902.06963287684,5936.519752460682,5220.408696905127,807.7200000000001,452.60400000000004,355.1160000000001,0.0,0.0,452.60400000000004,452.60400000000004,0.0,1.0,0.5603476452235923,0.0,是,是,是,是,是,1.0,0.5603476452235923,0.0,全满足
连续调节,W4P3,45,229941.76663287677,191271.76963287676,5109.81703628615,4250.483769619484,683.22,452.60400000000004,230.61600000000004,0.0,0.0,452.604,452.60400000000004,-5.684341886080802e-14,1.0,0.662457188021428,0.0,是,是,是,是,是,0.9999999999999999,0.662457188021428,0.0,全满足
连续调节,W4P3,36,161683.67743287672,123013.68043287672,4491.213262024354,3417.04667869102,558.72,452.60400000000004,203.5984,97.48239999999998,0.0,355.12160000000006,355.12160000000006,0.0,0.7846187837491494,0.6355985108820161,0.21538121625085058,是,是,是,否,否,0.5692375674982988,0.6355985108820161,0.21538121625085058,部分满足
连续调节,W4P4,72,582062.7746328769,543392.7776328769,8084.205203234401,7547.121911567734,1056.7199999999998,387.964,668.7560000000001,0.0,0.0,387.9639999999997,387.964,-2.8421709430404007e-13,1.0,0.36713982890453484,0.0,是,是,是,是,是,0.9999999999999992,0.36713982890453484,0.0,全满足
连续调节,W4P4,63,467154.9746328767,428484.9776328767,7415.158327505979,6801.348851315503,932.22,387.964,544.256,0.0,0.0,387.96400000000006,387.964,5.684341886080802e-14,1.0,0.41617214820535925,0.0,是,是,是,是,是,1.0000000000000002,0.41617214820535925,0.0,全满足
连续调节,W4P4,54,352247.17463287676,313577.1776328768,6523.095826534754,5806.9847709792,807.72,387.964,419.7560000000001,0.0,0.0,387.96399999999994,387.964,-5.684341886080802e-14,1.0,0.48031991284108355,0.0,是,是,是,是,是,0.9999999999999999,0.48031991284108355,0.0,全满足
连续调节,W4P4,45,261447.30263287673,222777.30563287673,5809.940058508372,4950.606791841705,683.22,387.964,295.256,0.0,0.0,387.96400000000006,387.964,5.684341886080802e-14,1.0,0.5678463745206522,0.0,是,是,是,是,是,1.0000000000000002,0.5678463745206522,0.0,全满足
连续调节,W4P4,36,178354.3334328767,139684.3364328767,4954.2870398021305,3880.1204564687973,558.72,387.964,203.5984,32.8424,0.0,355.12160000000006,355.1216,5.684341886080802e-14,0.9153467847532245,0.635598510882016,0.08465321524677547,是,是,是,是,是,0.8306935695064492,0.635598510882016,0.08465321524677547,全满足
连续调节,W5P1,72,372829.90313287673,334159.90613287676,5178.193099067732,4641.109807401066,1056.7199999999998,819.4200000000001,395.9442,158.64419999999998,0.0,660.7757999999998,660.7758000000001,-3.410605131648481e-13,0.8063945229552612,0.625308312514195,0.19360547704473893,是,是,是,是,是,0.6127890459105219,0.625308312514195,0.19360547704473893,全满足
连续调节,W5P1,63,264525.23213287664,225855.23513287664,4198.813208458359,3585.003732267883,932.2199999999998,819.4200000000001,271.4441999999999,158.6442,0.0,660.7757999999999,660.7758000000001,-2.2737367544323206e-13,0.8063945229552612,0.7088195919418165,0.19360547704473896,是,是,是,是,是,0.612789045910522,0.7088195919418165,0.19360547704473896,全满足
连续调节,W5P1,54,188997.40913287667,150327.41213287666,3499.9520209791976,2783.840965423642,807.72,819.4200000000001,212.7502,224.45020000000005,0.0,594.9698000000001,594.9698000000001,0.0,0.7260865002074638,0.7366040211954639,0.2739134997925362,是,是,是,否,否,0.45217300041492764,0.7366040211954639,0.2739134997925362,部分满足
连续调节,W5P1,45,126939.85913287674,88269.86213287673,2820.885758508372,1961.5524918417052,683.22,819.4200000000001,212.7502,348.9502,0.0,470.4698,470.4698000000001,-5.684341886080802e-14,0.5741497644675503,0.688606598167501,0.4258502355324497,否,是,是,否,否,0.14829952893510046,0.688606598167501,0.4258502355324497,部分满足
连续调节,W5P1,36,64882.30913287678,26212.31213287678,1802.2863648021328,728.1197814687995,558.72,819.4200000000001,212.7502,473.4501999999999,0.0,345.9698,345.9698000000002,-1.7053025658242404e-13,0.42221302872763683,0.6192185710194734,0.5777869712723632,否,是,是,否,否,-0.15557394254472656,0.6192185710194734,0.5777869712723632,部分满足
连续调节,W5P2,72,464455.0190328767,425785.02203287673,6450.764153234399,5913.680861567733,1056.7199999999998,560.8599999999999,505.7104,9.850400000000008,0.0,551.0095999999999,551.0095999999999,0.0,0.9824369717933173,0.5214338708456355,0.01756302820668261,是,是,是,是,是,0.9648739435866347,0.5214338708456355,0.01756302820668261,全满足
连续调节,W5P2,63,352667.9990328766,313998.00203287665,5597.904746553597,4984.095270363122,932.22,560.8599999999999,381.21039999999994,9.850400000000008,0.0,551.0096000000001,551.0095999999999,2.2737367544323206e-13,0.9824369717933173,0.5910724936173863,0.01756302820668261,是,是,是,是,是,0.964873943586635,0.5910724936173863,0.01756302820668261,全满足
连续调节,W5P2,54,262037.69903287664,223367.70203287664,4852.549982090308,4136.438926534753,807.7199999999999,560.8599999999999,256.71039999999994,9.850400000000008,0.0,551.0096,551.0095999999999,1.1368683772161603e-13,0.9824369717933173,0.6821789729114048,0.01756302820668261,是,是,是,是,是,0.9648739435866349,0.6821789729114048,0.01756302820668261,全满足
连续调节,W5P2,45,193122.64313287666,154452.64613287666,4291.614291841704,3432.281025175037,683.2199999999998,560.8599999999999,226.83020000000002,104.47020000000012,0.0,456.3897999999998,456.3897999999998,0.0,0.8137321256641584,0.667998302157431,0.18626787433584163,是,是,是,是,是,0.6274642513283168,0.667998302157431,0.18626787433584163,全满足
连续调节,W5P2,36,131065.09313287669,92395.0961328767,3640.697031468797,2566.5304481354638,558.72,560.8599999999999,226.83020000000002,228.97020000000003,0.0,331.88980000000004,331.88979999999987,1.7053025658242404e-13,0.5917515957636486,0.5940181128293239,0.40824840423635145,否,是,是,否,否,0.18350319152729735,0.5940181128293239,0.40824840423635145,部分满足
连续调节,W5P3,72,561407.3482328767,522737.35123287677,7797.324281012177,7260.240989345511,1056.7199999999998,395.1,661.6200000000001,0.0,0.0,395.0999999999997,395.1,-3.410605131648481e-13,1.0,0.3738928003633887,0.0,是,是,是,是,是,0.9999999999999991,0.3738928003633887,0.0,全满足
连续调节,W5P3,63,446499.5482328767,407829.5512328767,7087.294416394868,6473.484940204393,932.22,395.1,537.1200000000001,0.0,0.0,395.0999999999999,395.1,-1.1368683772161603e-13,1.0,0.42382699362811355,0.0,是,是,是,是,是,0.9999999999999997,0.42382699362811355,0.0,全满足
连续调节,W5P3,54,340568.456232877,301898.459232877,6306.823263571796,5590.712208016241,807.7200000000003,395.1,412.62000000000035,0.0,0.0,395.0999999999999,395.1,-1.1368683772161603e-13,1.0,0.489154657554598,0.0,是,是,是,是,是,0.9999999999999997,0.489154657554598,0.0,全满足
连续调节,W5P3,45,249938.15623287673,211268.15923287673,5554.1812496194825,4694.847982952816,683.22,395.1,288.12,0.0,0.0,395.1,395.1,0.0,1.0,0.5782910336348468,0.0,是,是,是,是,是,1.0,0.5782910336348468,0.0,全满足
连续调节,W5P3,36,173814.5971328767,135144.6001328767,4828.183253691019,3754.0166703576856,558.7199999999999,395.1,226.83020000000002,63.21020000000004,0.0,331.8897999999999,331.8898,-5.684341886080802e-14,0.8400146798278916,0.5940181128293243,0.15998532017210843,是,是,是,是,是,0.6800293596557828,0.5940181128293243,0.15998532017210843,全满足
连续调节,W5P4,72,600900.0842328767,562230.0872328767,8345.834503234399,7808.751211567732,1056.7199999999998,330.4599999999999,726.26,0.0,0.0,330.4599999999998,330.4599999999999,-1.1368683772161603e-13,1.0,0.312722386251798,0.0,是,是,否,是,是,0.9999999999999997,0.312722386251798,0.0,全满足
连续调节,W5P4,63,485992.2842328767,447322.2872328767,7714.1632417916935,7100.353765601218,932.22,330.4599999999999,601.76,0.0,0.0,330.46000000000004,330.4599999999999,1.1368683772161603e-13,1.0,0.35448713822917327,0.0,是,是,是,是,是,1.0000000000000004,0.35448713822917327,0.0,全满足
连续调节,W5P4,54,372073.9922328767,333403.99523287674,6890.2591154236425,6174.148059868087,807.72,330.4599999999999,477.26,0.0,0.0,330.46000000000004,330.4599999999999,1.1368683772161603e-13,1.0,0.4091269251720892,0.0,是,是,是,是,是,1.0000000000000004,0.4091269251720892,0.0,全满足
连续调节,W5P4,45,281443.6922328767,242773.69523287672,6254.304271841705,5394.971005175038,683.22,330.4599999999999,352.76,0.0,0.0,330.46000000000004,330.4599999999999,1.1368683772161603e-13,1.0,0.48368022013407086,0.0,是,是,是,是,是,1.0000000000000004,0.48368022013407086,0.0,全满足
连续调节,W5P4,36,190813.3922328767,152143.3952328767,5300.372006468798,4226.205423135464,558.72,330.4599999999999,228.26000000000002,0.0,0.0,330.46000000000004,330.4599999999999,1.1368683772161603e-13,1.0,0.5914590492554408,0.0,是,是,是,是,是,1.0000000000000004,0.5914590492554408,0.0,全满足
连续调节,W6P1,72,396943.3761328767,358273.37913287675,5513.102446289955,4976.019154623288,1056.7199999999998,715.76,431.7862,90.8262,0.0,624.9337999999998,624.9338,-2.2737367544323206e-13,0.8731052308036213,0.5913901506548567,0.12689476919637868,是,是,是,是,是,0.7462104616072424,0.5913901506548567,0.12689476919637868,全满足
连续调节,W6P1,63,288309.5451328767,249639.54813287672,4576.341986236139,3962.532510045662,932.2200000000001,715.76,307.28620000000006,90.8262,0.0,624.9338,624.9338,0.0,0.8731052308036213,0.6703715861062839,0.12689476919637868,是,是,是,是,是,0.7462104616072427,0.6703715861062839,0.12689476919637868,全满足
连续调节,W6P1,54,211541.04513287675,172871.04813287675,3917.42676171994,3201.315706164384,807.72,715.76,243.18619999999999,151.22619999999995,0.0,564.5338,564.5338,0.0,0.7887194031518946,0.6989226464616451,0.21128059684810543,是,是,是,否,否,0.5774388063037891,0.6989226464616451,0.21128059684810543,部分满足
连续调节,W6P1,45,149483.49513287673,110813.49813287673,3321.855447397261,2462.522180730594,683.22,715.76,243.18619999999999,275.72619999999995,0.0,440.03380000000004,440.03380000000004,0.0,0.6147784173465967,0.6440587219343696,0.3852215826534033,是,是,是,否,否,0.22955683469319338,0.6440587219343696,0.3852215826534033,部分满足
连续调节,W6P1,36,87425.94513287678,48755.94813287678,2428.498475913244,1354.3318925799106,558.7200000000001,715.76,243.18619999999999,400.2261999999999,0.0,315.53380000000016,315.5338000000001,5.684341886080802e-14,0.4408374315412989,0.5647440578465064,0.559162568458701,否,是,是,否,否,-0.11832513691740211,0.5647440578465064,0.559162568458701,部分满足
连续调节,W6P2,72,506640.5082328767,467970.51123287674,7036.6737254566215,6499.590433789955,1056.7199999999998,457.20000000000005,599.52,0.0,0.0,457.1999999999998,457.20000000000005,-2.2737367544323206e-13,1.0,0.43265955030660924,0.0,是,是,是,是,是,0.9999999999999996,0.43265955030660924,0.0,全满足
连续调节,W6P2,63,391732.70823287667,353062.7112328767,6217.979495759947,5604.170019569471,932.2199999999999,457.20000000000005,475.0199999999999,0.0,0.0,457.2,457.20000000000005,-5.684341886080802e-14,1.0,0.4904421703031474,0.0,是,是,是,是,是,0.9999999999999999,0.4904421703031474,0.0,全满足
连续调节,W6P2,54,299125.5762328766,260455.57923287663,5539.362522831048,4823.251467275493,807.7199999999998,457.20000000000005,350.51999999999987,0.0,0.0,457.19999999999993,457.20000000000005,-1.1368683772161603e-13,1.0,0.5660377358490568,0.0,是,是,是,是,是,0.9999999999999998,0.5660377358490568,0.0,全满足
连续调节,W6P2,45,215666.2791328767,176996.2821328767,4792.583980730593,3933.2507140639264,683.22,457.20000000000005,257.2662,31.246200000000037,0.0,425.9538,425.9538,0.0,0.9316574803149605,0.6234504259242997,0.06834251968503945,是,是,是,是,是,0.8633149606299211,0.6234504259242997,0.06834251968503945,全满足
连续调节,W6P2,36,153608.72913287664,114938.73213287664,4266.909142579907,3192.7425592465734,558.7199999999998,457.20000000000005,257.2662,155.74620000000013,0.0,301.4537999999998,301.4537999999999,-1.1368683772161603e-13,0.659347769028871,0.5395435996563573,0.34065223097112884,是,是,是,否,否,0.3186955380577419,0.5395435996563573,0.34065223097112884,部分满足
连续调节,W6P3,72,607774.3322328768,569104.3352328768,8441.310169901066,7904.2268782344,1056.7199999999998,291.44,765.28,0.0,0.0,291.4399999999998,291.44,-1.7053025658242404e-13,1.0,0.27579680520857,0.0,是,否,否,是,否,0.9999999999999994,0.27579680520857,0.0,部分满足
连续调节,W6P3,63,492866.53223287675,454196.5352328768,7823.278289410742,7209.468813220266,932.22,291.44,640.78,0.0,0.0,291.44000000000005,291.44,5.684341886080802e-14,1.0,0.31263006586428094,0.0,是,是,否,是,是,1.0000000000000002,0.31263006586428094,0.0,全满足
连续调节,W6P3,54,379917.0002328767,341247.0032328767,7035.500004312531,6319.388948756976,807.7199999999999,291.44,516.28,0.0,0.0,291.43999999999994,291.44,-5.684341886080802e-14,1.0,0.36081810528400937,0.0,是,是,是,是,是,0.9999999999999998,0.36081810528400937,0.0,全满足
连续调节,W6P3,45,289286.7002328767,250616.7032328767,6428.593338508371,5569.260071841704,683.22,291.44,391.78,0.0,0.0,291.44000000000005,291.44,5.684341886080802e-14,1.0,0.42656830889025493,0.0,是,是,是,是,是,1.0000000000000002,0.42656830889025493,0.0,全满足
连续调节,W6P3,36,198656.4002328767,159986.4032328767,5518.233339802131,4444.066756468797,558.72,291.44,267.28000000000003,0.0,0.0,291.44,291.44,0.0,1.0,0.5216208476517754,0.0,是,是,是,是,是,1.0,0.5216208476517754,0.0,全满足
连续调节,W6P4,72,647267.0682328767,608597.0712328767,8989.820392123287,8452.737100456621,1056.7199999999998,226.8,829.9200000000001,0.0,0.0,226.79999999999973,226.8,-2.8421709430404007e-13,1.0,0.2146263910969794,0.0,是,否,否,是,否,0.9999999999999988,0.2146263910969794,0.0,部分满足
连续调节,W6P4,63,532359.2682328768,493689.2712328768,8450.147114807569,7836.337638617092,932.22,226.8,705.4200000000001,0.0,0.0,226.79999999999995,226.8,-5.684341886080802e-14,1.0,0.2432902104653408,0.0,是,否,否,是,否,0.9999999999999998,0.2432902104653408,0.0,部分满足
连续调节,W6P4,54,417451.46823287674,378781.47123287676,7730.582745053273,7014.471689497718,807.72,226.8,580.9200000000001,0.0,0.0,226.79999999999995,226.8,-5.684341886080802e-14,1.0,0.28079037290150055,0.0,是,否,否,是,否,0.9999999999999998,0.28079037290150055,0.0,部分满足
连续调节,W6P4,45,321365.5752328767,282695.5782328767,7141.45722739726,6282.123960730594,683.2199999999999,226.8,456.41999999999996,0.0,0.0,226.79999999999995,226.8,-5.684341886080802e-14,1.0,0.3319574953894793,0.0,是,是,否,是,是,0.9999999999999998,0.3319574953894793,0.0,全满足
连续调节,W6P4,36,230735.27523287674,192065.27823287674,6409.313200913242,5335.14661757991,558.72,226.8,331.92,0.0,0.0,226.8,226.8,0.0,1.0,0.4059278350515464,0.0,是,是,是,是,是,1.0,0.4059278350515464,0.0,全满足
