场景编号,日产氨量(吨),日总成本(元),日增量成本(元),吨氨成本(元/吨),增量吨氨成本(元/吨),总用电量(MWh),新能源发电量(MWh),网购电量(MWh),上网电量(MWh),弃电量(MWh),自用新能源电量(MWh),自发自用率,绿电用电比例,上网比例,合格情况,自发自用率达标,绿电占比达标,2030绿电占比达标,上网比例达标,负荷率序列,网购功率序列(MW),上网功率序列(MW)
W1P1,72,390965.99163287674,352295.99463287677,5430.083217123288,4892.999925456622,1056.7199999999998,761.7639999999999,430.28,135.324,0.0,626.4399999999998,0.8223544299809389,0.5928155045802104,0.17764557001906106,全满足,是,是,是,是,1 1 1 1 1 1 1 1 1 1 1 1 1 1 1 1 1 1 1 1 1 1 1 1,33.0938 31.6958 27.1478 29.178 27.6082 24.4062 20.2922 0 0 0 0 0 0 0 0 0 1.862 13.9358 26.162 37.8838 39.608 39.4382 38.18 39.7882,0 0 0 0 0 0 0 3.5338 9.4622 14.708 18.7638 17.376 20.1162 26.6502 14.058 10.6558 0 0 0 0 0 0 0 0
W1P1,63,280667.6016328768,241997.60463287678,4455.041295759949,3841.231819569473,932.22,761.7639999999999,305.7800000000001,135.324,0.0,626.4399999999998,0.8223544299809389,0.671987299135397,0.17764557001906106,全满足,是,是,是,是,1 1 1 1 1 1 1 1 1 1 1 1 1 1 1 1 1 1 0.36959 0.1 0.1 0.43041 1 1,33.0938 31.6958 27.1478 29.178 27.6082 24.4062 20.2922 0 0 0 0 0 0 0 0 0 1.862 13.9358 0 0.5338 2.258 15.8002 38.18 39.7882,0 0 0 0 0 0 0 3.5338 9.4622 14.708 18.7638 17.376 20.1162 26.6502 14.058 10.6558 0 0 0 0 0 0 0 0
W1P1,54,203265.7275328767,164595.7305328767,3764.180139497717,3048.0690839421613,807.72,761.7639999999999,238.92020000000002,192.9642,0.0,568.7997999999999,0.7466876880503672,0.7042041796662208,0.2533123119496327,部分满足,是,是,是,否,1 1 1 1 1 1 1 1 1 1 1 1 1 1 0.51108 0.1 0.955133 0.664198 0.36959 0.1 0.1 0.1 0.1 1,33.0938 31.6958 27.1478 29.178 27.6082 24.4062 20.2922 0 0 0 0 0 0 0 0 0 0 0 0 0.5338 2.258 2.0882 0.83 39.7882,0 0 0 0 0 0 0 3.5338 9.4622 14.708 18.7638 17.376 20.1162 26.6502 34.3482 48.0058 0 0 0 0 0 0 0 0
W1P1,45,141208.17753287678,102538.18053287678,3137.959500730595,2278.6262340639287,683.22,761.7639999999999,238.92020000000002,317.46419999999983,0.0,444.29980000000006,0.5832512431671752,0.6503026843476479,0.4167487568328247,部分满足,否,是,是,否,1 1 1 1 1 1 1 1 1 1 1 1 1 0.1 0.1 0.1 0.1 0.1 0.1 0.1 0.1 0.1 0.1 1,33.0938 31.6958 27.1478 29.178 27.6082 24.4062 20.2922 0 0 0 0 0 0 0 0 0 0 0 0 0.5338 2.258 2.0882 0.83 39.7882,0 0 0 0 0 0 0 3.5338 9.4622 14.708 18.7638 17.376 20.1162 64.0002 51.408 48.0058 35.488 23.4142 11.188 0 0 0 0 0
W1P1,36,79150.62753287674,40480.63053287674,2198.628542579909,1124.461959246576,558.72,761.7639999999999,238.92020000000002,441.9641999999999,0.0,319.7998,0.41981479828398305,0.5723793671248568,0.580185201716017,部分满足,否,是,是,否,1 1 1 1 1 1 1 1 1 0.7 0.1 0.1 0.1 0.1 0.1 0.1 0.1 0.1 0.1 0.1 0.1 0.1 0.1 1,33.0938 31.6958 27.1478 29.178 27.6082 24.4062 20.2922 0 0 0 0 0 0 0 0 0 0 0 0 0.5338 2.258 2.0882 0.83 39.7882,0 0 0 0 0 0 0 3.5338 9.4622 27.158 56.1138 54.726 57.4662 64.0002 51.408 48.0058 35.488 23.4142 11.188 0 0 0 0 0
W1P2,72,489792.26853287674,451122.27153287677,6802.670396289955,6265.587104623289,1056.7199999999998,503.204,560.9662000000001,7.450200000000002,0.0,495.7538,0.9851944738118139,0.4691439548792491,0.014805526188186108,全满足,是,是,是,是,1 1 1 1 1 1 1 1 1 1 1 1 1 1 1 1 1 1 1 1 1 1 1 1,33.0938 31.6958 27.1478 29.178 27.6082 24.4062 34.3722 18.8662 16.7778 13.452 8.7562 6.304 0.3638 0 6.422 8.5442 15.942 28.6558 34.482 37.8838 39.608 39.4382 38.18 39.7882,0 0 0 0 0 0 0 0 0 0 0 0 0 7.4502 0 0 0 0 0 0 0 0 0 0
W1P2,63,374884.4685328767,336214.4715328767,5950.547119569472,5336.737643378996,932.22,503.204,436.46619999999996,7.450200000000002,0.0,495.7538,0.9851944738118139,0.5317991461243055,0.014805526188186108,全满足,是,是,是,是,1 1 1 1 1 1 1 1 1 1 0.789007 0.848096 0.991234 1 0.845253 1 1 1 0.169108 0.1 0.257301 1 1 1,33.0938 31.6958 27.1478 29.178 27.6082 24.4062 34.3722 18.8662 16.7778 13.452 0 0 0 0 0 8.5442 15.942 28.6558 0 0.5338 8.786 39.4382 38.18 39.7882,0 0 0 0 0 0 0 0 0 0 0 0 0 7.4502 0 0 0 0 0 0 0 0 0 0
W1P2,54,282981.2085328768,244311.2115328768,5240.392750608829,4524.281695053274,807.72,503.204,311.9662000000001,7.450200000000002,0.0,495.7538,0.9851944738118139,0.6137693755261724,0.014805526188186108,全满足,是,是,是,是,1 1 1 1 1 1 1 0.545393 0.595716 0.675855 0.789007 0.848096 0.991234 1 0.845253 0.794116 0.615855 0.309499 0.169108 0.1 0.1 0.620867 1 1,33.0938 31.6958 27.1478 29.178 27.6082 24.4062 34.3722 0 0 0 0 0 0 0 0 0 0 0 0 0.5338 2.258 23.7042 38.18 39.7882,0 0 0 0 0 0 0 0 0 0 0 0 0 7.4502 0 0 0 0 0 0 0 0 0 0
W1P2,45,207390.96153287668,168720.96453287668,4608.688034063926,3749.3547673972594,683.22,503.204,253.0002,72.98420000000004,0.0,430.21979999999996,0.8549610098488882,0.6296943883375778,0.14503899015111177,全满足,是,是,是,是,1 1 1 1 1 1 1 0.545393 0.1 0.675855 0.789007 0.655913 0.1 1 0.845253 0.794116 0.615855 0.309499 0.169108 0.1 0.1 0.1 0.1 1,33.0938 31.6958 27.1478 29.178 27.6082 24.4062 34.3722 0 0 0 0 0 0 0 0 0 0 0 0 0.5338 2.258 2.0882 0.83 39.7882,0 0 0 0 0 0 0 0 20.5722 0 0 7.9756 36.9862 7.4502 0 0 0 0 0 0 0 0 0 0
W1P2,36,145333.41153287666,106663.41453287666,4037.039209246574,2962.8726259132404,558.72,503.204,253.0002,197.48420000000004,0.0,305.71979999999996,0.6075464423971192,0.5471789089347078,0.3924535576028808,部分满足,是,是,是,否,1 1 1 1 1 1 1 0.545393 0.1 0.675855 0.1 0.1 0.1 0.1 0.845253 0.1 0.615855 0.148535 0.169108 0.1 0.1 0.1 0.1 1,33.0938 31.6958 27.1478 29.178 27.6082 24.4062 34.3722 0 0 0 0 0 0 0 0 0 0 0 0 0.5338 2.258 2.0882 0.83 39.7882,0 0 0 0 0 0 0 0 20.5722 0 28.5938 31.046 36.9862 44.8002 0 28.8058 0 6.68 0 0 0 0 0 0
W1P3,72,587763.4826328767,549093.4856328767,8163.381703234399,7626.298411567733,1056.7199999999998,337.44399999999996,719.2760000000001,0.0,0.0,337.44399999999996,1.0,0.31933151639033996,0.0,全满足,是,是,否,是,1 1 1 1 1 1 1 1 1 1 1 1 1 1 1 1 1 1 1 1 1 1 1 1,33.0938 31.6958 27.1478 29.178 27.6082 24.4062 34.3722 20.7862 24.4578 26.252 26.0362 26.144 22.1238 15.5898 26.902 27.1042 30.022 35.0558 36.402 37.8838 39.608 39.4382 38.18 39.7882,0 0 0 0 0 0 0 0 0 0 0 0 0 0 0 0 0 0 0 0 0 0 0 0
W1P3,63,472855.68263287673,434185.68563287676,7505.645756077409,6891.836279886933,932.22,337.44399999999996,594.7760000000001,0.0,0.0,337.44399999999996,1.0,0.36197893201175685,0.0,全满足,是,是,是,是,1 1 1 1 1 1 1 1 1 1 0.372622 1 1 0.624342 0.351759 1 1 1 1 0.1 0.551277 1 1 1,33.0938 31.6958 27.1478 29.178 27.6082 24.4062 34.3722 20.7862 24.4578 26.252 0 26.144 22.1238 0 0 27.1042 30.022 35.0558 36.402 0.5338 20.986 39.4382 38.18 39.7882,0 0 0 0 0 0 0 0 0 0 0 0 0 0 0 0 0 0 0 0 0 0 0 0
W1P3,54,362062.81163287663,323392.81463287666,6704.866882090308,5988.755826534753,807.72,337.44399999999996,470.27599999999995,0.0,0.0,337.44399999999996,1.0,0.4177734858614371,0.0,全满足,是,是,是,是,1 1 1 1 1 1 1 1 1 1 0.372622 0.370024 0.466896 0.624342 0.351759 1 1 1 0.122843 0.1 0.1 0.491513 1 1,33.0938 31.6958 27.1478 29.178 27.6082 24.4062 34.3722 20.7862 24.4578 26.252 0 0 0 0 0 27.1042 30.022 35.0558 0 0.5338 2.258 18.336 38.18 39.7882,0 0 0 0 0 0 0 0 0 0 0 0 0 0 0 0 0 0 0 0 0 0 0 0
W1P3,45,271432.5116328767,232762.5146328767,6031.833591841704,5172.500325175038,683.22,337.44399999999996,345.77599999999995,0.0,0.0,337.44399999999996,1.0,0.4939024033254295,0.0,全满足,是,是,是,是,1 1 1 1 1 1 1 0.499128 0.410655 0.367422 0.372622 0.370024 0.466896 0.624342 0.351759 0.346887 0.71214 0.155282 0.122843 0.1 0.1 1 1 1,33.0938 31.6958 27.1478 29.178 27.6082 24.4062 34.3722 0 0 0 0 0 0 0 0 0 18.0758 0 0 0.5338 2.258 39.4382 38.18 39.7882,0 0 0 0 0 0 0 0 0 0 0 0 0 0 0 0 0 0 0 0 0 0 0 0
W1P3,36,188082.91553287668,149412.91853287668,5224.525431468796,4150.358848135464,558.72,337.44399999999996,253.0002,31.724200000000014,0.0,305.71979999999996,0.9059867711383222,0.5471789089347078,0.09401322886167784,全满足,是,是,是,是,1 1 1 1 1 1 1 0.1 0.410655 0.367422 0.372622 0.1 0.37161 0.624342 0.351759 0.346887 0.276578 0.155282 0.122843 0.1 0.1 0.1 0.1 1,33.0938 31.6958 27.1478 29.178 27.6082 24.4062 34.3722 0 0 0 0 0 0 0 0 0 0 0 0 0.5338 2.258 2.0882 0.83 39.7882,0 0 0 0 0 0 0 16.5638 0 0 0 11.206 3.9544 0 0 0 0 0 0 0 0 0 0 0
W1P4,72,627256.2186328768,588586.2216328768,8711.89192545662,8174.808633789955,1056.7199999999998,272.804,783.9159999999999,0.0,0.0,272.804,1.0,0.2581611022787494,0.0,部分满足,是,否,否,是,1 1 1 1 1 1 1 1 1 1 1 1 1 1 1 1 1 1 1 1 1 1 1 1,33.0938 31.6958 27.1478 29.178 27.6082 24.4062 34.3722 22.0662 27.6578 31.372 33.7162 36.384 31.0838 21.9898 33.302 32.8642 35.142 38.2558 37.682 37.8838 39.608 39.4382 38.18 39.7882,0 0 0 0 0 0 0 0 0 0 0 0 0 0 0 0 0 0 0 0 0 0 0 0
W1P4,63,512348.4186328767,473678.42163287674,8132.514581474234,7518.705105283758,932.22,272.804,659.416,0.0,0.0,272.804,1.0,0.2926390766128167,0.0,部分满足,是,否,否,是,1 1 1 1 1 1 1 1 1 1 0.187561 0.893778 0.250993 0.470125 0.197542 1 1 1 1 1 1 1 1 1,33.0938 31.6958 27.1478 29.178 27.6082 24.4062 34.3722 22.0662 27.6578 31.372 0 31.9758 0 0 0 32.8642 35.142 38.2558 37.682 37.8838 39.608 39.4382 38.18 39.7882,0 0 0 0 0 0 0 0 0 0 0 0 0 0 0 0 0 0 0 0 0 0 0 0
W1P4,54,397440.6186328767,358770.62163287675,7360.011456164384,6643.900400608829,807.72,272.804,534.9159999999999,0.0,0.0,272.804,1.0,0.3377457534789283,0.0,全满足,是,是,否,是,1 1 1 1 1 1 1 1 1 1 0.187561 0.123277 0.250993 0.470125 0.197542 1 1 1 0.1 0.1 0.570501 1 1 1,33.0938 31.6958 27.1478 29.178 27.6082 24.4062 34.3722 22.0662 27.6578 31.372 0 0 0 0 0 32.8642 35.142 38.2558 0.332 0.5338 21.7838 39.4382 38.18 39.7882,0 0 0 0 0 0 0 0 0 0 0 0 0 0 0 0 0 0 0 0 0 0 0 0
W1P4,45,303002.7876328767,264332.79063287674,6733.395280730594,5874.062014063928,683.22,272.804,410.416,0.0,0.0,272.804,1.0,0.3992915898246538,0.0,全满足,是,是,是,是,1 1 1 1 1 1 1 0.775658 0.333547 1 0.187561 0.123277 0.250993 0.470125 0.197542 0.208092 0.153205 1 0.1 0.1 0.1 1 1 1,33.0938 31.6958 27.1478 29.178 27.6082 24.4062 34.3722 12.756 0 31.372 0 0 0 0 0 0 0 38.2558 0.332 0.5338 2.258 39.4382 38.18 39.7882,0 0 0 0 0 0 0 0 0 0 0 0 0 0 0 0 0 0 0 0 0 0 0 0
W1P4,36,212372.4876328767,173702.4906328767,5899.2357675799085,4825.069184246575,558.7199999999999,272.804,285.91599999999994,0.0,0.0,272.804,1.0,0.48826603665521195,0.0,全满足,是,是,是,是,1 1 1 1 1 1 1 0.468284 0.333547 1 0.187561 0.123277 0.250993 0.470125 0.197542 0.208092 0.153205 0.1 0.1 0.1 0.1 0.1 0.107373 1,33.0938 31.6958 27.1478 29.178 27.6082 24.4062 34.3722 0 0 31.372 0 0 0 0 0 0 0 0.9058 0.332 0.5338 2.258 2.0882 1.136 39.7882,0 0 0 0 0 0 0 0 0 0 0 0 0 0 0 0 0 0 0 0 0 0 0 0
W2P1,72,420187.3116328767,381517.3146328767,5835.934883789954,5298.851592123287,1056.7199999999998,658.904,487.428,89.61199999999998,0.0,569.292,0.8639983973386108,0.5387349534408359,0.1360016026613892,全满足,是,是,是,是,1 1 1 1 1 1 1 1 1 1 1 1 1 1 1 1 1 1 1 1 1 1 1 1,37.5578 34.0998 32.9198 32.186 32.7802 33.5102 20.7802 11.6302 3.6418 0 0 0 0 0 0 0 6.074 13.7118 26.338 39.3078 41.032 41.6382 40.936 39.2842,0 0 0 0 0 0 0 0 0 5.24 12.1958 13.932 15.7282 18.9182 15.714 7.8838 0 0 0 0 0 0 0 0
W2P1,63,309854.6016328768,271184.6046328768,4918.327010045663,4304.517533855187,932.22,658.904,362.92800000000005,89.61199999999998,0.0,569.292,0.8639983973386108,0.6106841732638219,0.1360016026613892,全满足,是,是,是,是,1 1 1 1 1 1 1 1 1 1 1 1 1 1 1 1 1 1 0.365349 0.1 0.1 0.434651 1 1,37.5578 34.0998 32.9198 32.186 32.7802 33.5102 20.7802 11.6302 3.6418 0 0 0 0 0 0 0 6.074 13.7118 0 1.9578 3.682 18.1762 40.936 39.2842,0 0 0 0 0 0 0 0 0 5.24 12.1958 13.932 15.7282 18.9182 15.714 7.8838 0 0 0 0 0 0 0 0
W2P1,54,227992.16553287677,189322.16853287676,4222.077139497718,3505.966083942162,807.72,658.904,276.6322,127.8161999999999,0.0,531.0878000000001,0.8060169614997027,0.6575147328282079,0.1939830385002973,全满足,是,是,是,是,1 1 1 1 1 1 1 0.719754 0.912246 1 1 1 1 1 0.979417 0.1 0.853639 0.669595 0.365349 0.1 0.1 0.1 0.1 1,37.5578 34.0998 32.9198 32.186 32.7802 33.5102 20.7802 0 0 0 0 0 0 0 0 0 0 0 0 1.9578 3.682 4.2882 3.586 39.2842,0 0 0 0 0 0 0 0 0 5.24 12.1958 13.932 15.7282 18.9182 16.5682 45.2338 0 0 0 0 0 0 0 0
W2P1,45,165934.6155328768,127264.6185328768,3687.4359007305957,2828.102634063929,683.2200000000001,658.904,276.6322,252.31619999999984,0.0,406.58780000000013,0.6170668261233808,0.595105236966131,0.3829331738766191,部分满足,是,是,是,否,1 1 1 1 1 1 1 0.719754 0.912246 1 1 0.679417 0.1 0.1 0.1 0.1 0.853639 0.669595 0.365349 0.1 0.1 0.1 0.1 1,37.5578 34.0998 32.9198 32.186 32.7802 33.5102 20.7802 0 0 0 0 0 0 0 0 0 0 0 0 1.9578 3.682 4.2882 3.586 39.2842,0 0 0 0 0 0 0 0 0 5.24 12.1958 27.2362 53.0782 56.2682 53.064 45.2338 0 0 0 0 0 0 0 0
W2P1,36,103877.06553287673,65207.068532876736,2885.474042579909,1811.307459246576,558.72,658.904,276.6322,376.8162,0.0,282.0878,0.42811669074705877,0.5048822308132875,0.5718833092529412,部分满足,否,是,是,否,1 1 1 1 1 1 1 0.719754 0.912246 0.1 0.1 0.1 0.1 0.1 0.1 0.1 0.233055 0.669595 0.365349 0.1 0.1 0.1 0.1 1,37.5578 34.0998 32.9198 32.186 32.7802 33.5102 20.7802 0 0 0 0 0 0 0 0 0 0 0 0 1.9578 3.682 4.2882 3.586 39.2842,0 0 0 0 0 0 0 0 0 42.59 49.5458 51.282 53.0782 56.2682 53.064 45.2338 25.7542 0 0 0 0 0 0 0
W2P2,72,530334.7026328767,491664.7056328767,7365.7597587899545,6828.676467123288,1056.7199999999998,400.34400000000005,656.376,0.0,0.0,400.34400000000005,1.0,0.37885532591414955,0.0,全满足,是,是,是,是,1 1 1 1 1 1 1 1 1 1 1 1 1 1 1 1 1 1 1 1 1 1 1 1,37.5578 34.0998 32.9198 32.186 32.7802 33.5102 34.8602 34.0302 29.8818 22.92 15.3242 9.748 4.7518 0.2818 4.766 11.3162 20.154 28.4318 34.658 39.3078 41.032 41.6382 40.936 39.2842,0 0 0 0 0 0 0 0 0 0 0 0 0 0 0 0 0 0 0 0 0 0 0 0
W2P2,63,415426.9026328767,376756.90563287673,6594.077819569471,5980.268343378996,932.22,400.34400000000005,531.876,0.0,0.0,400.34400000000005,1.0,0.4294522752140053,0.0,全满足,是,是,是,是,1 1 1 1 1 1 1 1 1 1 0.630742 0.765108 0.885499 0.99321 0.885157 1 1 1 0.164867 0.1 0.575417 1 1 1,37.5578 34.0998 32.9198 32.186 32.7802 33.5102 34.8602 34.0302 29.8818 22.92 0 0 0 0 0 11.3162 20.154 28.4318 0 1.9578 23.4118 41.6382 40.936 39.2842,0 0 0 0 0 0 0 0 0 0 0 0 0 0 0 0 0 0 0 0 0 0 0 0
W2P2,54,320949.2916328768,282279.2946328768,5943.505400608829,5227.394345053274,807.72,400.34400000000005,407.3760000000001,0.0,0.0,400.34400000000005,1.0,0.49564700638835246,0.0,全满足,是,是,是,是,1 1 1 1 1 1 1 0.179995 0.279957 0.700569 0.630742 0.765108 0.885499 0.99321 0.885157 1 1 0.314896 0.164867 0.1 0.1 1 1 1,37.5578 34.0998 32.9198 32.186 32.7802 33.5102 34.8602 0 0 10.4936 0 0 0 0 0 11.3162 20.154 0 0 1.9578 3.682 41.6382 40.936 39.2842,0 0 0 0 0 0 0 0 0 0 0 0 0 0 0 0 0 0 0 0 0 0 0 0
W2P2,45,232117.39953287668,193447.40253287667,5158.164434063926,4298.831167397259,683.22,400.34400000000005,290.71220000000005,7.8362000000000265,0.0,392.50780000000003,0.9804263333533161,0.5744969409560611,0.019573666646683915,全满足,是,是,是,是,1 1 1 1 1 1 1 0.179995 0.279957 0.447711 0.630742 0.765108 0.885499 0.99321 0.7612 0.72732 0.514361 0.314896 0.1 0.1 0.1 0.1 0.1 1,37.5578 34.0998 32.9198 32.186 32.7802 33.5102 34.8602 0 0 0 0 0 0 0 0 0 0 0 0 1.9578 3.682 4.2882 3.586 39.2842,0 0 0 0 0 0 0 0 0 0 0 0 0 0 5.1442 0 0 0 2.692 0 0 0 0 0
W2P2,36,170059.84953287666,131389.85253287666,4723.884709246574,3649.7181259132403,558.7199999999999,400.34400000000005,290.71220000000005,132.33620000000008,0.0,268.0078,0.6694437783506183,0.47968177262313866,0.3305562216493817,部分满足,是,是,是,否,1 1 1 1 1 1 1 0.179995 0.1 0.1 0.234366 0.765108 0.1 0.99321 0.1 0.72732 0.1 0.1 0.1 0.1 0.1 0.1 0.1 1,37.5578 34.0998 32.9198 32.186 32.7802 33.5102 34.8602 0 0 0 0 0 0 0 0 0 0 0 0 1.9578 3.682 4.2882 3.586 39.2842,0 0 0 0 0 0 0 0 7.4682 14.43 16.4496 0 32.5982 0 32.584 0 17.196 8.9182 2.692 0 0 0 0 0
W2P3,72,631468.5266328767,592798.5296328767,8770.396203234399,8233.312911567733,1056.7199999999998,234.584,822.136,0.0,0.0,234.584,1.0,0.22199258081611029,0.0,部分满足,是,否,否,是,1 1 1 1 1 1 1 1 1 1 1 1 1 1 1 1 1 1 1 1 1 1 1 1,37.5578 34.0998 32.9198 32.186 32.7802 33.5102 34.8602 35.9502 37.5618 35.72 32.6042 29.588 26.5118 23.3218 25.246 29.8762 34.234 34.8318 36.578 39.3078 41.032 41.6382 40.936 39.2842,0 0 0 0 0 0 0 0 0 0 0 0 0 0 0 0 0 0 0 0 0 0 0 0
W2P3,63,516560.7266328767,477890.7296328767,8199.376613220265,7585.567137029789,932.22,234.584,697.636,0.0,0.0,234.584,1.0,0.2516401707751389,0.0,部分满足,是,否,否,是,1 1 1 1 1 1 1 1 1 1 0.214357 1 0.361161 0.438029 1 1 1 1 0.118602 0.867851 1 1 1 1,37.5578 34.0998 32.9198 32.186 32.7802 33.5102 34.8602 35.9502 37.5618 35.72 0 29.588 0 0 25.246 29.8762 34.234 34.8318 0 33.8236 41.032 41.6382 40.936 39.2842,0 0 0 0 0 0 0 0 0 0 0 0 0 0 0 0 0 0 0 0 0 0 0 0
W2P3,54,401740.7156328766,363070.71863287664,7439.6428820903075,6723.531826534752,807.7199999999998,234.584,573.136,0.0,0.0,234.584,1.0,0.2904273758233052,0.0,部分满足,是,否,否,是,1 1 1 1 1 1 1 1 0.989152 1 0.214357 0.287036 0.361161 0.438029 0.391663 1 1 1 0.118602 0.1 0.1 1 1 1,37.5578 34.0998 32.9198 32.186 32.7802 33.5102 34.8602 35.9502 37.1116 35.72 0 0 0 0 0 29.8762 34.234 34.8318 0 1.9578 3.682 41.6382 40.936 39.2842,0 0 0 0 0 0 0 0 0 0 0 0 0 0 0 0 0 0 0 0 0 0 0 0
W2P3,45,311110.4156328766,272440.41863287665,6913.564791841703,6054.231525175037,683.2199999999998,234.584,448.63599999999985,0.0,0.0,234.584,1.0,0.343350604490501,0.0,全满足,是,是,否,是,1 1 1 1 1 1 1 0.13373 1 0.400246 0.214357 0.287036 0.361161 0.438029 0.391663 0.280092 0.175084 1 0.118602 0.1 0.1 1 1 1,37.5578 34.0998 32.9198 32.186 32.7802 33.5102 34.8602 0 37.5618 10.8302 0 0 0 0 0 0 0 34.8318 0 1.9578 3.682 41.6382 40.936 39.2842,0 0 0 0 0 0 0 0 0 0 0 0 0 0 0 0 0 0 0 0 0 0 0 0
W2P3,36,220480.1156328767,181810.1186328767,6124.4476564687975,5050.281073135464,558.72,234.584,324.136,0.0,0.0,234.584,1.0,0.41985967926689577,0.0,全满足,是,是,是,是,1 1 1 1 1 1 1 0.13373 0.1 0.939566 0.214357 0.287036 0.361161 0.438029 0.391663 0.280092 0.175084 0.16068 0.118602 0.1 0.1 0.1 0.1 1,37.5578 34.0998 32.9198 32.186 32.7802 33.5102 34.8602 0 0.2118 33.212 0 0 0 0 0 0 0 0 0 1.9578 3.682 4.2882 3.586 39.2842,0 0 0 0 0 0 0 0 0 0 0 0 0 0 0 0 0 0 0 0 0 0 0 0
W2P4,72,670961.2626328768,632291.2656328768,9318.906425456622,8781.823133789956,1056.7199999999998,169.94400000000002,886.776,0.0,0.0,169.94400000000002,1.0,0.16082216670451968,0.0,部分满足,是,否,否,是,1 1 1 1 1 1 1 1 1 1 1 1 1 1 1 1 1 1 1 1 1 1 1 1,37.5578 34.0998 32.9198 32.186 32.7802 33.5102 34.8602 37.2302 40.7618 40.84 40.2842 39.828 35.4718 29.7218 31.646 35.6362 39.354 38.0318 37.858 39.3078 41.032 41.6382 40.936 39.2842,0 0 0 0 0 0 0 0 0 0 0 0 0 0 0 0 0 0 0 0 0 0 0 0
W2P4,63,556053.4626328767,517383.46563287673,8826.24543861709,8212.435962426614,932.2199999999999,169.94400000000002,762.276,0.0,0.0,169.94400000000002,1.0,0.18230031537619878,0.0,部分满足,是,否,否,是,1 1 1 1 1 1 1 1 1 1 0.1 0.1 1 1 1 1 1 1 0.1 0.7 1 1 1 1,37.5578 34.0998 32.9198 32.186 32.7802 33.5102 34.8602 37.2302 40.7618 40.84 2.9342 2.478 35.4718 29.7218 31.646 35.6362 39.354 38.0318 0.508 26.8578 41.032 41.6382 40.936 39.2842,0 0 0 0 0 0 0 0 0 0 0 0 0 0 0 0 0 0 0 0 0 0 0 0
W2P4,54,441145.6626328767,402475.66563287674,8169.364122831051,7453.253067275496,807.72,169.94400000000002,637.7760000000001,0.0,0.0,169.94400000000002,1.0,0.21039964344079634,0.0,部分满足,是,否,否,是,1 1 1 1 1 1 1 1 1 1 0.1 0.1 0.145258 0.283812 1 1 1 1 0.1 0.1 0.17093 1 1 1,37.5578 34.0998 32.9198 32.186 32.7802 33.5102 34.8602 37.2302 40.7618 40.84 2.9342 2.478 0 0 31.646 35.6362 39.354 38.0318 0.508 1.9578 6.6256 41.6382 40.936 39.2842,0 0 0 0 0 0 0 0 0 0 0 0 0 0 0 0 0 0 0 0 0 0 0 0
W2P4,45,343770.3906328767,305100.39363287674,7639.342014063927,6780.008747397261,683.2199999999999,169.94400000000002,513.276,0.0,0.0,169.94400000000002,1.0,0.24873979098972518,0.0,部分满足,是,否,否,是,1 1 1 1 1 1 1 1 0.1 0.1 0.1 0.1 0.145258 0.283812 0.237446 1 0.633484 1 0.1 0.1 0.1 1 1 1,37.5578 34.0998 32.9198 32.186 32.7802 33.5102 34.8602 37.2302 3.4118 3.49 2.9342 2.478 0 0 0 35.6362 24.1436 38.0318 0.508 1.9578 3.682 41.6382 40.936 39.2842,0 0 0 0 0 0 0 0 0 0 0 0 0 0 0 0 0 0 0 0 0 0 0 0
W2P4,36,253140.09063287673,214470.09363287673,7031.669184246576,5957.5026009132425,558.72,169.94400000000002,388.77600000000007,0.0,0.0,169.94400000000002,1.0,0.3041666666666667,0.0,全满足,是,是,否,是,1 1 1 1 1 1 1 1 0.1 0.1 0.1 0.1 0.145258 0.283812 0.237446 1 0.1 0.1 0.1 0.1 0.1 0.1 0.333484 1,37.5578 34.0998 32.9198 32.186 32.7802 33.5102 34.8602 37.2302 3.4118 3.49 2.9342 2.478 0 0 0 35.6362 2.004 0.6818 0.508 1.9578 3.682 4.2882 13.2756 39.2842,0 0 0 0 0 0 0 0 0 0 0 0 0 0 0 0 0 0 0 0 0 0 0 0
W3P1,72,380328.03313287674,341658.03613287676,5282.333793512177,4745.25050184551,1056.7199999999998,780.8399999999999,402.2482,126.36819999999997,0.0,654.4717999999999,0.8381637723477281,0.6193426830191536,0.1618362276522719,全满足,是,是,是,是,1 1 1 1 1 1 1 1 1 1 1 1 1 1 1 1 1 1 1 1 1 1 1 1,30.9658 29.2158 28.0318 26.77 27.5922 29.6542 16.0882 6.5102 0 0 0 0 0 0 0 0 0 7.9718 20.438 34.3838 36.132 36.8782 36.608 35.0082,0 0 0 0 0 0 0 0 2.3222 12.296 15.6638 18.94 20.5722 22.8342 17.954 14.0318 1.754 0 0 0 0 0 0 0
W3P1,63,271961.74213287677,233291.74513287676,4316.853049728203,3703.0435735377264,932.22,780.8399999999999,277.7482000000001,126.36819999999999,0.0,654.4717999999999,0.8381637723477281,0.7020572397073651,0.1618362276522719,全满足,是,是,是,是,1 1 1 1 1 1 1 0.843128 1 1 1 1 1 1 1 1 1 0.807908 0.507518 0.171475 0.129349 0.540622 1 1,30.9658 29.2158 28.0318 26.77 27.5922 29.6542 16.0882 0 0 0 0 0 0 0 0 0 0 0 0 0 0 17.814 36.608 35.0082,0 0 0 0 0 0 0 0 2.3222 12.296 15.6638 18.94 20.5722 22.8342 17.954 14.0318 1.754 0 0 0 0 0 0 0
W3P1,54,197414.34313287673,158744.34613287673,3655.821169127347,2939.710113571791,807.72,780.8399999999999,223.32620000000003,196.44619999999998,0.0,584.3937999999999,0.7484168331540393,0.7235103748823849,0.25158316684596077,部分满足,是,是,是,否,1 1 1 1 1 1 1 0.843128 1 1 1 1 1 1 1 0.211373 0.1 0.807908 0.507518 0.171475 0.129349 0.111369 0.11788 1,30.9658 29.2158 28.0318 26.77 27.5922 29.6542 16.0882 0 0 0 0 0 0 0 0 0 0 0 0 0 0 0 0 35.0082,0 0 0 0 0 0 0 0 2.3222 12.296 15.6638 18.94 20.5722 22.8342 17.954 46.7598 39.104 0 0 0 0 0 0 0
W3P1,45,135356.79313287674,96686.79613287674,3007.92873628615,2148.595469619483,683.2199999999999,780.8399999999999,223.32620000000003,320.9462,0.0,459.89379999999994,0.5889731571128528,0.6731269576417552,0.4110268428871472,部分满足,否,是,是,否,1 1 1 1 1 1 1 0.843128 1 1 1 1 1 0.198275 0.1 0.1 0.1 0.1 0.1 0.1 0.129349 0.111369 0.11788 1,30.9658 29.2158 28.0318 26.77 27.5922 29.6542 16.0882 0 0 0 0 0 0 0 0 0 0 0 0 0 0 0 0 35.0082,0 0 0 0 0 0 0 0 2.3222 12.296 15.6638 18.94 20.5722 56.1058 55.304 51.3818 39.104 29.3782 16.912 2.9662 0 0 0 0
W3P1,36,73299.2431328767,34629.2461328767,2036.0900870243527,961.9235036910195,558.7199999999998,780.8399999999999,223.32620000000003,445.44620000000003,0.0,335.3937999999999,0.42952948107166633,0.6002895904925544,0.5704705189283337,部分满足,否,是,是,否,1 1 1 1 1 1 1 0.843128 1 0.798275 0.1 0.1 0.1 0.1 0.1 0.1 0.1 0.1 0.1 0.1 0.129349 0.111369 0.11788 1,30.9658 29.2158 28.0318 26.77 27.5922 29.6542 16.0882 0 0 0 0 0 0 0 0 0 0 0 0 0 0 0 0 35.0082,0 0 0 0 0 0 0 0 2.3222 20.6676 53.0138 56.29 57.9222 60.1842 55.304 51.3818 39.104 29.3782 16.912 2.9662 0 0 0 0
W3P2,72,479823.91303287674,441153.91603287676,6664.22101434551,6127.137722678844,1056.7199999999998,522.28,538.1664,3.7264000000000053,0.0,518.5536,0.9928651298154246,0.4907199636611402,0.007134870184575334,全满足,是,是,是,是,1 1 1 1 1 1 1 1 1 1 1 1 1 1 1 1 1 1 1 1 1 1 1 1,30.9658 29.2158 28.0318 26.77 27.5922 29.6542 30.1682 28.9102 23.9178 15.864 11.8562 4.74 0 0 2.526 5.1682 12.326 22.6918 28.758 34.3838 36.132 36.8782 36.608 35.0082,0 0 0 0 0 0 0 0 0 0 0 0 0.0922 3.6342 0 0 0 0 0 0 0 0 0 0
W3P2,63,366106.3930328768,327436.3960328768,5811.212587823441,5197.403111632965,932.22,522.28,413.6664000000001,3.7264000000000053,0.0,518.5536,0.9928651298154246,0.5562566776082898,0.007134870184575334,全满足,是,是,是,是,1 1 1 1 1 1 1 0.852916 1 1 0.714308 0.885783 1 1 0.939133 1 1 1 0.307036 0.171475 0.129349 1 1 1,30.9658 29.2158 28.0318 26.77 27.5922 29.6542 30.1682 22.8062 23.9178 15.864 0 0 0 0 0 5.1682 12.326 22.6918 0 0 0 36.8782 36.608 35.0082,0 0 0 0 0 0 0 0 0 0 0 0 0.0922 3.6342 0 0 0 0 0 0 0 0 0 0
W3P2,54,275476.0930328767,236806.09603287673,5101.409130238458,4385.298074682903,807.72,522.28,289.16640000000007,3.7264000000000053,0.0,518.5536,0.9928651298154246,0.6419967315406329,0.007134870184575334,全满足,是,是,是,是,1 1 1 1 1 1 1 0.97427 1 0.617735 0.714308 0.885783 1 1 0.939133 0.875465 0.702988 0.45321 0.307036 0.171475 0.129349 0.111369 0.11788 1,30.9658 29.2158 28.0318 26.77 27.5922 29.6542 30.1682 27.8424 23.9178 0 0 0 0 0 0 0 0 0 0 0 0 0 0 35.0082,0 0 0 0 0 0 0 0 0 0 0 0 0.0922 3.6342 0 0 0 0 0 0 0 0 0 0
W3P2,45,201539.5771328768,162869.58013287678,4478.657269619484,3619.3240029528174,683.22,522.28,237.4062,76.46619999999992,0.0,445.81380000000007,0.8535915600827144,0.6525186616316854,0.14640843991728558,全满足,是,是,是,是,1 1 1 1 1 1 1 0.1 0.423667 0.617735 0.714308 0.175518 1 1 0.1 0.875465 0.702988 0.45321 0.307036 0.171475 0.129349 0.111369 0.11788 1,30.9658 29.2158 28.0318 26.77 27.5922 29.6542 30.1682 0 0 0 0 0 0 0 0 0 0 0 0 0 0 0 0 35.0082,0 0 0 0 0 0 0 8.4398 0 0 0 29.476 0.0922 3.6342 34.824 0 0 0 0 0 0 0 0 0
W3P2,36,139482.02713287668,100812.03013287668,3874.500753691019,2800.3341703576857,558.7199999999998,522.28,237.4062,200.96620000000013,0.0,321.31379999999984,0.6152136784866352,0.5750891323024054,0.3847863215133647,部分满足,是,是,是,否,1 1 1 1 1 1 1 0.1 0.1 0.617735 0.1 0.1 1 0.729055 0.1 0.1 0.1 0.45321 0.1 0.1 0.1 0.1 0.1 1,30.9658 29.2158 28.0318 26.77 27.5922 29.6542 30.1682 0 0 0 0 0 0 0 0 0 0 0 0 0 0 0 0 35.0082,0 0 0 0 0 0 0 8.4398 13.4322 0 25.4938 32.61 0.0922 14.8784 34.824 32.1818 25.024 0 8.592 2.9662 1.218 0.4718 0.742 0
W3P3,72,579375.8802328767,540705.8832328768,8046.887225456621,7509.803933789955,1056.7199999999998,356.52000000000004,700.1999999999999,0.0,0.0,356.52000000000004,1.0,0.33738360208948454,0.0,全满足,是,是,否,是,1 1 1 1 1 1 1 1 1 1 1 1 1 1 1 1 1 1 1 1 1 1 1 1,30.9658 29.2158 28.0318 26.77 27.5922 29.6542 30.1682 30.8302 31.5978 28.664 29.1362 24.58 21.6678 19.4058 23.006 23.7282 26.406 29.0918 30.678 34.3838 36.132 36.8782 36.608 35.0082,0 0 0 0 0 0 0 0 0 0 0 0 0 0 0 0 0 0 0 0 0 0 0 0
W3P3,63,464468.0802328767,425798.0832328767,7372.509210045662,6758.699733855186,932.22,356.52000000000004,575.7,0.0,0.0,356.52000000000004,1.0,0.3824419128531892,0.0,全满足,是,是,是,是,1 1 1 1 1 1 1 1 1 1 0.906014 1 1 0.53239 1 1 1 1 0.260771 0.171475 0.129349 1 1 1,30.9658 29.2158 28.0318 26.77 27.5922 29.6542 30.1682 30.8302 31.5978 28.664 25.2358 24.58 21.6678 0 23.006 23.7282 26.406 29.0918 0 0 0 36.8782 36.608 35.0082,0 0 0 0 0 0 0 0 0 0 0 0 0 0 0 0 0 0 0 0 0 0 0 0
W3P3,54,355412.3082328767,316742.31123287673,6581.7094117199385,5865.598356164384,807.72,356.52000000000004,451.2,0.0,0.0,356.52000000000004,1.0,0.4413905808943694,0.0,全满足,是,是,是,是,1 1 1 1 1 1 1 0.848622 1 1 0.297923 0.407711 0.477884 0.53239 0.445639 0.428236 1 1 0.260771 0.171475 0.129349 1 1 1,30.9658 29.2158 28.0318 26.77 27.5922 29.6542 30.1682 24.548 31.5978 28.664 0 0 0 0 0 0 26.406 29.0918 0 0 0 36.8782 36.608 35.0082,0 0 0 0 0 0 0 0 0 0 0 0 0 0 0 0 0 0 0 0 0 0 0 0
W3P3,45,264782.00823287666,226112.01123287666,5884.044627397259,5024.711360730593,683.2199999999999,356.52000000000004,326.6999999999999,0.0,0.0,356.52000000000004,1.0,0.5218231316413455,0.0,全满足,是,是,是,是,1 1 1 1 1 1 1 0.257104 0.238607 0.877831 0.297923 0.407711 0.477884 0.53239 0.445639 0.428236 0.363711 1 0.260771 0.171475 0.129349 0.111369 1 1,30.9658 29.2158 28.0318 26.77 27.5922 29.6542 30.1682 0 0 23.594 0 0 0 0 0 0 0 29.0918 0 0 0 0 36.608 35.0082,0 0 0 0 0 0 0 0 0 0 0 0 0 0 0 0 0 0 0 0 0 0 0 0
W3P3,36,182231.53113287673,143561.53413287672,5061.9869759132425,3987.820392579909,558.72,356.52000000000004,237.4062,35.206199999999995,0.0,321.3138,0.9012504207337596,0.5750891323024055,0.0987495792662403,全满足,是,是,是,是,1 1 1 1 1 1 1 0.257104 0.238607 0.309301 0.1 0.407711 0.1 0.53239 0.445639 0.428236 0.363711 0.298993 0.1 0.1 0.100429 0.1 0.11788 1,30.9658 29.2158 28.0318 26.77 27.5922 29.6542 30.1682 0 0 0 0 0 0 0 0 0 0 0 0 0 0 0 0 35.0082,0 0 0 0 0 0 0 0 0 0 8.2138 0 15.6822 0 0 0 0 0 6.672 2.9662 1.2002 0.4718 0 0
W3P4,72,618868.6162328768,580198.6192328768,8595.397447678844,8058.314156012178,1056.7199999999998,291.88,764.8399999999999,0.0,0.0,291.88,1.0,0.2762131879778939,0.0,部分满足,是,否,否,是,1 1 1 1 1 1 1 1 1 1 1 1 1 1 1 1 1 1 1 1 1 1 1 1,30.9658 29.2158 28.0318 26.77 27.5922 29.6542 30.1682 32.1102 34.7978 33.784 36.8162 34.82 30.6278 25.8058 29.406 29.4882 31.526 32.2918 31.958 34.3838 36.132 36.8782 36.608 35.0082,0 0 0 0 0 0 0 0 0 0 0 0 0 0 0 0 0 0 0 0 0 0 0 0
W3P4,63,503960.8162328767,465290.8192328767,7999.378035442487,7385.568559252011,932.22,291.88,640.3399999999999,0.0,0.0,291.88,1.0,0.31310205745424896,0.0,全满足,是,是,否,是,1 1 1 1 1 1 1 1 1 1 0.958443 1 0.261981 0.378173 1 1 1 1 0.229928 0.171475 1 1 1 1,30.9658 29.2158 28.0318 26.77 27.5922 29.6542 30.1682 32.1102 34.7978 33.784 35.0916 34.82 0 0 29.406 29.4882 31.526 32.2918 0 0 36.132 36.8782 36.608 35.0082,0 0 0 0 0 0 0 0 0 0 0 0 0 0 0 0 0 0 0 0 0 0 0 0
W3P4,54,389053.01623287663,350383.01923287666,7204.685485794012,6488.574430238456,807.7199999999999,291.88,515.8399999999999,0.0,0.0,291.88,1.0,0.36136284851186057,0.0,全满足,是,是,是,是,1 1 1 1 1 1 1 1 1 1 0.112863 0.160964 0.261981 0.378173 0.291422 1 1 1 0.229928 0.43532 0.129349 1 1 1,30.9658 29.2158 28.0318 26.77 27.5922 29.6542 30.1682 32.1102 34.7978 33.784 0 0 0 0 0 29.4882 31.526 32.2918 0 10.9496 0 36.8782 36.608 35.0082,0 0 0 0 0 0 0 0 0 0 0 0 0 0 0 0 0 0 0 0 0 0 0 0
W3P4,45,296287.5442328766,257617.54723287662,6584.1676496194805,5724.834382952814,683.2199999999999,291.88,391.3399999999999,0.0,0.0,291.88,1.0,0.4272123181405697,0.0,全满足,是,是,是,是,1 1 1 1 1 1 1 0.22626 0.68588 1 0.112863 0.160964 0.261981 0.378173 0.291422 1 0.240337 1 0.229928 0.171475 0.129349 0.111369 1 1,30.9658 29.2158 28.0318 26.77 27.5922 29.6542 30.1682 0 21.7618 33.784 0 0 0 0 0 29.4882 0 32.2918 0 0 0 0 36.608 35.0082,0 0 0 0 0 0 0 0 0 0 0 0 0 0 0 0 0 0 0 0 0 0 0 0
W3P4,36,205657.24423287672,166987.24723287672,5712.70122869102,4638.534645357687,558.72,291.88,266.84000000000003,0.0,0.0,291.88,1.0,0.5224083619702176,0.0,全满足,是,是,是,是,1 1 1 1 1 1 1 0.22626 0.161499 0.185928 0.112863 0.160964 0.261981 0.378173 0.291422 0.289441 0.240337 0.221884 0.229928 0.171475 0.129349 0.111369 0.827128 1,30.9658 29.2158 28.0318 26.77 27.5922 29.6542 30.1682 0 0 0 0 0 0 0 0 0 0 0 0 0 0 0 29.4338 35.0082,0 0 0 0 0 0 0 0 0 0 0 0 0 0 0 0 0 0 0 0 0 0 0 0
W4P1,72,355389.29663287674,316719.29963287676,4935.962453234399,4398.879161567733,1056.7199999999998,876.924,353.50199999999995,173.706,0.0,703.218,0.8019144190374536,0.6654724051782877,0.19808558096254636,全满足,是,是,是,是,1 1 1 1 1 1 1 1 1 1 1 1 1 1 1 1 1 1 1 1 1 1 1 1,29.3738 28.5158 29.2078 22.322 23.4042 20.0502 1.5642 0 0 0 0 0 0 0 0 0 0 3.7078 17.262 34.2038 34.552 37.9142 36.908 34.5162,0 0 0 0 0 0 0 7.0898 16.6862 22.492 15.8558 17.292 22.3762 23.0822 22.502 21.1398 5.19 0 0 0 0 0 0 0
W4P1,63,247985.5256328768,209315.52863287678,3936.278184648838,3322.4687084583616,932.22,876.924,229.00200000000004,173.70599999999996,0.0,703.2180000000001,0.8019144190374538,0.754347686168501,0.1980855809625463,全满足,是,是,是,是,1 1 1 1 1 1 1 1 1 1 1 1 1 1 1 1 1 0.972718 0.584048 0.175812 0.167422 0.1 1 1,29.3738 28.5158 29.2078 22.322 23.4042 20.0502 1.5642 0 0 0 0 0 0 0 0 0 0 2.5756 0 0 0 0.5642 36.908 34.5162,0 0 0 0 0 0 0 7.0898 16.6862 22.492 15.8558 17.292 22.3762 23.0822 22.502 21.1398 5.19 0 0 0 0 0 0 0
W4P1,54,176866.4894328767,138196.4924328767,3275.305359868087,2559.1943043125316,807.72,876.924,189.51839999999999,258.72239999999994,0.0,618.2016000000001,0.7049659947726372,0.765366216015451,0.29503400522736284,部分满足,是,是,是,否,1 1 1 1 1 1 1 1 1 1 1 1 1 1 0.751412 0.1 0.1 0.910655 0.584048 0.175812 0.167422 0.1 0.110651 1,29.3738 28.5158 29.2078 22.322 23.4042 20.0502 1.5642 0 0 0 0 0 0 0 0 0 0 0 0 0 0 0.5642 0 34.5162,0 0 0 0 0 0 0 7.0898 16.6862 22.492 15.8558 17.292 22.3762 23.0822 32.8184 58.4898 42.54 0 0 0 0 0 0 0
W4P1,45,114808.9394328768,76138.9424328768,2551.30976517504,1691.9764985083732,683.2200000000001,876.924,189.51839999999999,383.2223999999999,0.0,493.7016000000001,0.562992460007937,0.722609993852639,0.43700753999206304,部分满足,否,是,是,否,1 1 1 1 1 1 1 1 1 1 1 0.451412 0.1 0.1 0.1 0.1 0.1 0.910655 0.584048 0.175812 0.167422 0.1 0.110651 1,29.3738 28.5158 29.2078 22.322 23.4042 20.0502 1.5642 0 0 0 0 0 0 0 0 0 0 0 0 0 0 0.5642 0 34.5162,0 0 0 0 0 0 0 7.0898 16.6862 22.492 15.8558 40.0584 59.7262 60.4322 59.852 58.4898 42.54 0 0 0 0 0 0 0
W4P1,36,52751.38943287678,14081.392432876783,1465.3163731354662,391.14978980213283,558.72,876.924,189.51839999999999,507.7223999999999,0.0,369.2016000000001,0.4210189252432367,0.6607989690721651,0.5789810747567633,部分满足,否,是,是,否,1 1 1 1 1 1 1 1 1 0.689349 0.1 0.1 0.1 0.1 0.1 0.1 0.1 0.1 0.1 0.1 0.1 0.1 0.110651 1,29.3738 28.5158 29.2078 22.322 23.4042 20.0502 1.5642 0 0 0 0 0 0 0 0 0 0 0 0 0 0 0.5642 0 34.5162,0 0 0 0 0 0 0 7.0898 16.6862 35.384 53.2058 54.642 59.7262 60.4322 59.852 58.4898 42.54 33.6422 20.088 3.1462 2.798 0 0 0
W4P2,72,445192.66853287676,406522.6715328768,6183.231507401066,5646.1482157344,1056.7199999999998,618.364,448.09619999999995,9.740200000000009,0.0,608.6238000000001,0.9842484361961564,0.5759555984555986,0.015751563803843703,全满足,是,是,是,是,1 1 1 1 1 1 1 1 1 1 1 1 1 1 1 1 1 1 1 1 1 1 1 1,29.3738 28.5158 29.2078 22.322 23.4042 20.0502 15.6442 15.3102 9.5538 5.668 11.6642 6.388 0 0 0 0 8.89 18.4278 25.582 34.2038 34.552 37.9142 36.908 34.5162,0 0 0 0 0 0 0 0 0 0 0 0 1.8962 3.8822 2.022 1.9398 0 0 0 0 0 0 0 0
W4P2,63,332646.3185328768,293976.3215328768,5280.100294172647,4666.290817982172,932.22,618.364,323.59620000000007,9.740200000000009,0.0,608.6238000000001,0.9842484361961564,0.6528757160326962,0.015751563803843703,全满足,是,是,是,是,1 1 1 1 1 1 1 1 1 1 0.718935 0.846072 1 1 1 1 1 1 0.383566 0.175812 0.167422 0.708193 1 1,29.3738 28.5158 29.2078 22.322 23.4042 20.0502 15.6442 15.3102 9.5538 5.668 0 0 0 0 0 0 8.89 18.4278 0 0 0 25.8042 36.908 34.5162,0 0 0 0 0 0 0 0 0 0 0 0 1.8962 3.8822 2.022 1.9398 0 0 0 0 0 0 0 0
W4P2,54,243049.2734328767,204379.2764328767,4500.912470979199,3784.8014154236425,807.72,618.364,203.5984,14.24239999999999,0.0,604.1216000000001,0.9769676113098434,0.7479344327242115,0.02303238869015659,全满足,是,是,是,是,1 1 1 1 1 1 1 0.63108 0.769788 0.863422 0.718935 0.846072 1 1 1 1 0.785783 0.44747 0.383566 0.175812 0.167422 0.1 0.110651 1,29.3738 28.5158 29.2078 22.322 23.4042 20.0502 15.6442 0 0 0 0 0 0 0 0 0 0 0 0 0 0 0.5642 0 34.5162,0 0 0 0 0 0 0 0 0 0 0 0 1.8962 3.8822 2.022 1.9398 0 4.5022 0 0 0 0 0 0
W4P2,45,180991.72343287672,142321.72643287672,4022.0382985083716,3162.705031841705,683.22,618.364,203.5984,138.74239999999998,0.0,479.62160000000006,0.7756298878977431,0.702001697842569,0.22437011210225688,部分满足,是,是,是,否,1 1 1 1 1 1 1 0.63108 0.769788 0.863422 0.718935 0.1 1 1 0.689976 0.1 0.1 0.1 0.383566 0.175812 0.167422 0.1 0.1 1,29.3738 28.5158 29.2078 22.322 23.4042 20.0502 15.6442 0 0 0 0 0 0 0 0 0 0 0 0 0 0 0.5642 0 34.5162,0 0 0 0 0 0 0 0 0 0 0 30.962 1.8962 3.8822 14.888 39.2898 28.46 18.9222 0 0 0 0 0.442 0
W4P2,36,118934.17343287666,80264.17643287667,3303.7270398021296,2229.5604564687965,558.7199999999999,618.364,203.5984,263.2424000000001,0.0,355.12159999999994,0.5742921644856427,0.635598510882016,0.42570783551435737,部分满足,否,是,是,否,1 1 1 1 1 1 1 0.304622 0.769788 0.863422 0.718935 0.1 0.1 0.1 0.1 0.1 0.1 0.1 0.1 0.175812 0.167422 0.1 0.1 1,29.3738 28.5158 29.2078 22.322 23.4042 20.0502 15.6442 0 0 0 0 0 0 0 0 0 0 0 0 0 0 0.5642 0 34.5162,0 0 0 0 0 0 0 13.548 0 0 0 30.962 39.2462 41.2322 39.372 39.2898 28.46 18.9222 11.768 0 0 0 0.442 0
W4P3,72,542570.0386328767,503900.04163287673,7535.694981012177,6998.61168934551,1056.7199999999998,452.60400000000004,604.116,0.0,0.0,452.60400000000004,1.0,0.42831024301612547,0.0,全满足,是,是,是,是,1 1 1 1 1 1 1 1 1 1 1 1 1 1 1 1 1 1 1 1 1 1 1 1,29.3738 28.5158 29.2078 22.322 23.4042 20.0502 15.6442 17.2302 17.2338 18.468 28.9442 26.228 19.8638 19.1578 18.458 16.6202 22.97 24.8278 27.502 34.2038 34.552 37.9142 36.908 34.5162,0 0 0 0 0 0 0 0 0 0 0 0 0 0 0 0 0 0 0 0 0 0 0 0
W4P3,63,427662.2386328768,388992.2416328768,6788.289502109155,6174.4800259186795,932.22,452.60400000000004,479.6160000000001,0.0,0.0,452.60400000000004,1.0,0.48551200360429947,0.0,全满足,是,是,是,是,1 1 1 1 1 1 1 1 1 1 0.302549 0.368 0.521354 0.538366 1 1 1 1 0.337301 0.932429 1 1 1 1,29.3738 28.5158 29.2078 22.322 23.4042 20.0502 15.6442 17.2302 17.2338 18.468 0 0 0 0 18.458 16.6202 22.97 24.8278 0 31.3996 34.552 37.9142 36.908 34.5162,0 0 0 0 0 0 0 0 0 0 0 0 0 0 0 0 0 0 0 0 0 0 0 0
W4P3,54,320572.0666328768,281902.06963287684,5936.519752460682,5220.408696905127,807.7200000000001,452.60400000000004,355.1160000000001,0.0,0.0,452.60400000000004,1.0,0.5603476452235923,0.0,全满足,是,是,是,是,1 1 1 1 1 1 1 0.584814 1 1 0.302549 0.368 0.521354 0.538366 0.555229 0.599513 1 1 0.337301 0.175812 0.167422 0.849639 1 1,29.3738 28.5158 29.2078 22.322 23.4042 20.0502 15.6442 0 17.2338 18.468 0 0 0 0 0 0 22.97 24.8278 0 0 0 31.6742 36.908 34.5162,0 0 0 0 0 0 0 0 0 0 0 0 0 0 0 0 0 0 0 0 0 0 0 0
W4P3,45,229941.76663287677,191271.76963287676,5109.81703628615,4250.483769619484,683.22,452.60400000000004,230.61600000000004,0.0,0.0,452.60400000000004,1.0,0.662457188021428,0.0,全满足,是,是,是,是,1 1 1 1 1 1 1 0.584814 0.584728 0.554988 0.302549 0.368 0.521354 0.538366 0.555229 0.599513 1 0.40174 0.337301 0.175812 0.167422 0.197533 0.110651 1,29.3738 28.5158 29.2078 22.322 23.4042 20.0502 15.6442 0 0 0 0 0 0 0 0 0 22.97 0 0 0 0 4.6118 0 34.5162,0 0 0 0 0 0 0 0 0 0 0 0 0 0 0 0 0 0 0 0 0 0 0 0
W4P3,36,161683.67743287672,123013.68043287672,4491.213262024354,3417.04667869102,558.72,452.60400000000004,203.5984,97.48239999999998,0.0,355.12160000000006,0.7846187837491494,0.6355985108820161,0.21538121625085058,部分满足,是,是,是,否,1 1 1 1 1 1 1 0.464766 0.1 0.554988 0.1 0.1 0.1 0.1 0.555229 0.599513 0.1 0.40174 0.337301 0.175812 0.1 0.1 0.110651 1,29.3738 28.5158 29.2078 22.322 23.4042 20.0502 15.6442 0 0 0 0 0 0 0 0 0 0 0 0 0 0 0.5642 0 34.5162,0 0 0 0 0 0 0 4.982 20.1162 0 8.4058 11.122 17.4862 18.1922 0 0 14.38 0 0 0 2.798 0 0 0
W4P4,72,582062.7746328769,543392.7776328769,8084.205203234401,7547.121911567734,1056.7199999999998,387.964,668.7560000000001,0.0,0.0,387.964,1.0,0.36713982890453484,0.0,全满足,是,是,是,是,1 1 1 1 1 1 1 1 1 1 1 1 1 1 1 1 1 1 1 1 1 1 1 1,29.3738 28.5158 29.2078 22.322 23.4042 20.0502 15.6442 18.5102 20.4338 23.588 36.6242 36.468 28.8238 25.5578 24.858 22.3802 28.09 28.0278 28.782 34.2038 34.552 37.9142 36.908 34.5162,0 0 0 0 0 0 0 0 0 0 0 0 0 0 0 0 0 0 0 0 0 0 0 0
W4P4,63,467154.9746328767,428484.9776328767,7415.158327505979,6801.348851315503,932.22,387.964,544.256,0.0,0.0,387.964,1.0,0.41617214820535925,0.0,全满足,是,是,是,是,1 1 1 1 1 1 1 1 1 1 0.189147 0.121253 0.305451 0.384149 1 1 1 1 1 1 1 1 1 1,29.3738 28.5158 29.2078 22.322 23.4042 20.0502 15.6442 18.5102 20.4338 23.588 2.9738 0 0 0 24.858 22.3802 28.09 28.0278 28.782 34.2038 34.552 37.9142 36.908 34.5162,0 0 0 0 0 0 0 0 0 0 0 0 0 0 0 0 0 0 0 0 0 0 0 0
W4P4,54,352247.17463287676,313577.1776328768,6523.095826534754,5806.9847709792,807.72,387.964,419.7560000000001,0.0,0.0,387.964,1.0,0.48031991284108355,0.0,全满足,是,是,是,是,1 1 1 1 1 1 1 1 1 1 0.117489 0.142207 0.305451 0.384149 0.401012 1 1 1 0.306458 0.175812 0.167422 1 1 1,29.3738 28.5158 29.2078 22.322 23.4042 20.0502 15.6442 18.5102 20.4338 23.588 0 0.8696 0 0 0 22.3802 28.09 28.0278 0 0 0 37.9142 36.908 34.5162,0 0 0 0 0 0 0 0 0 0 0 0 0 0 0 0 0 0 0 0 0 0 0 0
W4P4,45,261447.30263287673,222777.30563287673,5809.940058508372,4950.606791841705,683.22,387.964,295.256,0.0,0.0,387.964,1.0,0.5678463745206522,0.0,全满足,是,是,是,是,1 1 1 1 1 1 1 0.553971 0.507619 1 0.117489 0.121253 0.305451 0.384149 0.401012 0.460718 1 1 0.306458 0.175812 0.167422 0.387995 0.110651 1,29.3738 28.5158 29.2078 22.322 23.4042 20.0502 15.6442 0 0 23.588 0 0 0 0 0 0 28.09 28.0278 0 0 0 12.516 0 34.5162,0 0 0 0 0 0 0 0 0 0 0 0 0 0 0 0 0 0 0 0 0 0 0 0
W4P4,36,178354.3334328767,139684.3364328767,4954.2870398021305,3880.1204564687973,558.72,387.964,203.5984,32.8424,0.0,355.1216,0.9153467847532245,0.635598510882016,0.08465321524677547,全满足,是,是,是,是,1 1 1 1 1 1 1 0.553971 0.1 0.431614 0.1 0.1 0.250983 0.384149 0.401012 0.460718 0.1 0.324631 0.306458 0.175812 0.1 0.1 0.110651 1,29.3738 28.5158 29.2078 22.322 23.4042 20.0502 15.6442 0 0 0 0 0 0 0 0 0 0 0 0 0 0 0.5642 0 34.5162,0 0 0 0 0 0 0 0 16.9162 0 0.7258 0.882 2.2604 0 0 0 9.26 0 0 0 2.798 0 0 0
W5P1,72,372829.90313287673,334159.90613287676,5178.193099067732,4641.109807401066,1056.7199999999998,819.4200000000001,395.9442,158.64419999999998,0.0,660.7758000000001,0.8063945229552612,0.625308312514195,0.19360547704473893,全满足,是,是,是,是,1 1 1 1 1 1 1 1 1 1 1 1 1 1 1 1 1 1 1 1 1 1 1 1,33.0938 29.0998 26.9078 29.178 27.5362 28.8142 12.0682 9.6422 0 0 0 0 0 0 0 0 0 11.9478 24.718 32.4438 33.476 34.1102 36.856 26.0522,0 0 0 0 0 0 0 0 13.9342 21.308 22.8558 23.968 24.3002 24.9422 15.606 8.0358 3.694 0 0 0 0 0 0 0
W5P1,63,264525.23213287664,225855.23513287664,4198.813208458359,3585.003732267883,932.2199999999998,819.4200000000001,271.4441999999999,158.6442,0.0,660.7758000000001,0.8063945229552612,0.7088195919418165,0.19360547704473896,全满足,是,是,是,是,1 1 1 1 1 1 1 0.767658 1 1 1 1 1 1 1 1 1 0.712101 0.404386 0.218222 0.193349 0.704284 1 1,33.0938 29.0998 26.9078 29.178 27.5362 28.8142 12.0682 0 0 0 0 0 0 0 0 0 0 0 0 0 0 21.838 36.856 26.0522,0 0 0 0 0 0 0 0 13.9342 21.308 22.8558 23.968 24.3002 24.9422 15.606 8.0358 3.694 0 0 0 0 0 0 0
W5P1,54,188997.40913287667,150327.41213287666,3499.9520209791976,2783.840965423642,807.72,819.4200000000001,212.7502,224.45020000000005,0.0,594.9698000000001,0.7260865002074638,0.7366040211954639,0.2739134997925362,部分满足,是,是,是,否,1 1 1 1 1 1 1 0.767658 1 1 1 1 1 1 1 0.314313 0.1 0.712101 0.404386 0.218222 0.193349 0.178067 0.111904 1,33.0938 29.0998 26.9078 29.178 27.5362 28.8142 12.0682 0 0 0 0 0 0 0 0 0 0 0 0 0 0 0 0 26.0522,0 0 0 0 0 0 0 0 13.9342 21.308 22.8558 23.968 24.3002 24.9422 15.606 36.4918 41.044 0 0 0 0 0 0 0
W5P1,45,126939.85913287674,88269.86213287673,2820.885758508372,1961.5524918417052,683.22,819.4200000000001,212.7502,348.9502,0.0,470.4698000000001,0.5741497644675503,0.688606598167501,0.4258502355324497,部分满足,否,是,是,否,1 1 1 1 1 1 1 0.767658 1 1 1 1 1 0.149022 0.1 0.1 0.1 0.1 0.1 0.1 0.193349 0.178067 0.111904 1,33.0938 29.0998 26.9078 29.178 27.5362 28.8142 12.0682 0 0 0 0 0 0 0 0 0 0 0 0 0 0 0 0 26.0522,0 0 0 0 0 0 0 0 13.9342 21.308 22.8558 23.968 24.3002 60.2578 52.956 45.3858 41.044 25.4022 12.632 4.9062 0 0 0 0
W5P1,36,64882.30913287678,26212.31213287678,1802.2863648021328,728.1197814687995,558.72,819.4200000000001,212.7502,473.4501999999999,0.0,345.9698000000002,0.42221302872763683,0.6192185710194734,0.5777869712723632,部分满足,否,是,是,否,1 1 1 1 1 1 1 0.767658 1 0.749022 0.1 0.1 0.1 0.1 0.1 0.1 0.1 0.1 0.1 0.1 0.193349 0.178067 0.111904 1,33.0938 29.0998 26.9078 29.178 27.5362 28.8142 12.0682 0 0 0 0 0 0 0 0 0 0 0 0 0 0 0 0 26.0522,0 0 0 0 0 0 0 0 13.9342 31.7236 60.2058 61.318 61.6502 62.2922 52.956 45.3858 41.044 25.4022 12.632 4.9062 0 0 0 0
W5P2,72,464455.0190328767,425785.02203287673,6450.764153234399,5913.680861567733,1056.7199999999998,560.8599999999999,505.7104,9.850400000000008,0.0,551.0095999999999,0.9824369717933173,0.5214338708456355,0.01756302820668261,全满足,是,是,是,是,1 1 1 1 1 1 1 1 1 1 1 1 1 1 1 1 1 1 1 1 1 1 1 1,33.0938 29.0998 26.9078 29.178 27.5362 28.8142 26.1482 32.0422 12.3058 6.852 4.6642 0 0 0 4.874 11.1642 10.386 26.6678 33.038 32.4438 33.476 34.1102 36.856 26.0522,0 0 0 0 0 0 0 0 0 0 0 0.288 3.8202 5.7422 0 0 0 0 0 0 0 0 0 0
W5P2,63,352667.9990328766,313998.00203287665,5597.904746553597,4984.095270363122,932.22,560.8599999999999,381.21039999999994,9.850400000000008,0.0,551.0095999999999,0.9824369717933173,0.5910724936173863,0.01756302820668261,全满足,是,是,是,是,1 1 1 1 1 1 1 0.614361 1 1 0.88761 1 1 1 0.882554 1 1 1 0.203904 0.218222 0.193349 1 1 1,33.0938 29.0998 26.9078 29.178 27.5362 28.8142 26.1482 16.0382 12.3058 6.852 0 0 0 0 0 11.1642 10.386 26.6678 0 0 0 34.1102 36.856 26.0522,0 0 0 0 0 0 0 0 0 0 0 0.288 3.8202 5.7422 0 0 0 0 0 0 0 0 0 0
W5P2,54,262037.69903287664,223367.70203287664,4852.549982090308,4136.438926534753,807.7199999999999,560.8599999999999,256.71039999999994,9.850400000000008,0.0,551.0095999999999,0.9824369717933173,0.6821789729114048,0.01756302820668261,全满足,是,是,是,是,1 1 1 1 1 1 1 0.227899 0.703475 0.834892 0.88761 1 1 1 0.882554 0.730983 0.749735 0.357402 0.203904 0.218222 0.193349 0.898072 0.111904 1,33.0938 29.0998 26.9078 29.178 27.5362 28.8142 26.1482 0 0 0 0 0 0 0 0 0 0 0 0 0 0 29.8802 0 26.0522,0 0 0 0 0 0 0 0 0 0 0 0.288 3.8202 5.7422 0 0 0 0 0 0 0 0 0 0
W5P2,45,193122.64313287666,154452.64613287666,4291.614291841704,3432.281025175037,683.2199999999998,560.8599999999999,226.83020000000002,104.47020000000012,0.0,456.3897999999998,0.8137321256641584,0.667998302157431,0.18626787433584163,全满足,是,是,是,是,1 1 1 1 1 1 1 0.1 0.703475 0.1 0.88761 1 1 0.740973 0.1 0.730983 0.749735 0.1 0.203904 0.1 0.193349 0.178067 0.111904 1,33.0938 29.0998 26.9078 29.178 27.5362 28.8142 26.1482 0 0 0 0 0 0 0 0 0 0 0 0 0 0 0 0 26.0522,0 0 0 0 0 0 0 5.3078 0 30.498 0 0.288 3.8202 16.4918 32.476 0 0 10.6822 0 4.9062 0 0 0 0
W5P2,36,131065.09313287669,92395.0961328767,3640.697031468797,2566.5304481354638,558.72,560.8599999999999,226.83020000000002,228.97020000000003,0.0,331.88979999999987,0.5917515957636486,0.5940181128293239,0.40824840423635145,部分满足,否,是,是,否,1 1 1 1 1 1 1 0.1 0.703475 0.1 0.328583 0.1 0.1 0.1 0.1 0.730983 0.749735 0.1 0.203904 0.1 0.193349 0.178067 0.111904 1,33.0938 29.0998 26.9078 29.178 27.5362 28.8142 26.1482 0 0 0 0 0 0 0 0 0 0 0 0 0 0 0 0 26.0522,0 0 0 0 0 0 0 5.3078 0 30.498 23.1996 37.638 41.1702 43.0922 32.476 0 0 10.6822 0 4.9062 0 0 0 0
W5P3,72,561407.3482328767,522737.35123287677,7797.324281012177,7260.240989345511,1056.7199999999998,395.1,661.6200000000001,0.0,0.0,395.1,1.0,0.3738928003633887,0.0,全满足,是,是,是,是,1 1 1 1 1 1 1 1 1 1 1 1 1 1 1 1 1 1 1 1 1 1 1 1,33.0938 29.0998 26.9078 29.178 27.5362 28.8142 26.1482 33.9622 19.9858 19.652 21.9442 19.552 17.9398 17.2978 25.354 29.7242 24.466 33.0678 34.958 32.4438 33.476 34.1102 36.856 26.0522,0 0 0 0 0 0 0 0 0 0 0 0 0 0 0 0 0 0 0 0 0 0 0 0
W5P3,63,446499.5482328767,407829.5512328767,7087.294416394868,6473.484940204393,932.22,395.1,537.1200000000001,0.0,0.0,395.1,1.0,0.42382699362811355,0.0,全满足,是,是,是,是,1 1 1 1 1 1 1 1 1 1 0.847605 1 1 0.583186 1 1 1 1 0.157639 0.218222 0.193349 1 1 1,33.0938 29.0998 26.9078 29.178 27.5362 28.8142 26.1482 33.9622 19.9858 19.652 15.6198 19.552 17.9398 0 25.354 29.7242 24.466 33.0678 0 0 0 34.1102 36.856 26.0522,0 0 0 0 0 0 0 0 0 0 0 0 0 0 0 0 0 0 0 0 0 0 0 0
W5P3,54,340568.456232877,301898.459232877,6306.823263571796,5590.712208016241,807.7200000000003,395.1,412.62000000000035,0.0,0.0,395.1,1.0,0.489154657554598,0.0,全满足,是,是,是,是,1 1 1 1 1 1 1 0.687552 1 1 0.471224 0.528867 0.567716 0.583186 0.38906 1 1 0.203186 0.157639 0.218222 0.193349 1 1 1,33.0938 29.0998 26.9078 29.178 27.5362 28.8142 26.1482 20.9956 19.9858 19.652 0 0 0 0 0 29.7242 24.466 0 0 0 0 34.1102 36.856 26.0522,0 0 0 0 0 0 0 0 0 0 0 0 0 0 0 0 0 0 0 0 0 0 0 0
W5P3,45,249938.15623287673,211268.15923287673,5554.1812496194825,4694.847982952816,683.22,395.1,288.12,0.0,0.0,395.1,1.0,0.5782910336348468,0.0,全满足,是,是,是,是,1 1 1 1 1 1 1 0.181634 0.518414 1 0.471224 0.528867 0.567716 0.583186 0.38906 0.398978 0.410458 0.203186 0.157639 0.218222 0.193349 0.178067 1 1,33.0938 29.0998 26.9078 29.178 27.5362 28.8142 26.1482 0 0 19.652 0 0 0 0 0 4.7818 0 0 0 0 0 0 36.856 26.0522,0 0 0 0 0 0 0 0 0 0 0 0 0 0 0 0 0 0 0 0 0 0 0 0
W5P3,36,173814.5971328767,135144.6001328767,4828.183253691019,3754.0166703576856,558.7199999999999,395.1,226.83020000000002,63.21020000000004,0.0,331.8898,0.8400146798278916,0.5940181128293243,0.15998532017210843,全满足,是,是,是,是,1 1 1 1 1 1 1 0.181634 0.518414 0.526458 0.1 0.528867 0.1 0.583186 0.38906 0.1 0.257292 0.203186 0.1 0.1 0.1 0.1 0.111904 1,33.0938 29.0998 26.9078 29.178 27.5362 28.8142 26.1482 0 0 0 0 0 0 0 0 0 0 0 0 0 0 0 0 26.0522,0 0 0 0 0 0 0 0 0 0 15.4058 0 19.4102 0 0 7.6258 6.3564 0 2.392 4.9062 3.874 3.2398 0 0
W5P4,72,600900.0842328767,562230.0872328767,8345.834503234399,7808.751211567732,1056.7199999999998,330.4599999999999,726.26,0.0,0.0,330.4599999999999,1.0,0.312722386251798,0.0,全满足,是,是,否,是,1 1 1 1 1 1 1 1 1 1 1 1 1 1 1 1 1 1 1 1 1 1 1 1,33.0938 29.0998 26.9078 29.178 27.5362 28.8142 26.1482 35.2422 23.1858 24.772 29.6242 29.792 26.8998 23.6978 31.754 35.4842 29.586 36.2678 36.238 32.4438 33.476 34.1102 36.856 26.0522,0 0 0 0 0 0 0 0 0 0 0 0 0 0 0 0 0 0 0 0 0 0 0 0
W5P4,63,485992.2842328767,447322.2872328767,7714.1632417916935,7100.353765601218,932.22,330.4599999999999,601.76,0.0,0.0,330.4599999999999,1.0,0.35448713822917327,0.0,全满足,是,是,是,是,1 1 1 1 1 1 1 1 1 1 0.874202 1 0.351812 0.428969 1 1 1 1 0.126795 0.218222 1 1 1 1,33.0938 29.0998 26.9078 29.178 27.5362 28.8142 26.1482 35.2422 23.1858 24.772 24.4036 29.792 0 0 31.754 35.4842 29.586 36.2678 0 0 33.476 34.1102 36.856 26.0522,0 0 0 0 0 0 0 0 0 0 0 0 0 0 0 0 0 0 0 0 0 0 0 0
W5P4,54,372073.9922328767,333403.99523287674,6890.2591154236425,6174.148059868087,807.72,330.4599999999999,477.26,0.0,0.0,330.4599999999999,1.0,0.4091269251720892,0.0,全满足,是,是,是,是,1 1 1 1 1 1 1 0.877725 1 1 0.286164 0.28212 0.351812 0.428969 0.234843 1 1 1 0.126795 0.218222 0.193349 1 1 1,33.0938 29.0998 26.9078 29.178 27.5362 28.8142 26.1482 30.1678 23.1858 24.772 0 0 0 0 0 35.4842 29.586 36.2678 0 0 0 34.1102 36.856 26.0522,0 0 0 0 0 0 0 0 0 0 0 0 0 0 0 0 0 0 0 0 0 0 0 0
W5P4,45,281443.6922328767,242773.69523287672,6254.304271841705,5394.971005175038,683.22,330.4599999999999,352.76,0.0,0.0,330.4599999999999,1.0,0.48368022013407086,0.0,全满足,是,是,是,是,1 1 1 1 1 1 1 0.15079 1 1 0.286164 0.28212 0.351812 0.428969 0.234843 0.261783 0.287084 1 0.126795 0.218222 0.193349 0.178067 1 1,33.0938 29.0998 26.9078 29.178 27.5362 28.8142 26.1482 0 23.1858 24.772 0 0 0 0 0 4.8482 0 36.2678 0 0 0 0 36.856 26.0522,0 0 0 0 0 0 0 0 0 0 0 0 0 0 0 0 0 0 0 0 0 0 0 0
W5P4,36,190813.3922328767,152143.3952328767,5300.372006468798,4226.205423135464,558.72,330.4599999999999,228.26000000000002,0.0,0.0,330.4599999999999,1.0,0.5914590492554408,0.0,全满足,是,是,是,是,1 1 1 1 1 1 1 0.15079 0.441306 0.403084 0.286164 0.28212 0.351812 0.428969 0.234843 0.144959 0.287084 0.126077 0.126795 0.218222 0.193349 0.178067 0.146357 1,33.0938 29.0998 26.9078 29.178 27.5362 28.8142 26.1482 0 0 0 0 0 0 0 0 0 0 0 0 0 0 0 1.4298 26.0522,0 0 0 0 0 0 0 0 0 0 0 0 0 0 0 0 0 0 0 0 0 0 0 0
W6P1,72,396943.3761328767,358273.37913287675,5513.102446289955,4976.019154623288,1056.7199999999998,715.76,431.7862,90.8262,0.0,624.9338,0.8731052308036213,0.5913901506548567,0.12689476919637868,全满足,是,是,是,是,1 1 1 1 1 1 1 1 1 1 1 1 1 1 1 1 1 1 1 1 1 1 1 1,33.4218 32.0958 30.5118 30.986 31.5202 32.1662 19.1762 8.9302 0 0 0 0 0 0 0 0 5.314 11.9118 21.782 34.0158 36.528 34.7462 35.372 33.3082,0 0 0 0 0 0 0 0 1.2822 7.328 12.8998 15.7 18.0882 17.8982 12.782 4.8478 0 0 0 0 0 0 0 0
W6P1,63,288309.5451328767,249639.54813287672,4576.341986236139,3962.532510045662,932.2200000000001,715.76,307.28620000000006,90.8262,0.0,624.9338,0.8731052308036213,0.6703715861062839,0.12689476919637868,全满足,是,是,是,是,1 1 1 1 1 1 1 0.784814 1 1 1 1 1 1 1 1 0.871952 0.712969 0.475133 0.180342 0.119807 0.854983 1 1,33.4218 32.0958 30.5118 30.986 31.5202 32.1662 19.1762 0 0 0 0 0 0 0 0 0 0 0 0 0 0 28.728 35.372 33.3082,0 0 0 0 0 0 0 0 1.2822 7.328 12.8998 15.7 18.0882 17.8982 12.782 4.8478 0 0 0 0 0 0 0 0
W6P1,54,211541.04513287675,172871.04813287675,3917.42676171994,3201.315706164384,807.72,715.76,243.18619999999999,151.22619999999995,0.0,564.5338,0.7887194031518946,0.6989226464616451,0.21128059684810543,部分满足,是,是,是,否,1 1 1 1 1 1 1 0.784814 1 1 1 1 1 1 0.444578 0.1 0.871952 0.712969 0.475133 0.180342 0.119807 0.162742 0.147663 1,33.4218 32.0958 30.5118 30.986 31.5202 32.1662 19.1762 0 0 0 0 0 0 0 0 0 0 0 0 0 0 0 0 33.3082,0 0 0 0 0 0 0 0 1.2822 7.328 12.8998 15.7 18.0882 17.8982 35.832 42.1978 0 0 0 0 0 0 0 0
W6P1,45,149483.49513287673,110813.49813287673,3321.855447397261,2462.522180730594,683.22,715.76,243.18619999999999,275.72619999999995,0.0,440.03380000000004,0.6147784173465967,0.6440587219343696,0.3852215826534033,部分满足,是,是,是,否,1 1 1 1 1 1 1 0.784814 1 1 1 0.20732 0.1 0.1 0.1 0.1 0.871952 0.712969 0.475133 0.180342 0.119807 0.1 0.147663 1,33.4218 32.0958 30.5118 30.986 31.5202 32.1662 19.1762 0 0 0 0 0 0 0 0 0 0 0 0 0 0 0 0 33.3082,0 0 0 0 0 0 0 0 1.2822 7.328 12.8998 48.5962 55.4382 55.2482 50.132 42.1978 0 0 0 0 0 2.6038 0 0
W6P1,36,87425.94513287678,48755.94813287678,2428.498475913244,1354.3318925799106,558.7200000000001,715.76,243.18619999999999,400.2261999999999,0.0,315.5338000000001,0.4408374315412989,0.5647440578465064,0.559162568458701,部分满足,否,是,是,否,1 1 1 1 1 1 1 0.784814 0.1 0.1 0.1 0.1 0.1 0.1 0.1 0.1 0.871952 0.520289 0.475133 0.180342 0.119807 0.1 0.147663 1,33.4218 32.0958 30.5118 30.986 31.5202 32.1662 19.1762 0 0 0 0 0 0 0 0 0 0 0 0 0 0 0 0 33.3082,0 0 0 0 0 0 0 0 38.6322 44.678 50.2498 53.05 55.4382 55.2482 50.132 42.1978 0 7.9962 0 0 0 2.6038 0 0
W6P2,72,506640.5082328767,467970.51123287674,7036.6737254566215,6499.590433789955,1056.7199999999998,457.20000000000005,599.52,0.0,0.0,457.20000000000005,1.0,0.43265955030660924,0.0,全满足,是,是,是,是,1 1 1 1 1 1 1 1 1 1 1 1 1 1 1 1 1 1 1 1 1 1 1 1,33.4218 32.0958 30.5118 30.986 31.5202 32.1662 33.2562 31.3302 24.9578 20.832 14.6202 7.98 2.3918 1.3018 7.698 14.3522 19.394 26.6318 30.102 34.0158 36.528 34.7462 35.372 33.3082,0 0 0 0 0 0 0 0 0 0 0 0 0 0 0 0 0 0 0 0 0 0 0 0
W6P2,63,391732.70823287667,353062.7112328767,6217.979495759947,5604.170019569471,932.2199999999999,457.20000000000005,475.0199999999999,0.0,0.0,457.20000000000005,1.0,0.4904421703031474,0.0,全满足,是,是,是,是,1 1 1 1 1 1 1 1 1 1 0.699696 1 0.942366 0.968631 0.814506 1 1 1 0.274651 0.180342 0.119807 1 1 1,33.4218 32.0958 30.5118 30.986 31.5202 32.1662 33.2562 31.3302 24.9578 20.832 2.1576 7.98 0 0 0 14.3522 19.394 26.6318 0 0 0 34.7462 35.372 33.3082,0 0 0 0 0 0 0 0 0 0 0 0 0 0 0 0 0 0 0 0 0 0 0 0
W6P2,54,299125.5762328766,260455.57923287663,5539.362522831048,4823.251467275493,807.7199999999998,457.20000000000005,350.51999999999987,0.0,0.0,457.20000000000005,1.0,0.5660377358490568,0.0,全满足,是,是,是,是,1 1 1 1 1 1 1 0.245055 0.398607 0.9052 0.647706 0.807711 0.942366 0.968631 0.814506 1 0.532675 1 0.274651 0.180342 0.119807 0.162742 1 1,33.4218 32.0958 30.5118 30.986 31.5202 32.1662 33.2562 0 0 16.8978 0 0 0 0 0 14.3522 0 26.6318 0 0 0 0 35.372 33.3082,0 0 0 0 0 0 0 0 0 0 0 0 0 0 0 0 0 0 0 0 0 0 0 0
W6P2,45,215666.2791328767,176996.2821328767,4792.583980730593,3933.2507140639264,683.22,457.20000000000005,257.2662,31.246200000000037,0.0,425.9538,0.9316574803149605,0.6234504259242997,0.06834251968503945,全满足,是,是,是,是,1 1 1 1 1 1 1 0.245055 0.398607 0.498024 0.1 0.807711 0.942366 0.968631 0.814506 0.654164 0.532675 0.35827 0.149778 0.1 0.119807 0.162742 0.147663 1,33.4218 32.0958 30.5118 30.986 31.5202 32.1662 33.2562 0 0 0 0 0 0 0 0 0 0 0 0 0 0 0 0 33.3082,0 0 0 0 0 0 0 0 0 0 22.7298 0 0 0 0 0 0 0 5.1822 3.3342 0 0 0 0
W6P2,36,153608.72913287664,114938.73213287664,4266.909142579907,3192.7425592465734,558.7199999999998,457.20000000000005,257.2662,155.74620000000013,0.0,301.4537999999999,0.659347769028871,0.5395435996563573,0.34065223097112884,部分满足,是,是,是,否,1 1 1 1 1 1 1 0.122882 0.398607 0.498024 0.1 0.807711 0.1 0.1 0.814506 0.1 0.1 0.35827 0.1 0.1 0.1 0.1 0.1 1,33.4218 32.0958 30.5118 30.986 31.5202 32.1662 33.2562 0 0 0 0 0 0 0 0 0 0 0 0 0 0 0 0 33.3082,0 0 0 0 0 0 0 5.0702 0 0 22.7298 0 34.9582 36.0482 0 22.9978 17.956 0 7.248 3.3342 0.822 2.6038 1.978 0
W6P3,72,607774.3322328768,569104.3352328768,8441.310169901066,7904.2268782344,1056.7199999999998,291.44,765.28,0.0,0.0,291.44,1.0,0.27579680520857,0.0,部分满足,是,否,否,是,1 1 1 1 1 1 1 1 1 1 1 1 1 1 1 1 1 1 1 1 1 1 1 1,33.4218 32.0958 30.5118 30.986 31.5202 32.1662 33.2562 33.2502 32.6378 33.632 31.9002 27.82 24.1518 24.3418 28.178 32.9122 33.474 33.0318 32.022 34.0158 36.528 34.7462 35.372 33.3082,0 0 0 0 0 0 0 0 0 0 0 0 0 0 0 0 0 0 0 0 0 0 0 0
W6P3,63,492866.53223287675,454196.5352328768,7823.278289410742,7209.468813220266,932.22,291.44,640.78,0.0,0.0,291.44,1.0,0.31263006586428094,0.0,全满足,是,是,否,是,1 1 1 1 1 1 1 1 1 1 0.759793 1 0.418029 0.413451 1 1 1 1 0.228386 0.180342 1 1 1 1,33.4218 32.0958 30.5118 30.986 31.5202 32.1662 33.2562 33.2502 32.6378 33.632 21.9316 27.82 0 0 28.178 32.9122 33.474 33.0318 0 0 36.528 34.7462 35.372 33.3082,0 0 0 0 0 0 0 0 0 0 0 0 0 0 0 0 0 0 0 0 0 0 0 0
W6P3,54,379917.0002328767,341247.0032328767,7035.500004312531,6319.388948756976,807.7199999999999,291.44,516.28,0.0,0.0,291.44,1.0,0.36081810528400937,0.0,全满足,是,是,是,是,1 1 1 1 1 1 1 0.758014 1 1 0.23132 0.329639 0.418029 0.413451 0.321012 1 1 1 0.228386 0.180342 0.119807 1 1 1,33.4218 32.0958 30.5118 30.986 31.5202 32.1662 33.2562 23.2078 32.6378 33.632 0 0 0 0 0 32.9122 33.474 33.0318 0 0 0 34.7462 35.372 33.3082,0 0 0 0 0 0 0 0 0 0 0 0 0 0 0 0 0 0 0 0 0 0 0 0
W6P3,45,289286.7002328767,250616.7032328767,6428.593338508371,5569.260071841704,683.22,291.44,391.78,0.0,0.0,291.44,1.0,0.42656830889025493,0.0,全满足,是,是,是,是,1 1 1 1 1 1 1 0.19879 0.996149 1 0.23132 0.329639 0.418029 0.413451 0.321012 0.206935 0.193398 1 0.228386 0.180342 0.119807 0.162742 1 1,33.4218 32.0958 30.5118 30.986 31.5202 32.1662 33.2562 0 32.478 33.632 0 0 0 0 0 0 0 33.0318 0 0 0 0 35.372 33.3082,0 0 0 0 0 0 0 0 0 0 0 0 0 0 0 0 0 0 0 0 0 0 0 0
W6P3,36,198656.4002328767,159986.4032328767,5518.233339802131,4444.066756468797,558.72,291.44,267.28000000000003,0.0,0.0,291.44,1.0,0.5216208476517754,0.0,全满足,是,是,是,是,1 1 1 1 1 1 1 0.19879 0.213547 0.18959 0.23132 0.329639 0.418029 0.413451 0.321012 0.448231 0.193398 0.204053 0.228386 0.180342 0.119807 0.162742 0.147663 1,33.4218 32.0958 30.5118 30.986 31.5202 32.1662 33.2562 0 0 0 0 0 0 0 0 10.0138 0 0 0 0 0 0 0 33.3082,0 0 0 0 0 0 0 0 0 0 0 0 0 0 0 0 0 0 0 0 0 0 0 0
W6P4,72,647267.0682328767,608597.0712328767,8989.820392123287,8452.737100456621,1056.7199999999998,226.8,829.9200000000001,0.0,0.0,226.8,1.0,0.2146263910969794,0.0,部分满足,是,否,否,是,1 1 1 1 1 1 1 1 1 1 1 1 1 1 1 1 1 1 1 1 1 1 1 1,33.4218 32.0958 30.5118 30.986 31.5202 32.1662 33.2562 34.5302 35.8378 38.752 39.5802 38.06 33.1118 30.7418 34.578 38.6722 38.594 36.2318 33.302 34.0158 36.528 34.7462 35.372 33.3082,0 0 0 0 0 0 0 0 0 0 0 0 0 0 0 0 0 0 0 0 0 0 0 0
W6P4,63,532359.2682328768,493689.2712328768,8450.147114807569,7836.337638617092,932.22,226.8,705.4200000000001,0.0,0.0,226.8,1.0,0.2432902104653408,0.0,部分满足,是,否,否,是,1 1 1 1 1 1 1 1 1 1 0.393629 1 1 0.259234 0.166795 1 1 1 1 0.180342 1 1 1 1,33.4218 32.0958 30.5118 30.986 31.5202 32.1662 33.2562 34.5302 35.8378 38.752 14.4158 38.06 33.1118 0 0 38.6722 38.594 36.2318 33.302 0 36.528 34.7462 35.372 33.3082,0 0 0 0 0 0 0 0 0 0 0 0 0 0 0 0 0 0 0 0 0 0 0 0
W6P4,54,417451.46823287674,378781.47123287676,7730.582745053273,7014.471689497718,807.72,226.8,580.9200000000001,0.0,0.0,226.8,1.0,0.28079037290150055,0.0,部分满足,是,否,否,是,1 1 1 1 1 1 1 1 1 1 0.1 0.1 0.202125 0.259234 0.166795 1 1 1 0.197542 0.180342 0.793961 1 1 1,33.4218 32.0958 30.5118 30.986 31.5202 32.1662 33.2562 34.5302 35.8378 38.752 2.2302 0.71 0 0 0 38.6722 38.594 36.2318 0 0 27.9774 34.7462 35.372 33.3082,0 0 0 0 0 0 0 0 0 0 0 0 0 0 0 0 0 0 0 0 0 0 0 0
W6P4,45,321365.5752328767,282695.5782328767,7141.45722739726,6282.123960730594,683.2199999999999,226.8,456.41999999999996,0.0,0.0,226.8,1.0,0.3319574953894793,0.0,全满足,是,是,否,是,1 1 1 1 1 1 1 0.167947 1 0.343465 0.1 0.1 0.202125 0.259234 0.166795 1 1 1 0.197542 0.180342 0.119807 0.162742 1 1,33.4218 32.0958 30.5118 30.986 31.5202 32.1662 33.2562 0 35.8378 11.5058 2.2302 0.71 0 0 0 38.6722 38.594 36.2318 0 0 0 0 35.372 33.3082,0 0 0 0 0 0 0 0 0 0 0 0 0 0 0 0 0 0 0 0 0 0 0 0
W6P4,36,230735.27523287674,192065.27823287674,6409.313200913242,5335.14661757991,558.72,226.8,331.92,0.0,0.0,226.8,1.0,0.4059278350515464,0.0,全满足,是,是,是,是,1 1 1 1 1 1 1 0.167947 0.136439 0.1 0.1 0.1 0.202125 0.259234 0.166795 0.1 0.880082 0.126945 0.197542 0.180342 0.119807 0.162742 1 1,33.4218 32.0958 30.5118 30.986 31.5202 32.1662 33.2562 0 0 1.402 2.2302 0.71 0 0 0 1.3222 33.6174 0 0 0 0 0 35.372 33.3082,0 0 0 0 0 0 0 0 0 0 0 0 0 0 0 0 0 0 0 0 0 0 0 0
