场景编号,日产氨量(吨),delta_unit_cost,delta_buy,delta_sell,delta_R_self,delta_R_green,delta_R_sell
W1P1,72,0.0,0.0,0.0,0.0,0.0,0.0
W1P1,63,-67.29844285714171,-20.846199999999897,-20.846199999999982,0.027365693311839356,0.022361888824526388,-0.027365693311839356
W1P1,54,26.435500000000047,3.848000000000013,3.8479999999999848,-0.005051433252293291,-0.004764027138117188,0.005051433252293319
W1P1,45,41.21880000000101,5.710000000000036,5.709999999999809,-0.007495759841630534,-0.008357483680219935,0.007495759841630478
W1P1,36,51.52350000000024,5.710000000000036,5.709999999999809,-0.007495759841630478,-0.010219788087055814,0.007495759841630423
W1P2,72,0.0,0.0,0.0,0.0,0.0,0.0
W1P2,63,-84.40272857142827,-12.526200000000017,-12.5262,0.02489288638405107,0.013436956941494604,-0.024892886384051
W1P2,54,-199.50368333333154,-30.75219999999996,-30.752199999999995,0.061112789246508425,0.038072847026197065,-0.06111278924650837
W1P2,45,-275.7464666666674,-45.31799999999993,-45.317999999999955,0.09005890255244386,0.06633002546763844,-0.09005890255244384
W1P2,36,-81.57025000000021,-9.50200000000001,-9.501999999999981,0.018882997750415242,0.017006729667812026,-0.018882997750415298
W1P3,72,0.0,0.0,0.0,0.0,0.0,0.0
W1P3,63,-71.46558571428432,-10.606199999999944,-10.606200000000015,0.031430992994393114,0.011377357276179445,-0.03143099299439319
W1P3,54,-364.20850000000064,-56.024,-56.024,0.16602458481999982,0.06936066953894915,-0.1660245848199998
W1P3,45,-467.4462000000012,-80.78200000000015,-80.78200000000001,0.2393937957112885,0.1182371710430023,-0.23939379571128847
W1P3,36,-577.052775000001,-92.89020000000005,-92.89019999999998,0.2752758976304216,0.16625536941580749,-0.2752758976304216
W1P4,72,0.0,0.0,0.0,0.0,0.0,0.0
W1P4,63,-62.8408238095235,-9.326200000000085,-9.3262,0.03418644887904865,0.010004290832636042,-0.034186448879048696
W1P4,54,-239.1664444444441,-30.424000000000092,-30.424,0.11152329144733952,0.037666518100331836,-0.1115232914473395
W1P4,45,-304.7657533333331,-62.41220000000004,-62.4122,0.22878036978929928,0.0913500775738415,-0.2287803697892993
W1P4,36,-463.3362166666657,-75.33440000000007,-75.33439999999999,0.2761484435712086,0.13483390607101958,-0.2761484435712086
W2P1,72,0.0,0.0,0.0,0.0,0.0,0.0
W2P1,63,-47.46720476190421,-17.82220000000001,-17.822199999999995,0.027048249820914694,0.019118019351655136,-0.02704824982091472
W2P1,54,-13.507405555554215,-7.970199999999863,-7.970200000000091,0.012096147541978852,0.009867528351408916,-0.012096147541978935
W2P1,45,92.65571333333628,13.37580000000014,13.375799999999856,-0.020300074062382323,-0.019577588478088992,0.020300074062382156
W2P1,36,115.81964166666967,13.37580000000031,13.37579999999997,-0.020300074062382323,-0.023940077319587583,0.020300074062382323
W2P2,72,0.0,0.0,0.0,0.0,0.0,0.0
W2P2,63,-64.02672857142989,-9.502200000000016,-9.5022,0.02373508782447098,0.010193087468623296,-0.023735087824470952
W2P2,54,-180.08799999999883,-17.535999999999945,-17.536,0.04380232999620326,0.021710493735452918,-0.04380232999620326
W2P2,45,-369.13333333333503,-60.5619999999999,-60.561999999999976,0.1512749035829185,0.08864201867626825,-0.15127490358291862
W2P2,36,-71.87474999999995,-7.739999999999895,-7.739999999999952,0.019333373298962786,0.013853092783505216,-0.01933337329896273
W2P3,72,0.0,0.0,0.0,0.0,0.0,0.0
W2P3,63,-51.08958571428593,-7.582200000000057,-7.5822,0.032321897486614626,0.00813348780330822,-0.032321897486614605
W2P3,54,-339.3751277777819,-43.378200000000106,-43.3782,0.18491542475190126,0.053704501559946605,-0.18491542475190123
W2P3,45,-372.39390666666895,-77.81040000000019,-77.8104,0.3316952562834635,0.11388776675155893,-0.33169525628346347
W2P3,36,-529.5738833333326,-87.86239999999992,-87.86240000000002,0.3745455785560824,0.1572565864833907,-0.37454557855608234
W2P4,72,0.0,0.0,0.0,0.0,0.0,0.0
W2P4,63,-22.611699999999473,-3.3558000000000447,-3.3558,0.01974650473097017,0.003599794040033466,-0.0197465047309702
W2P4,54,-119.6319611111112,-15.21819999999991,-15.2182,0.0895483218001224,0.018840934977467444,-0.08954832180012239
W2P4,45,-137.84370666666655,-36.850400000000036,-36.8504,0.2168384879725086,0.05393636017680986,-0.21683848797250857
W2P4,36,-184.81365833333348,-38.81259999999992,-38.812599999999996,0.22838464435343409,0.06946699599083622,-0.22838464435343403
W3P1,72,0.0,0.0,0.0,0.0,0.0,0.0
W3P1,63,-122.20401428571404,-33.546199999999885,-33.54620000000001,0.04296168229086628,0.0359852824440583,-0.04296168229086628
W3P1,54,-27.668350000000373,-6.5101999999999975,-6.510200000000054,0.008337431484042979,0.008059971277175282,-0.008337431484042868
W3P1,45,1.3642420526593924e-12,0.0,-5.684341886080802e-14,1.1102230246251565e-16,2.220446049250313e-16,-5.551115123125783e-17
W3P1,36,0.0,0.0,0.0,0.0,2.220446049250313e-16,0.0
W3P2,72,0.0,0.0,0.0,0.0,0.0,0.0
W3P2,63,-151.0832047619042,-25.226199999999892,-25.226200000000006,0.048300145515815296,0.027060350561026292,-0.04830014551581528
W3P2,54,-270.20403888888904,-47.32979999999998,-47.329800000000006,0.09062150570575167,0.058596790967166856,-0.09062150570575173
W3P2,45,-238.66941999999835,-40.62419999999997,-40.6242000000001,0.07778241556253374,0.059459910424168205,-0.07778241556253371
W3P2,36,-62.73302500000045,-7.6942000000000235,-7.694199999999881,0.01473194455081539,0.013771119702176371,-0.014731944550815446
W3P3,72,0.0,0.0,0.0,0.0,0.0,0.0
W3P3,63,-157.0393952380964,-23.30619999999999,-23.306200000000004,0.06537136766520812,0.0250007508957113,-0.06537136766520812
W3P3,54,-450.4283333333342,-71.08400000000012,-71.084,0.19938292381914058,0.08800574456494825,-0.19938292381914058
W3P3,45,-596.2847999999994,-100.43000000000012,-100.43,0.28169527656232474,0.14699511138432725,-0.2816952765623247
W3P3,36,-687.798749999999,-107.88999999999999,-107.89000000000004,0.3026197688769213,0.1931020904925545,-0.30261976887692144
W3P4,72,0.0,0.0,0.0,0.0,0.0,0.0
W3P4,63,-112.7404619047611,-16.73180000000002,-16.7318,0.0573242428395232,0.017948338375061657,-0.057324242839523094
W3P4,54,-347.95007222222466,-44.26220000000012,-44.26220000000001,0.15164519665616005,0.05479894022681131,-0.15164519665616008
W3P4,45,-391.02822000000197,-76.67220000000009,-76.6722,0.2626839797176922,0.11222183191358576,-0.2626839797176922
W3P4,36,-611.8877999999986,-95.98239999999998,-95.98240000000001,0.32884198985884616,0.1717898052691867,-0.32884198985884616
W4P1,72,0.0,0.0,0.0,0.0,0.0,0.0
W4P1,63,-118.38214285714093,-17.829999999999927,-17.83000000000004,0.02033243473778812,0.01912638647529563,-0.020332434737788063
W4P1,54,2.397849999999835,0.5641999999999996,0.5641999999999143,-0.0006433852876643886,-0.0006985093844400492,0.0006433852876644996
W4P1,45,2.877420000001166,0.5641999999999996,0.5641999999999143,-0.0006433852876644996,-0.0008257954977898274,0.0006433852876644996
W4P1,36,3.5967750000015712,0.5641999999999996,0.5641999999999143,-0.0006433852876644996,-0.0010098081328749897,0.0006433852876644996
W4P2,72,0.0,0.0,0.0,0.0,0.0,0.0
W4P2,63,-165.75244285714143,-30.162199999999984,-30.162200000000006,0.04877741912530509,0.03235523803394058,-0.048777419125304845
W4P2,54,-293.6805777777772,-63.67360000000005,-63.67360000000002,0.1029710655859657,0.07883127816570112,-0.10297106558596558
W4P2,45,-120.09275999999954,-23.547600000000017,-23.547600000000045,0.038080483339909876,0.034465618687977484,-0.038080483339909876
W4P2,36,3.5967749999986154,0.5641999999999996,0.5642000000000849,-0.0009124075787078079,-0.0010098081328752118,0.0009124075787078079
W4P3,72,0.0,0.0,0.0,0.0,0.0,0.0
W4P3,63,-180.5809523809503,-26.799999999999898,-26.80000000000001,0.05921291018196928,0.02874857866168934,-0.059212910181969246
W4P3,54,-461.10237222221986,-59.655799999999886,-59.6558,0.13180572862811635,0.07385702966374474,-0.1318057286281164
W4P3,45,-631.9382866666656,-108.22619999999989,-108.2262,0.23911896492297902,0.15840607710547117,-0.23911896492297902
W4P3,36,-439.79849999999897,-68.98799999999997,-68.988,0.15242463610573476,0.12347508591065293,-0.15242463610573478
W4P4,72,0.0,0.0,0.0,0.0,0.0,0.0
W4P4,63,-113.57598571428662,-16.85580000000016,-16.8558,0.043446814652905896,0.01808135418677992,-0.04344681465290594
W4P4,54,-389.48818333333384,-49.546199999999885,-49.5462,0.12770824097081168,0.061340811172188425,-0.1277082409708117
W4P4,45,-437.15261999999893,-85.71620000000007,-85.7162,0.22093854068934238,0.1254591493223267,-0.22093854068934232
W4P4,36,-537.7185,-84.34799999999998,-84.348,0.2174119248177666,0.15096649484536084,-0.21741192481776658
W5P1,72,0.0,0.0,0.0,0.0,0.0,0.0
W5P1,63,-123.35515714285793,-33.86220000000014,-33.86219999999997,0.04132459544555911,0.036324258222308226,-0.041324595445559026
W5P1,54,-40.97935000000052,-9.642200000000003,-9.642199999999917,0.01176710356105537,0.011937552617243496,-0.011767103561055314
W5P1,45,0.0,0.0,0.0,0.0,0.0,0.0
W5P1,36,1.5916157281026244e-12,0.0,-1.1368683772161603e-13,1.6653345369377348e-16,2.220446049250313e-16,-1.1102230246251565e-16
W5P2,72,0.0,0.0,0.0,0.0,0.0,0.0
W5P2,63,-122.56958571428731,-25.542200000000093,-25.54220000000005,0.045541133259636934,0.02739932633927611,-0.04554113325963709
W5P2,54,-234.3371500000003,-47.03380000000004,-47.03380000000005,0.08386014335128211,0.05823032734115796,-0.08386014335128206
W5P2,45,-177.89082000000053,-26.77619999999999,-26.776199999999875,0.04774132582106039,0.03919118292790036,-0.047741325821060304
W5P2,36,-43.6815000000006,-6.852000000000004,-6.851999999999975,0.01221695253717503,0.01226374570446731,-0.01221695253717503
W5P3,72,0.0,0.0,0.0,0.0,0.0,0.0
W5P3,63,-159.16863333333367,-23.622199999999793,-23.62220000000002,0.05978790179701343,0.025339726673961116,-0.05978790179701347
W5P3,54,-469.7153333333299,-63.96799999999968,-63.96800000000001,0.16190331561629967,0.079195760907245,-0.1619033156162997
W5P3,45,-666.9986266666674,-100.84360000000004,-100.8436,0.2552356365477094,0.14760048007962295,-0.2552356365477094
W5P3,36,-598.1535000000003,-93.82800000000006,-93.82799999999997,0.23747911921032638,0.16793384879725087,-0.23747911921032644
W5P4,72,0.0,0.0,0.0,0.0,0.0,0.0
W5P4,63,-150.54387142857195,-22.342200000000048,-22.3422,0.06760939296737878,0.023966660230417713,-0.06760939296737882
W5P4,54,-419.3195555555558,-55.672000000000025,-55.672000000000004,0.1684681958482117,0.06892487495666816,-0.16846819584821163
W5P4,45,-472.8638399999991,-92.71839999999997,-92.7184,0.2805737456878291,0.13570797107812999,-0.28057374568782917
W5P4,36,-702.6792749999995,-110.22419999999997,-110.2242,0.33354778187980394,0.1972798539518899,-0.333547781879804
W6P1,72,0.0,0.0,0.0,0.0,0.0,0.0
W6P1,63,-117.20601428571263,-32.17419999999987,-32.17420000000001,0.044951100927685284,0.03451352684988518,-0.044951100927685284
W6P1,54,-60.53784999999925,-14.244200000000205,-14.24420000000029,0.019900804739019118,0.017635071559451543,-0.01990080473901909
W6P1,45,1.3642420526593924e-12,1.1368683772161603e-13,-5.684341886080802e-14,0.0,1.1102230246251565e-16,-1.1102230246251565e-16
W6P1,36,3.637978807091713e-12,1.1368683772161603e-13,-1.7053025658242404e-13,2.220446049250313e-16,2.220446049250313e-16,-3.3306690738754696e-16
W6P2,72,0.0,0.0,0.0,0.0,0.0,0.0
W6P2,63,-160.73187142857296,-23.854200000000105,-23.854200000000002,0.05217454068241467,0.02558859496685334,-0.0521745406824147
W6P2,54,-322.09781666666913,-46.90580000000017,-46.9058,0.10259361329833772,0.058071856583964854,-0.1025936132983377
W6P2,45,-461.08758000000034,-73.94979999999998,-73.94980000000001,0.16174496937882754,0.10823717104300223,-0.16174496937882765
W6P2,36,-225.8212250000015,-25.743799999999965,-25.743799999999936,0.05630752405949235,0.04607638888888893,-0.05630752405949241
W6P3,72,0.0,0.0,0.0,0.0,0.0,0.0
W6P3,63,-147.794728571429,-21.93419999999992,-21.93420000000001,0.0752614603348889,0.02352899530153829,-0.07526146033488887
W6P3,54,-423.89377777777736,-58.53600000000006,-58.53600000000002,0.2008509470216855,0.07247065814886355,-0.20085094702168552
W6P3,45,-505.76904000000013,-99.17040000000003,-99.1704,0.3402772440296459,0.1451514885395626,-0.3402772440296459
W6P3,36,-776.5910249999997,-121.81819999999999,-121.81819999999999,0.41798723579467467,0.2180308562428407,-0.41798723579467467
W6P4,72,0.0,0.0,0.0,0.0,0.0,0.0
W6P4,63,-69.61665238094974,-10.33179999999993,-10.331800000000001,0.045554673721340366,0.01108300615734481,-0.045554673721340394
W6P4,54,-258.9135555555549,-32.93599999999992,-32.93600000000001,0.14522045855379195,0.04077650671024616,-0.1452204585537919
W6P4,45,-266.89417333333313,-54.830400000000054,-54.8304,0.24175661375661373,0.08025291999648726,-0.24175661375661373
W6P4,36,-403.7554666666656,-65.83239999999995,-65.8324,0.29026631393298064,0.11782717640320733,-0.29026631393298064
