场景编号,日合成氨产量(吨),平均产氨速率(吨/小时),弃电量(MWh),未满足负荷电量(MWh),最大弃电功率(MW),最大未满足功率(MW),产氨速率序列(吨/小时),弃电序列(MWh),未满足序列(MWh)
W1P1,41.48444819277108,1.728518674698795,135.324,8.148200000000006,26.650199999999998,2.4382000000000006,0.607677 0.708737 1.03751 0.890747 1.00423 1.2357 1.53309 3 3 3 3 3 3 3 3 3 2.8654 1.99259 1.10877 0.3 0.3 0.3 0.3 0.3,0 0 0 0 1.77636e-15 0 0 3.5338 9.4622 14.708 18.7638 17.376 20.1162 26.6502 14.058 10.6558 0 0 0 0 0 0 0 0,0 0 0 0 0 0 0 0 0 0 0 0 0 0 0 0 0 0 3.55271e-15 0.5338 2.258 2.0882 0.83 2.4382
W1P2,32.0372530120482,1.334885542168675,7.450200000000009,8.148200000000003,7.450200000000002,2.4382000000000006,0.607677 0.708737 1.03751 0.890747 1.00423 1.2357 0.515263 1.63618 1.78715 2.02757 2.36702 2.54429 2.9737 3 2.53576 2.38235 1.84757 0.928496 0.507325 0.3 0.3 0.3 0.3 0.3,0 0 0 0 1.77636e-15 0 8.88178e-16 0 0 3.55271e-15 0 0 0 7.4502 0 0 0 0 0 0 0 0 0 0,0 0 0 0 0 0 0 0 0 0 0 0 0 0 0 0 0 0 0 0.5338 2.258 2.0882 0.83 2.4382
W1P3,20.59317108433735,0.8580487951807229,7.993605777301127e-15,8.148200000000006,1.7763568394002505e-15,2.4382000000000006,0.607677 0.708737 1.03751 0.890747 1.00423 1.2357 0.515263 1.49738 1.23197 1.10227 1.11787 1.11007 1.40069 1.87303 1.05528 1.04066 0.829735 0.465846 0.36853 0.3 0.3 0.3 0.3 0.3,0 0 0 0 1.77636e-15 0 8.88178e-16 0 0 1.77636e-15 1.77636e-15 1.77636e-15 0 0 0 0 0 0 0 0 0 0 0 0,0 0 0 0 0 0 0 0 0 0 0 0 0 0 3.55271e-15 0 0 0 0 0.5338 2.258 2.0882 0.83 2.4382
W1P4,16.00987951807229,0.667078313253012,2.6645352591003757e-15,9.386000000000003,1.7763568394002505e-15,2.4382000000000006,0.607677 0.708737 1.03751 0.890747 1.00423 1.2357 0.515263 1.40485 1.00064 0.732145 0.562684 0.369831 0.752978 1.41038 0.592627 0.624275 0.459614 0.3 0.3 0.3 0.3 0.3 0.3 0.3,0 0 0 0 1.77636e-15 0 8.88178e-16 0 0 0 0 0 0 0 0 0 0 0 0 0 0 0 0 0,0 0 0 0 0 0 0 0 0 0 0 0 0 0 0 0 0 0.9058 0.332 0.5338 2.258 2.0882 0.83 2.4382
W2P1,37.896,1.579,89.61199999999998,15.656,18.9182,4.288200000000001,0.3 0.534954 0.620255 0.673301 0.630347 0.577576 1.49782 2.15926 2.73674 3 3 3 3 3 3 3 2.56092 2.00879 1.09605 0.3 0.3 0.3 0.3 0.3,0 8.88178e-16 0 0 0 0 0 0 0 5.24 12.1958 13.932 15.7282 18.9182 15.714 7.8838 0 3.55271e-15 1.77636e-15 0 0 0 0 0,0.2078 0 0 0 0 0 0 0 0 0 0 0 0 0 0 0 0 0 0 1.9578 3.682 4.2882 3.586 1.9342
W2P2,25.68289156626506,1.0701204819277108,8.881784197001252e-16,15.656,8.881784197001252e-16,4.288200000000001,0.3 0.534954 0.620255 0.673301 0.630347 0.577576 0.479986 0.539986 0.83987 1.34313 1.89223 2.29533 2.6565 2.97963 2.65547 2.18196 1.54308 0.944689 0.494602 0.3 0.3 0.3 0.3 0.3,0 8.88178e-16 0 0 0 0 0 0 0 0 0 0 0 0 0 0 0 0 0 0 0 0 0 0,0.2078 0 0 0 0 0 0 0 0 0 0 0 0 0 0 0 0 0 0 1.9578 3.682 4.2882 3.586 1.9342
W2P3,13.715551807228914,0.5714813253012048,8.881784197001252e-16,15.8678,8.881784197001252e-16,4.288200000000001,0.3 0.534954 0.620255 0.673301 0.630347 0.577576 0.479986 0.40119 0.3 0.417831 0.64307 0.861108 1.08348 1.31409 1.17499 0.840275 0.525253 0.482039 0.355807 0.3 0.3 0.3 0.3 0.3,0 8.88178e-16 0 0 0 0 0 0 0 0 0 0 0 0 0 0 0 0 0 0 0 0 0 0,0.2078 0 0 0 0 0 0 0 0.2118 0 0 0 0 0 0 0 0 0 0 1.9578 3.682 4.2882 3.586 1.9342
W2P4,10.148515662650603,0.42285481927710844,8.881784197001252e-16,31.163800000000002,8.881784197001252e-16,4.288200000000001,0.3 0.534954 0.620255 0.673301 0.630347 0.577576 0.479986 0.30866 0.3 0.3 0.3 0.3 0.435773 0.851436 0.712337 0.423889 0.3 0.3 0.3 0.3 0.3 0.3 0.3 0.3,0 8.88178e-16 0 0 0 0 0 0 0 0 0 0 0 0 0 0 0 0 0 0 0 0 0 0,0.2078 0 0 0 0 0 0 0 3.4118 3.49 2.9342 2.478 0 0 0 0 2.004 0.6818 0.508 1.9578 3.682 4.2882 3.586 1.9342
W3P1,42.92181686746988,1.7884090361445784,126.36819999999997,8.881784197001252e-16,22.834199999999996,8.881784197001252e-16,0.761508 0.888014 0.973605 1.06482 1.00538 0.856323 1.837 2.52938 3 3 3 3 3 3 3 3 3 2.42373 1.52255 0.514424 0.388048 0.334106 0.353639 0.469287,0 0 0 0 0 0 0 0 2.3222 12.296 15.6638 18.94 20.5722 22.8342 17.954 14.0318 1.754 0 0 0 0 0 0 0,0 0 0 0 0 0 0 0 0 0 0 0 0 0 0 0 0 0 0 0 0 8.88178e-16 0 0
W3P2,33.096404819277105,1.3790168674698793,3.7264000000000053,8.881784197001252e-16,3.6342,8.881784197001252e-16,0.761508 0.888014 0.973605 1.06482 1.00538 0.856323 0.819166 0.910106 1.271 1.8532 2.14293 2.65735 3 3 2.8174 2.6264 2.10896 1.35963 0.921108 0.514424 0.388048 0.334106 0.353639 0.469287,0 0 0 0 0 0 0 0 0 0 0 0 0.0922 3.6342 0 0 0 0 0 0 0 0 0 0,0 0 0 0 0 0 0 0 0 0 0 0 0 0 0 0 0 0 0 0 0 8.88178e-16 0 0
W3P3,21.383132530120484,0.8909638554216869,0.0,8.881784197001252e-16,0.0,8.881784197001252e-16,0.761508 0.888014 0.973605 1.06482 1.00538 0.856323 0.819166 0.771311 0.715822 0.927904 0.893769 1.22313 1.43365 1.59717 1.33692 1.28471 1.09113 0.896978 0.782313 0.514424 0.388048 0.334106 0.353639 0.469287,0 0 0 0 0 0 0 0 0 0 0 0 0 0 0 0 0 0 0 0 0 0 0 0,0 0 0 0 0 0 0 0 0 0 0 0 0 0 0 0 0 0 0 0 0 8.88178e-16 0 0
W3P4,16.710361445783132,0.6962650602409638,0.0,2.6645352591003757e-15,0.0,1.7763568394002505e-15,0.761508 0.888014 0.973605 1.06482 1.00538 0.856323 0.819166 0.678781 0.484496 0.557783 0.338588 0.482892 0.785942 1.13452 0.874265 0.868323 0.721012 0.665653 0.689783 0.514424 0.388048 0.334106 0.353639 0.469287,0 0 0 0 0 0 0 0 0 0 0 0 0 0 0 0 0 0 0 0 0 0 0 0,0 0 0 0 0 0 0 1.77636e-15 0 0 0 0 0 0 0 0 0 0 0 0 0 8.88178e-16 0 0
W4P1,46.48642409638555,1.936934337349398,173.706,0.5642000000000014,23.0822,0.5642000000000014,0.876593 0.938617 0.888593 1.38636 1.30813 1.55059 2.88693 3 3 3 3 3 3 3 3 3 3 2.73197 1.75214 0.527436 0.502265 0.3 0.331952 0.504853,0 0 0 0 0 0 0 7.0898 16.6862 22.492 15.8558 17.292 22.3762 23.0822 22.502 21.1398 5.19 0 0 8.88178e-16 0 0 0 0,0 0 0 0 0 0 0 0 0 0 0 0 0 0 0 0 0 0 0 0 0 0.5642 0 0
W4P2,39.648289156626504,1.652012048192771,9.740200000000009,0.5642000000000014,3.8821999999999974,0.5642000000000014,0.876593 0.938617 0.888593 1.38636 1.30813 1.55059 1.86909 1.89324 2.30936 2.59027 2.1568 2.53822 3 3 3 3 2.35735 1.66787 1.1507 0.527436 0.502265 0.3 0.331952 0.504853,0 0 0 0 0 0 0 0 0 0 0 0 1.8962 3.8822 2.022 1.9398 0 0 0 8.88178e-16 0 0 0 0,0 0 0 0 0 0 0 0 0 0 0 0 0 0 0 0 0 0 0 0 0 0.5642 0 0
W4P3,28.36974939759036,1.182072891566265,4.440892098500626e-15,0.5642000000000014,1.7763568394002505e-15,0.5642000000000014,0.876593 0.938617 0.888593 1.38636 1.30813 1.55059 1.86909 1.75444 1.75418 1.66496 0.907648 1.104 1.56406 1.6151 1.66569 1.79854 1.33952 1.20522 1.0119 0.527436 0.502265 0.3 0.331952 0.504853,0 0 0 0 0 0 0 0 0 0 0 1.77636e-15 0 0 0 0 0 0 1.77636e-15 8.88178e-16 0 0 0 0,0 0 0 0 0 0 0 0 0 0 0 0 0 0 0 0 0 0 0 0 0 0.5642 0 0
W4P4,23.69697831325301,0.9873740963855421,8.881784197001252e-16,0.5642000000000014,8.881784197001252e-16,0.5642000000000014,0.876593 0.938617 0.888593 1.38636 1.30813 1.55059 1.86909 1.66191 1.52286 1.29484 0.352467 0.363759 0.916352 1.15245 1.20304 1.38215 0.969398 0.973894 0.919373 0.527436 0.502265 0.3 0.331952 0.504853,0 0 0 0 0 0 0 0 0 0 0 0 0 0 0 0 0 0 0 8.88178e-16 0 0 0 0,0 0 0 0 0 0 0 0 0 0 0 0 0 0 0 0 0 0 0 0 0 0.5642 0 0
W5P1,43.377527710843374,1.8073969879518073,158.64419999999998,8.881784197001252e-16,24.9422,8.881784197001252e-16,0.607677 0.8964 1.05486 0.890747 1.00943 0.917046 2.1276 2.30297 3 3 3 3 3 3 3 3 3 2.1363 1.21316 0.654665 0.580048 0.534202 0.335711 1.11671,0 0 0 0 1.77636e-15 0 0 3.55271e-15 13.9342 21.308 22.8558 23.968 24.3002 24.9422 15.606 8.0358 3.694 0 0 0 0 0 0 0,0 0 0 0 0 0 0 0 0 0 0 0 0 0 0 0 0 0 0 0 0 0 8.88178e-16 0
W5P2,35.44262168674699,1.4767759036144579,9.850400000000011,7.993605777301127e-15,5.742199999999997,7.105427357601002e-15,0.607677 0.8964 1.05486 0.890747 1.00943 0.917046 1.10977 0.683696 2.11042 2.50467 2.66283 3 3 3 2.64766 2.19295 2.2492 1.07221 0.611711 0.654665 0.580048 0.534202 0.335711 1.11671,0 0 0 0 1.77636e-15 0 0 0 0 0 0 0.288 3.8202 5.7422 0 0 0 1.77636e-15 0 0 0 0 0 0,0 0 0 0 0 0 0 0 0 0 0 0 0 0 0 7.10543e-15 0 0 0 0 0 0 8.88178e-16 0
W5P3,24.172048192771083,1.0071686746987951,1.7763568394002505e-15,8.881784197001252e-16,1.7763568394002505e-15,8.881784197001252e-16,0.607677 0.8964 1.05486 0.890747 1.00943 0.917046 1.10977 0.544901 1.55524 1.57937 1.41367 1.5866 1.70315 1.74956 1.16718 0.851263 1.23137 0.609557 0.472916 0.654665 0.580048 0.534202 0.335711 1.11671,0 0 0 0 1.77636e-15 0 0 0 0 0 0 0 0 0 0 0 0 0 0 0 0 0 0 0,0 0 0 0 0 0 0 0 0 0 0 0 0 0 0 0 0 0 0 0 0 0 8.88178e-16 0
W5P4,19.499277108433734,0.8124698795180723,1.7763568394002505e-15,8.881784197001252e-16,1.7763568394002505e-15,8.881784197001252e-16,0.607677 0.8964 1.05486 0.890747 1.00943 0.917046 1.10977 0.452371 1.32392 1.20925 0.858492 0.846361 1.05544 1.28691 0.70453 0.434877 0.861253 0.378231 0.380386 0.654665 0.580048 0.534202 0.335711 1.11671,0 0 0 0 1.77636e-15 0 0 0 0 0 0 0 0 0 0 0 0 0 0 0 0 0 0 0,0 0 0 0 0 0 0 0 0 0 0 0 0 0 0 0 0 0 0 0 0 0 8.88178e-16 0
W6P1,40.786539759036145,1.6994391566265061,90.8262,0.0,18.0882,0.0,0.583966 0.679822 0.794328 0.760048 0.721431 0.674733 1.61377 2.35444 3 3 3 3 3 3 3 3 2.61586 2.13891 1.4254 0.541027 0.359422 0.488227 0.442988 0.592178,0 0 0 0 0 0 0 0 1.2822 7.328 12.8998 15.7 18.0882 17.8982 12.782 4.8478 0 3.55271e-15 0 8.88178e-16 0 0 0 0,0 0 0 0 0 0 0 0 0 0 0 0 0 0 0 0 0 0 0 0 0 0 0 0
W6P2,28.66120481927711,1.1942168674698797,8.881784197001252e-16,0.0,8.881784197001252e-16,0.0,0.583966 0.679822 0.794328 0.760048 0.721431 0.674733 0.595937 0.735166 1.19582 1.49407 1.94312 2.42313 2.8271 2.90589 2.44352 1.96249 1.59802 1.07481 0.823952 0.541027 0.359422 0.488227 0.442988 0.592178,0 0 0 0 0 0 0 0 0 0 0 0 0 0 0 0 0 0 0 8.88178e-16 0 0 0 0,0 0 0 0 0 0 0 0 0 0 0 0 0 0 0 0 0 0 0 0 0 0 0 0
W6P3,16.678554216867468,0.6949397590361445,1.7763568394002505e-15,1.7763568394002505e-15,8.881784197001252e-16,1.7763568394002505e-15,0.583966 0.679822 0.794328 0.760048 0.721431 0.674733 0.595937 0.596371 0.640641 0.568771 0.693961 0.988916 1.25409 1.24035 0.963036 0.620805 0.580193 0.612159 0.685157 0.541027 0.359422 0.488227 0.442988 0.592178,0 0 0 0 0 0 0 0 0 8.88178e-16 0 0 0 0 0 0 0 0 0 8.88178e-16 0 0 0 0,0 0 0 0 0 0 0 1.77636e-15 0 0 0 0 0 0 0 0 0 0 0 0 0 0 0 0
W6P4,12.505185542168674,0.5210493975903614,8.881784197001252e-16,6.9084,8.881784197001252e-16,2.230199999999999,0.583966 0.679822 0.794328 0.760048 0.721431 0.674733 0.595937 0.503841 0.409316 0.3 0.3 0.3 0.606376 0.777701 0.500386 0.3 0.3 0.380834 0.592627 0.541027 0.359422 0.488227 0.442988 0.592178,0 0 0 0 0 0 0 0 0 0 0 0 0 0 0 0 0 0 0 8.88178e-16 0 0 0 0,0 0 0 0 0 0 0 0 0 1.402 2.2302 0.71 0 0 0 1.3222 1.244 0 0 0 0 0 0 0
