scenario_id,wind_scenario,pv_scenario,Q_day,H_on,total_cost,incremental_total_cost,unit_cost,incremental_unit_cost,E_load,E_re,E_buy,E_sell,E_curtail,E_self,R_self,R_green,R_sell,class,pass_self,pass_green,pass_green_2030,pass_sell,on_hours
W1P1,1,1,72,24,390965.99163287674,352295.99463287677,5430.083217123288,4892.999925456622,1056.7199999999998,761.7639999999999,430.28,135.324,0.0,626.4399999999998,0.8223544299809389,0.5928155045802104,0.17764557001906106,全满足,True,True,True,True,0 1 2 3 4 5 6 7 8 9 10 11 12 13 14 15 16 17 18 19 20 21 22 23
W1P1,1,1,63,21,284907.40353287675,246237.40653287675,4522.339738617091,3908.530262426615,932.22,761.7639999999999,326.6262,156.1702,0.0,605.5937999999999,0.7949887366690995,0.6496254103108706,0.20501126333090042,部分满足,True,True,True,False,0 1 2 3 4 5 6 7 8 9 10 11 12 13 14 15 16 17 21 22 23
W1P1,1,1,54,18,201838.21053287672,163168.21353287672,3737.744639497717,3021.6335839421613,807.7199999999999,761.7639999999999,235.0722,189.11620000000002,0.0,572.6477999999998,0.7517391213026605,0.708968206804338,0.2482608786973394,部分满足,True,True,True,False,0 1 2 3 4 5 6 7 8 9 10 11 12 13 14 15 16 23
W1P1,1,1,45,15,139353.33153287673,100683.33453287673,3096.740700730594,2237.407434063927,683.22,761.7639999999999,233.2102,311.7542,0.0,450.00979999999987,0.5907470030088058,0.6586601680278679,0.4092529969911942,部分满足,False,True,True,False,0 1 2 3 4 5 6 9 10 11 12 13 14 15 23
W1P1,1,1,36,12,77295.78153287672,38625.78453287672,2147.105042579909,1072.9384592465756,558.72,761.7639999999999,233.2102,436.2542000000001,0.0,325.5097999999998,0.4273105581256135,0.5825991552119126,0.5726894418743865,部分满足,False,True,True,False,0 1 2 3 4 5 6 12 13 14 15 23
W1P2,1,2,72,24,489792.26853287674,451122.27153287677,6802.670396289955,6265.587104623289,1056.7199999999998,503.204,560.9662000000001,7.450200000000002,0.0,495.7538,0.9851944738118139,0.4691439548792491,0.014805526188186108,全满足,True,True,True,True,0 1 2 3 4 5 6 7 8 9 10 11 12 13 14 15 16 17 18 19 20 21 22 23
W1P2,1,2,63,21,380201.8404328767,341531.84343287675,6034.9498481409,5421.140371950424,932.22,503.204,448.9924,19.9764,0.0,483.2276,0.9603015874277628,0.5183621891828109,0.03969841257223711,全满足,True,True,True,True,0 1 2 3 4 5 6 7 8 9 10 11 12 13 14 15 16 17 21 22 23
W1P2,1,2,54,18,293754.4074328767,255084.4104328767,5439.896433942161,4723.785378386606,807.7199999999999,503.204,342.71840000000003,38.2024,0.0,465.0016,0.9240816845653055,0.5756965284999753,0.07591831543469447,全满足,True,True,True,True,0 1 2 3 4 5 6 7 8 9 10 11 12 13 14 15 16 23
W1P2,1,2,45,15,219799.55253287673,181129.55553287672,4884.434500730594,4025.101234063927,683.22,503.204,298.31819999999993,118.3022,0.0,384.9018,0.7649021072964444,0.5633643628699394,0.2350978927035556,部分满足,True,True,True,False,0 1 2 3 4 5 6 9 11 12 13 14 15 16 23
W1P2,1,2,36,12,148269.94053287667,109599.94353287667,4118.609459246574,3044.4428759132406,558.72,503.204,262.5022,206.98620000000003,0.0,296.2178,0.588663444646704,0.5301721792668957,0.4113365553532961,部分满足,False,True,True,False,0 1 2 3 4 5 6 11 12 13 15 23
W1P3,1,3,72,24,587763.4826328767,549093.4856328767,8163.381703234399,7626.298411567733,1056.7199999999998,337.44399999999996,719.2760000000001,0.0,0.0,337.44399999999996,1.0,0.31933151639033996,0.0,全满足,True,True,False,True,0 1 2 3 4 5 6 7 8 9 10 11 12 13 14 15 16 17 18 19 20 21 22 23
W1P3,1,3,63,21,477358.01453287667,438688.0175328767,7577.111341791693,6963.301865601217,932.22,337.44399999999996,605.3822,10.606200000000015,0.0,326.83779999999996,0.9685690070056069,0.3506015747355774,0.03143099299439319,全满足,True,True,True,True,0 1 2 3 4 5 6 7 8 9 10 11 12 13 14 15 16 17 21 22 23
W1P3,1,3,54,18,381730.07063287665,343060.0736328767,7069.075382090308,6352.964326534753,807.72,337.44399999999996,526.3,56.024,0.0,281.41999999999996,0.8339754151800002,0.34841281632248794,0.1660245848199998,全满足,True,True,False,True,0 1 2 3 4 5 6 7 8 9 12 13 15 16 17 21 22 23
W1P3,1,3,45,15,292467.59063287673,253797.59363287673,6499.279791841705,5639.946525175038,683.22,337.44399999999996,426.5580000000001,80.78200000000001,0.0,256.6619999999999,0.7606062042887115,0.3756652322824272,0.23939379571128847,部分满足,True,True,True,False,0 1 2 3 4 5 6 7 8 9 13 15 16 17 23
W1P3,1,3,36,12,208856.8154328767,170186.8184328767,5801.578206468797,4727.411623135464,558.72,337.44399999999996,345.89040000000006,124.61439999999999,0.0,212.82959999999997,0.6307108735079006,0.3809235395189003,0.36928912649209944,部分满足,True,True,True,False,0 1 2 3 4 5 6 7 8 9 15 23
W1P4,1,4,72,24,627256.2186328768,588586.2216328768,8711.89192545662,8174.808633789955,1056.7199999999998,272.804,783.9159999999999,0.0,0.0,272.804,1.0,0.2581611022787494,0.0,部分满足,True,False,False,True,0 1 2 3 4 5 6 7 8 9 10 11 12 13 14 15 16 17 18 19 20 21 22 23
W1P4,1,4,63,21,516307.3905328767,477637.39353287674,8195.355405283757,7581.545929093281,932.22,272.804,668.7422000000001,9.3262,0.0,263.4778,0.9658135511209514,0.28263478578018064,0.034186448879048696,部分满足,True,False,False,True,0 1 2 3 4 5 6 7 8 9 10 11 12 13 14 15 16 17 21 22 23
W1P4,1,4,54,18,410355.60663287673,371685.60963287676,7599.177900608828,6883.066845053273,807.72,272.804,565.34,30.424,0.0,242.37999999999997,0.8884767085526605,0.3000792353785965,0.1115232914473395,全满足,True,True,False,True,0 1 2 3 4 5 6 7 8 9 12 13 15 16 17 21 22 23
W1P4,1,4,45,15,316717.24653287674,278047.24953287677,7038.161034063927,6178.827767397262,683.22,272.804,472.82820000000004,62.4122,0.0,210.3918,0.7712196302107007,0.3079415122508123,0.2287803697892993,部分满足,True,True,False,False,0 1 2 3 4 5 6 7 8 9 15 16 17 22 23
W1P4,1,4,36,12,229052.59143287668,190382.59443287668,6362.571984246574,5288.4054009132415,558.72,272.804,361.2504,75.33439999999999,0.0,197.46959999999999,0.7238515564287914,0.35343213058419237,0.2761484435712086,部分满足,True,True,True,False,0 1 2 3 4 5 6 7 8 9 15 23
W2P1,2,1,72,24,420187.3116328767,381517.3146328767,5835.934883789954,5298.851592123287,1056.7199999999998,658.904,487.428,89.61199999999998,0.0,569.292,0.8639983973386108,0.5387349534408359,0.1360016026613892,全满足,True,True,True,True,0 1 2 3 4 5 6 7 8 9 10 11 12 13 14 15 16 17 18 19 20 21 22 23
W2P1,2,1,63,21,312845.03553287673,274175.03853287676,4965.794214807567,4351.984738617091,932.22,658.904,380.75020000000006,107.43419999999998,0.0,551.4698000000001,0.8369501475176961,0.5915661539121667,0.16304985248230391,全满足,True,True,True,True,0 1 2 3 4 5 6 7 8 9 10 11 12 13 14 15 16 17 21 22 23
W2P1,2,1,54,18,228721.5654328767,190051.5684328767,4235.584545053272,3519.4734894977164,807.7199999999999,658.904,284.6023999999999,135.7864,0.0,523.1176,0.7939208139577238,0.647647204476799,0.20607918604227624,部分满足,True,True,True,False,0 1 2 3 4 5 6 7 8 9 10 11 12 13 14 15 16 23
W2P1,2,1,45,15,161765.10843287667,123095.11143287667,3594.7801873972594,2735.446920730593,683.22,658.904,263.25639999999987,238.94039999999998,0.0,419.96360000000004,0.6373669001857631,0.61468282544422,0.36263309981423697,部分满足,True,True,True,False,0 1 2 3 4 5 6 9 10 11 12 13 14 15 23
W2P1,2,1,36,12,99707.55843287663,61037.56143287663,2769.6544009132394,1695.4878175799065,558.72,658.904,263.2563999999997,363.4404,0.0,295.4636,0.4484167648094411,0.5288223081328751,0.5515832351905589,部分满足,False,True,True,False,0 1 2 3 4 5 6 12 13 14 15 23
W2P2,2,2,72,24,530334.7026328767,491664.7056328767,7365.7597587899545,6828.676467123288,1056.7199999999998,400.34400000000005,656.376,0.0,0.0,400.34400000000005,1.0,0.37885532591414955,0.0,全满足,True,True,True,True,0 1 2 3 4 5 6 7 8 9 10 11 12 13 14 15 16 17 18 19 20 21 22 23
W2P2,2,2,63,21,419460.58653287677,380790.5895328768,6658.104548140901,6044.295071950425,932.22,400.34400000000005,541.3782,9.5022,0.0,390.84180000000003,0.976264912175529,0.419259187745382,0.023735087824470952,全满足,True,True,True,True,0 1 2 3 4 5 6 7 8 9 10 11 12 13 14 15 16 17 21 22 23
W2P2,2,2,54,18,330674.0436328767,292004.04663287674,6123.593400608828,5407.482345053273,807.72,400.34400000000005,424.91200000000003,17.536,0.0,382.80800000000005,0.9561976700037967,0.47393651265289954,0.04380232999620326,全满足,True,True,True,True,0 1 2 3 4 5 6 8 9 10 11 12 13 14 15 16 17 23
W2P2,2,2,45,15,248728.39953287673,210058.40253287673,5527.297767397261,4667.964500730594,683.22,400.34400000000005,351.27419999999995,68.3982,0.0,331.9458000000001,0.8291514297703976,0.4858549222797928,0.17084857022960254,全满足,True,True,True,True,0 1 2 3 4 5 6 9 11 12 13 14 15 16 23
W2P2,2,2,36,12,172647.34053287667,133977.34353287666,4795.759459246574,3721.5928759132407,558.72,400.34400000000005,298.45219999999995,140.07620000000003,0.0,260.2678,0.6501104050516555,0.46582867983963344,0.34988959494834443,部分满足,True,True,True,False,0 1 2 3 4 5 6 12 13 14 15 23
W2P3,2,3,72,24,631468.5266328767,592798.5296328767,8770.396203234399,8233.312911567733,1056.7199999999998,234.584,822.136,0.0,0.0,234.584,1.0,0.22199258081611029,0.0,部分满足,True,False,False,True,0 1 2 3 4 5 6 7 8 9 10 11 12 13 14 15 16 17 18 19 20 21 22 23
W2P3,2,3,63,21,519779.37053287675,481109.3735328768,8250.466198934551,7636.6567227440755,932.22,234.584,705.2182,7.5822,0.0,227.0018,0.9676781025133854,0.24350668297183067,0.032321897486614605,部分满足,True,False,False,True,0 1 2 3 4 5 6 7 8 9 10 11 12 13 14 15 16 17 21 22 23
W2P3,2,3,54,18,420066.9725328768,381396.97553287685,7779.018009868089,7062.906954312534,807.72,234.584,616.5142000000001,43.3782,0.0,191.2058,0.8150845752480987,0.23672287426335858,0.18491542475190123,部分满足,True,False,False,True,0 1 2 3 4 5 6 7 8 9 13 14 15 16 17 21 22 23
W2P3,2,3,45,15,327868.1414328767,289198.1444328767,7285.9586985083715,6426.625431841705,683.22,234.584,526.4464,77.8104,0.0,156.7736,0.6683047437165365,0.22946283773894205,0.33169525628346347,部分满足,True,False,False,False,0 1 2 3 4 5 6 7 8 9 15 16 17 22 23
W2P3,2,3,36,12,239544.7754328767,200874.7784328767,6654.02153980213,5579.854956468796,558.72,234.584,411.99839999999995,87.86240000000002,0.0,146.72159999999997,0.6254544214439176,0.2626030927835051,0.37454557855608234,部分满足,True,False,False,False,0 1 2 3 4 5 6 9 15 16 17 23
W2P4,2,4,72,24,670961.2626328768,632291.2656328768,9318.906425456622,8781.823133789956,1056.7199999999998,169.94400000000002,886.776,0.0,0.0,169.94400000000002,1.0,0.16082216670451968,0.0,部分满足,True,False,False,True,0 1 2 3 4 5 6 7 8 9 10 11 12 13 14 15 16 17 18 19 20 21 22 23
W2P4,2,4,63,21,557477.9997328767,518808.0027328767,8848.85713861709,8235.047662426614,932.22,169.94400000000002,765.6318,3.3558,0.0,166.58820000000003,0.9802534952690298,0.17870052133616532,0.0197465047309702,部分满足,True,False,False,True,0 1 2 3 4 5 6 7 8 9 12 13 14 15 16 17 18 19 21 22 23
W2P4,2,4,54,18,447605.78853287676,408935.7915328768,8288.996083942162,7572.885028386607,807.72,169.94400000000002,652.9942,15.2182,0.0,154.72580000000002,0.9104516781998776,0.1915587084633289,0.08954832180012239,部分满足,True,False,False,True,0 1 2 3 4 5 6 7 8 9 13 14 15 16 17 21 22 23
W2P4,2,4,45,15,349973.3574328767,311303.36043287674,7777.185720730594,6917.852454063927,683.22,169.94400000000002,550.1264,36.8504,0.0,133.0936,0.7831615120274914,0.19480343081291532,0.21683848797250857,部分满足,True,False,False,False,0 1 2 3 4 5 6 7 8 9 15 16 17 22 23
W2P4,2,4,36,12,259793.38233287673,221123.38533287673,7216.48284257991,6142.316259246576,558.72,169.94400000000002,427.5886,38.812599999999996,0.0,131.1314,0.7716153556465659,0.23469967067583047,0.22838464435343403,部分满足,True,False,False,False,0 1 2 3 4 5 6 7 15 16 17 23
W3P1,3,1,72,24,380328.03313287674,341658.03613287676,5282.333793512177,4745.25050184551,1056.7199999999998,780.8399999999999,402.2482,126.36819999999997,0.0,654.4717999999999,0.8381637723477281,0.6193426830191536,0.1618362276522719,全满足,True,True,True,True,0 1 2 3 4 5 6 7 8 9 10 11 12 13 14 15 16 17 18 19 20 21 22 23
W3P1,3,1,63,21,279660.59503287676,240990.59803287676,4439.057064013917,3825.247587823441,932.22,780.8399999999999,311.2944,159.9144,0.0,620.9255999999999,0.7952020900568618,0.6660719572633068,0.20479790994313818,部分满足,True,True,True,False,0 1 2 3 4 5 6 7 8 9 10 11 12 13 14 15 16 17 21 22 23
W3P1,3,1,54,18,198908.43403287674,160238.43703287674,3683.489519127347,2967.3784635717916,807.7199999999999,780.8399999999999,229.83640000000003,202.95640000000003,0.0,577.8835999999999,0.7400794016699963,0.7154504036052096,0.25992059833000364,部分满足,True,True,True,False,0 1 2 3 4 5 6 7 8 9 10 11 12 13 14 15 16 23
W3P1,3,1,45,15,135356.7931328767,96686.79613287668,3007.9287362861487,2148.5954696194817,683.22,780.8399999999999,223.32620000000003,320.94620000000003,0.0,459.8937999999999,0.5889731571128527,0.673126957641755,0.41102684288714725,部分满足,False,True,True,False,0 1 2 3 4 5 6 10 11 12 13 14 15 16 23
W3P1,3,1,36,12,73299.2431328767,34629.2461328767,2036.0900870243527,961.9235036910195,558.72,780.8399999999999,223.32620000000003,445.44620000000003,0.0,335.3937999999999,0.42952948107166633,0.6002895904925541,0.5704705189283337,部分满足,False,True,True,False,0 1 2 3 4 5 6 13 14 15 16 23
W3P2,3,2,72,24,479823.91303287674,441153.91603287676,6664.22101434551,6127.137722678844,1056.7199999999998,522.28,538.1664,3.7264000000000053,0.0,518.5536,0.9928651298154246,0.4907199636611402,0.007134870184575334,全满足,True,True,True,True,0 1 2 3 4 5 6 7 8 9 10 11 12 13 14 15 16 17 18 19 20 21 22 23
W3P2,3,2,63,21,375624.63493287674,336954.63793287677,5962.295792585345,5348.486316394869,932.22,522.28,438.8926,28.95260000000001,0.0,493.32739999999995,0.9445649842996093,0.5291963270472635,0.05543501570039062,全满足,True,True,True,True,0 1 2 3 4 5 6 7 8 9 10 11 12 13 14 15 16 17 21 22 23
W3P2,3,2,54,18,290067.1111328767,251397.1141328767,5371.613169127347,4655.502113571791,807.72,522.28,336.49620000000004,51.05620000000001,0.0,471.2238,0.902243624109673,0.583399940573466,0.09775637589032705,全满足,True,True,True,True,0 1 2 3 4 5 6 8 9 10 11 12 13 14 15 16 17 23
W3P2,3,2,45,15,212279.70103287674,173609.70403287673,4717.326689619483,3857.993422952816,683.22,522.28,278.0304,117.09040000000002,0.0,405.1895999999999,0.7758091445201807,0.5930587512075172,0.2241908554798193,部分满足,True,True,True,False,0 1 2 3 4 5 6 9 11 12 13 14 15 16 23
W3P2,3,2,36,12,141740.4160328767,103070.4190328767,3937.2337786910193,2863.067195357686,558.72,522.28,245.10040000000004,208.6604,0.0,313.6196,0.6004817339358198,0.5613180126002291,0.39951826606418017,部分满足,True,True,True,False,0 1 2 3 4 5 6 12 13 14 15 23
W3P3,3,3,72,24,579375.8802328767,540705.8832328768,8046.887225456621,7509.803933789955,1056.7199999999998,356.52000000000004,700.1999999999999,0.0,0.0,356.52000000000004,1.0,0.33738360208948454,0.0,全满足,True,True,False,True,0 1 2 3 4 5 6 7 8 9 10 11 12 13 14 15 16 17 18 19 20 21 22 23
W3P3,3,3,63,21,474361.5621328768,435691.5651328768,7529.548605283759,6915.739129093283,932.22,356.52000000000004,599.0062,23.306200000000004,0.0,333.21380000000005,0.9346286323347919,0.3574411619574779,0.06537136766520812,全满足,True,True,True,True,0 1 2 3 4 5 6 7 8 9 10 11 12 13 14 15 16 17 21 22 23
W3P3,3,3,54,18,379735.4382328767,341065.44123287674,7032.137745053273,6316.026689497718,807.72,356.52000000000004,522.2840000000001,71.084,0.0,285.43600000000004,0.8006170761808594,0.35338483632942114,0.19938292381914058,全满足,True,True,True,True,0 1 2 3 4 5 6 7 8 9 12 13 15 16 17 21 22 23
W3P3,3,3,45,15,291614.82423287665,252944.82723287665,6480.329427397259,5620.996160730592,683.22,356.52000000000004,427.13,100.43,0.0,256.09000000000003,0.7183047234376753,0.3748280202570183,0.2816952765623247,部分满足,True,True,True,False,0 1 2 3 4 5 6 7 8 9 13 15 16 17 23
W3P3,3,3,36,12,206992.2861328767,168322.2891328767,5749.785725913242,4675.619142579908,558.72,356.52000000000004,345.2962,143.09620000000004,0.0,213.4238,0.5986306518568383,0.38198704180985105,0.4013693481431617,部分满足,False,True,True,False,0 1 2 3 4 5 6 9 15 16 17 23
W3P4,3,4,72,24,618868.6162328768,580198.6192328768,8595.397447678844,8058.314156012178,1056.7199999999998,291.88,764.8399999999999,0.0,0.0,291.88,1.0,0.2762131879778939,0.0,部分满足,True,False,False,True,0 1 2 3 4 5 6 7 8 9 10 11 12 13 14 15 16 17 18 19 20 21 22 23
W3P4,3,4,63,21,511063.46533287666,472393.4683328767,8112.118497347248,7498.309021156772,932.22,291.88,657.0717999999999,16.7318,0.0,275.1482,0.9426757571604768,0.2951537190791873,0.057324242839523094,部分满足,True,False,False,True,0 1 2 3 4 5 6 7 8 9 12 13 14 15 16 17 18 19 21 22 23
W3P4,3,4,54,18,407842.32013287675,369172.3231328768,7552.635558016236,6836.524502460681,807.72,291.88,560.1022,44.26220000000001,0.0,247.6178,0.84835480334384,0.30656390828504926,0.15164519665616008,全满足,True,True,False,True,0 1 2 3 4 5 6 7 8 9 13 14 15 16 17 21 22 23
W3P4,3,4,45,15,313883.8141328767,275213.8171328767,6975.195869619482,6115.862602952816,683.22,291.88,468.0122,76.6722,0.0,215.2078,0.7373160202823078,0.31499048622698395,0.2626839797176922,部分满足,True,True,False,False,0 1 2 3 4 5 6 7 8 9 15 16 17 22 23
W3P4,3,4,36,12,227685.2050328767,189015.2080328767,6324.589028691019,5250.422445357686,558.72,291.88,362.8224,95.98240000000001,0.0,195.89759999999998,0.6711580101411538,0.35061855670103087,0.32884198985884616,部分满足,True,True,True,False,0 1 2 3 4 5 6 7 15 16 17 23
W4P1,4,1,72,24,355389.29663287674,316719.29963287676,4935.962453234399,4398.879161567733,1056.7199999999998,876.924,353.50199999999995,173.706,0.0,703.218,0.8019144190374536,0.6654724051782877,0.19808558096254636,全满足,True,True,True,True,0 1 2 3 4 5 6 7 8 9 10 11 12 13 14 15 16 17 18 19 20 21 22 23
W4P1,4,1,63,21,255443.60063287665,216773.60363287665,4054.660327505979,3440.8508513155025,932.22,876.924,246.83199999999997,191.536,0.0,685.3879999999999,0.7815819842996656,0.7352212996932054,0.21841801570033437,部分满足,True,True,True,False,0 1 2 3 4 5 6 7 8 9 10 11 12 13 14 15 16 17 18 22 23
W4P1,4,1,54,18,176737.0055328767,138067.0085328767,3272.9075098680873,2556.7964543125313,807.7199999999999,876.924,188.9542,258.1582,0.0,618.7657999999999,0.7056093800603016,0.766064725399891,0.29439061993969834,部分满足,True,True,True,False,0 1 2 3 4 5 6 7 8 9 10 11 12 13 14 15 16 23
W4P1,4,1,45,15,114679.45553287675,76009.45853287674,2548.432345175039,1689.099078508372,683.22,876.924,188.9542,382.65819999999997,0.0,494.2658,0.5636358452956015,0.7234357893504288,0.43636415470439854,部分满足,False,True,True,False,0 1 2 3 4 5 6 10 11 12 13 14 15 16 23
W4P1,4,1,36,12,52621.90553287673,13951.908532876732,1461.7195981354646,387.55301480213143,558.72,876.924,188.9542,507.15819999999997,0.0,369.7658,0.4216623105309012,0.66180877720504,0.5783376894690988,部分满足,False,True,True,False,0 1 2 3 4 5 6 13 14 15 16 23
W4P2,4,2,72,24,445192.66853287676,406522.6715328768,6183.231507401066,5646.1482157344,1056.7199999999998,618.364,448.09619999999995,9.740200000000009,0.0,608.6238000000001,0.9842484361961564,0.5759555984555986,0.015751563803843703,全满足,True,True,True,True,0 1 2 3 4 5 6 7 8 9 10 11 12 13 14 15 16 17 18 19 20 21 22 23
W4P2,4,2,63,21,343088.7224328767,304418.72543287673,5445.852737029789,4832.043260839313,932.22,618.364,353.75840000000005,39.902400000000014,0.0,578.4616,0.9354710170708513,0.6205204779987556,0.06452898292914855,全满足,True,True,True,True,0 1 2 3 4 5 6 7 8 9 10 11 12 13 14 15 16 17 21 22 23
W4P2,4,2,54,18,258908.0246328767,220238.0276328767,4794.593048756976,4078.4819932014207,807.72,618.364,267.27200000000005,77.91600000000001,0.0,540.448,0.8739965457238777,0.6691031545585103,0.12600345427612217,全满足,True,True,True,True,0 1 2 3 4 5 6 7 8 9 11 12 13 14 15 16 17 23
W4P2,4,2,45,15,186395.8976328767,147725.9006328767,4142.131058508371,3282.7977918417046,683.2199999999999,618.364,227.14600000000002,162.29000000000002,0.0,456.074,0.7375494045578332,0.6675360791545916,0.26245059544216676,部分满足,True,True,True,False,0 1 2 3 4 5 6 8 9 12 13 14 15 16 23
W4P2,4,2,36,12,118804.68953287671,80134.69253287671,3300.130264802131,2225.9636814687974,558.72,618.364,203.0342,262.6782,0.0,355.68580000000003,0.5752045720643505,0.6366083190148912,0.42479542793564956,部分满足,False,True,True,False,0 1 2 3 4 5 6 12 13 14 15 23
W4P3,4,3,72,24,542570.0386328767,503900.04163287673,7535.694981012177,6998.61168934551,1056.7199999999998,452.60400000000004,604.116,0.0,0.0,452.60400000000004,1.0,0.42831024301612547,0.0,全满足,True,True,True,True,0 1 2 3 4 5 6 7 8 9 10 11 12 13 14 15 16 17 18 19 20 21 22 23
W4P3,4,3,63,21,439038.83863287664,400368.84163287666,6968.870454490106,6355.06097829963,932.22,452.60400000000004,506.416,26.80000000000001,0.0,425.80400000000003,0.9407870898180307,0.45676342494261013,0.059212910181969246,全满足,True,True,True,True,0 1 2 3 4 5 6 7 8 9 11 12 13 14 15 16 17 18 21 22 23
W4P3,4,3,54,18,345471.5947328767,306801.5977328767,6397.622124682902,5681.511069127347,807.72,452.60400000000004,414.7718,59.6558,0.0,392.94820000000004,0.8681942713718837,0.4864906155598475,0.1318057286281164,全满足,True,True,True,True,0 1 2 3 4 5 6 7 8 9 12 13 14 15 16 17 22 23
W4P3,4,3,45,15,258378.9895328767,219708.9925328767,5741.755322952816,4882.422056286149,683.22,452.60400000000004,338.84219999999993,108.2262,0.0,344.37780000000004,0.760881035077021,0.5040511109159568,0.23911896492297902,部分满足,True,True,True,False,0 1 2 3 4 5 6 7 8 9 14 15 16 17 23
W4P3,4,3,36,12,177516.4234328767,138846.4264328767,4931.011762024353,3856.8451786910196,558.72,452.60400000000004,272.58639999999997,166.47039999999998,0.0,286.13360000000006,0.6321941476434146,0.5121234249713632,0.36780585235658536,部分满足,True,True,True,False,0 1 2 3 4 5 6 7 8 9 15 23
W4P4,4,4,72,24,582062.7746328769,543392.7776328769,8084.205203234401,7547.121911567734,1056.7199999999998,387.964,668.7560000000001,0.0,0.0,387.964,1.0,0.36713982890453484,0.0,全满足,True,True,True,True,0 1 2 3 4 5 6 7 8 9 10 11 12 13 14 15 16 17 18 19 20 21 22 23
W4P4,4,4,63,21,474310.26173287677,435640.2647328768,7528.734313220266,6914.92483702979,932.22,387.964,561.1118000000001,16.8558,0.0,371.1082,0.9565531853470941,0.39809079401857933,0.04344681465290594,全满足,True,True,True,True,0 1 2 3 4 5 6 7 8 9 12 13 14 15 16 17 18 19 21 22 23
W4P4,4,4,54,18,373279.5365328768,334609.5395328768,6912.584009868088,6196.472954312533,807.72,387.964,469.30219999999997,49.5462,0.0,338.4178,0.8722917590291883,0.4189791016688951,0.1277082409708117,全满足,True,True,True,True,0 1 2 3 4 5 6 7 8 9 13 14 15 16 17 21 22 23
W4P4,4,4,45,15,281119.1705328767,242449.17353287668,6247.092678508371,5387.759411841704,683.22,387.964,380.97220000000004,85.7162,0.0,302.2478,0.7790614593106576,0.4423872251983255,0.22093854068934232,部分满足,True,True,True,False,0 1 2 3 4 5 6 7 8 9 15 16 17 22 23
W4P4,4,4,36,12,197712.1994328767,159042.2024328767,5492.00553980213,4417.838956468797,558.72,387.964,287.9464,117.1904,0.0,270.7736,0.6979348599354579,0.4846320160366552,0.30206514006454205,部分满足,True,True,True,False,0 1 2 3 4 5 6 7 8 9 15 23
W5P1,5,1,72,24,372829.90313287673,334159.90613287676,5178.193099067732,4641.109807401066,1056.7199999999998,819.4200000000001,395.9442,158.64419999999998,0.0,660.7758000000001,0.8063945229552612,0.625308312514195,0.19360547704473893,全满足,True,True,True,True,0 1 2 3 4 5 6 7 8 9 10 11 12 13 14 15 16 17 18 19 20 21 22 23
W5P1,5,1,63,21,272296.6070328767,233626.6100328767,4322.168365601217,3708.358889410741,932.22,819.4200000000001,305.30640000000005,192.50639999999999,0.0,626.9136000000001,0.765069927509702,0.6724953337195083,0.234930072490298,部分满足,True,True,True,False,0 1 2 3 4 5 6 7 8 9 10 11 12 13 14 15 16 17 21 22 23
W5P1,5,1,54,18,191210.2940328767,152540.2970328767,3540.931370979198,2824.8203154236426,807.7199999999999,819.4200000000001,222.3924,234.09239999999997,0.0,585.3276000000001,0.7143193966464084,0.7246664685782204,0.2856806033535915,部分满足,True,True,True,False,0 1 2 3 4 5 6 7 8 9 10 11 12 13 14 15 16 23
W5P1,5,1,45,15,126939.85913287674,88269.86213287673,2820.885758508372,1961.5524918417052,683.22,819.4200000000001,212.7502,348.9502,0.0,470.4698000000001,0.5741497644675503,0.688606598167501,0.4258502355324497,部分满足,False,True,True,False,0 1 2 3 4 5 6 10 11 12 13 14 15 16 23
W5P1,5,1,36,12,64882.30913287672,26212.312132876723,1802.2863648021312,728.1197814687979,558.72,819.4200000000001,212.7502,473.4502,0.0,345.9698000000001,0.42221302872763666,0.6192185710194732,0.5777869712723633,部分满足,False,True,True,False,0 1 2 3 4 5 6 13 14 15 16 23
W5P2,5,2,72,24,464455.0190328767,425785.02203287673,6450.764153234399,5913.680861567733,1056.7199999999998,560.8599999999999,505.7104,9.850400000000008,0.0,551.0095999999999,0.9824369717933173,0.5214338708456355,0.01756302820668261,全满足,True,True,True,True,0 1 2 3 4 5 6 7 8 9 10 11 12 13 14 15 16 17 18 19 20 21 22 23
W5P2,5,2,63,21,360389.8829328767,321719.8859328767,5720.474332267884,5106.664856077408,932.22,560.8599999999999,406.75260000000003,35.39260000000006,0.0,525.4673999999999,0.9368958385336804,0.5636731672781102,0.0631041614663197,全满足,True,True,True,True,0 1 2 3 4 5 6 7 8 9 10 11 12 13 14 15 16 17 21 22 23
W5P2,5,2,54,18,274691.90513287665,236021.90813287665,5086.887132090308,4370.776076534753,807.72,560.8599999999999,303.7442,56.88420000000006,0.0,503.9757999999998,0.8985768284420352,0.6239486455702469,0.10142317155796467,全满足,True,True,True,True,0 1 2 3 4 5 6 8 9 10 11 12 13 14 15 16 17 23
W5P2,5,2,45,15,201127.7300328767,162457.73303287668,4469.505111841704,3610.1718451750376,683.22,560.8599999999999,253.6064,131.2464,0.0,429.6135999999999,0.765990799843098,0.6288071192295306,0.23400920015690194,部分满足,True,True,True,False,0 1 2 3 4 5 6 9 10 11 12 13 14 16 23
W5P2,5,2,36,12,132637.62713287672,93967.63013287671,3684.3785314687975,2610.2119481354644,558.72,560.8599999999999,233.68220000000002,235.8222,0.0,325.0377999999999,0.5795346432264735,0.5817543671248566,0.4204653567735265,部分满足,False,True,True,False,0 1 2 3 4 5 6 9 11 12 13 23
W5P3,5,3,72,24,561407.3482328767,522737.35123287677,7797.324281012177,7260.240989345511,1056.7199999999998,395.1,661.6200000000001,0.0,0.0,395.1,1.0,0.3738928003633887,0.0,全满足,True,True,True,True,0 1 2 3 4 5 6 7 8 9 10 11 12 13 14 15 16 17 18 19 20 21 22 23
W5P3,5,3,63,21,456527.1721328767,417857.1751328767,7246.463049728201,6632.653573537726,932.22,395.1,560.7421999999999,23.62220000000002,0.0,371.4778,0.9402120982029866,0.39848726695415243,0.05978790179701347,全满足,True,True,True,True,0 1 2 3 4 5 6 7 8 9 10 11 12 13 14 15 16 17 21 22 23
W5P3,5,3,54,18,365933.0842328768,327263.0872328768,6776.538596905126,6060.427541349571,807.72,395.1,476.588,63.96800000000001,0.0,331.132,0.8380966843837003,0.409958896647353,0.1619033156162997,全满足,True,True,True,True,0 1 2 3 4 5 6 7 8 9 11 12 13 15 16 17 21 23
W5P3,5,3,45,15,279953.09443287674,241283.09743287673,6221.17987628615,5361.846609619483,683.22,395.1,388.96360000000004,100.8436,0.0,294.25640000000004,0.7447643634522906,0.43069055355522384,0.2552356365477094,部分满足,True,True,True,False,0 1 2 3 4 5 6 8 9 12 13 15 16 17 23
W5P3,5,3,36,12,195348.1231328767,156678.1261328767,5426.336753691019,4352.170170357686,558.7199999999999,395.1,320.6582000000001,157.03820000000002,0.0,238.0618,0.6025355606175652,0.4260842640320734,0.39746443938243486,部分满足,True,True,True,False,0 1 2 3 4 5 6 8 9 15 16 23
W5P4,5,4,72,24,600900.0842328767,562230.0872328767,8345.834503234399,7808.751211567732,1056.7199999999998,330.4599999999999,726.26,0.0,0.0,330.4599999999999,1.0,0.312722386251798,0.0,全满足,True,True,False,True,0 1 2 3 4 5 6 7 8 9 10 11 12 13 14 15 16 17 18 19 20 21 22 23
W5P4,5,4,63,21,495476.54813287675,456806.5511328768,7864.7071132202655,7250.8976370297905,932.22,330.4599999999999,624.1022,22.3422,0.0,308.11779999999993,0.9323906070326212,0.33052047799875556,0.06760939296737882,全满足,True,True,False,True,0 1 2 3 4 5 6 7 8 9 10 11 12 13 14 15 16 17 21 22 23
W5P4,5,4,54,18,394717.2482328767,356047.25123287673,7309.578670979198,6593.467615423643,807.72,330.4599999999999,532.932,55.672000000000004,0.0,274.7879999999999,0.8315318041517883,0.34020205021542105,0.16846819584821163,全满足,True,True,False,True,0 1 2 3 4 5 6 7 8 9 12 13 15 16 17 21 22 23
W5P4,5,4,45,15,302722.5650328767,264052.5680328767,6727.168111841704,5867.834845175038,683.22,330.4599999999999,445.47839999999997,92.7184,0.0,237.74159999999992,0.7194262543121709,0.3479722490559409,0.28057374568782917,部分满足,True,True,False,False,0 1 2 3 4 5 6 7 8 9 15 16 17 21 23
W5P4,5,4,36,12,216109.8461328767,177439.8491328767,6003.051281468797,4928.884698135464,558.7199999999999,330.4599999999999,338.4842,110.2242,0.0,220.23579999999993,0.6664522181201961,0.3941791953035509,0.333547781879804,部分满足,True,True,True,False,0 1 2 3 4 5 6 8 9 16 21 23
W6P1,6,1,72,24,396943.3761328767,358273.37913287675,5513.102446289955,4976.019154623288,1056.7199999999998,715.76,431.7862,90.8262,0.0,624.9338,0.8731052308036213,0.5913901506548567,0.12689476919637868,全满足,True,True,True,True,0 1 2 3 4 5 6 7 8 9 10 11 12 13 14 15 16 17 18 19 20 21 22 23
W6P1,6,1,63,21,295693.52403287665,257023.52703287665,4693.5480005218515,4079.738524331375,932.22,715.76,339.46039999999994,123.00040000000001,0.0,592.7596,0.8281541298759361,0.6358580592563987,0.17184587012406397,全满足,True,True,True,True,0 1 2 3 4 5 6 7 8 9 10 11 12 13 14 15 16 17 21 22 23
W6P1,6,1,54,18,214810.0890328767,176140.0920328767,3977.964611719939,3261.8535561643835,807.7199999999999,715.76,257.4304000000002,165.47040000000024,0.0,550.2895999999997,0.7688185984128755,0.6812875749021936,0.23118140158712452,部分满足,True,True,True,False,0 1 2 3 4 5 6 7 8 9 10 11 12 13 14 15 16 23
W6P1,6,1,45,15,149483.49513287668,110813.49813287667,3321.8554473972595,2462.522180730593,683.22,715.76,243.18619999999987,275.7262,0.0,440.0338,0.6147784173465967,0.6440587219343695,0.3852215826534034,部分满足,True,True,True,False,0 1 2 3 4 5 6 9 10 11 12 13 14 15 23
W6P1,6,1,36,12,87425.94513287666,48755.94813287666,2428.4984759132403,1354.3318925799074,558.72,715.76,243.18619999999987,400.22620000000006,0.0,315.5337999999999,0.4408374315412987,0.5647440578465062,0.5591625684587014,部分满足,False,True,True,False,0 1 2 3 4 5 6 12 13 14 15 23
W6P2,6,2,72,24,506640.5082328767,467970.51123287674,7036.6737254566215,6499.590433789955,1056.7199999999998,457.20000000000005,599.52,0.0,0.0,457.20000000000005,1.0,0.43265955030660924,0.0,全满足,True,True,True,True,0 1 2 3 4 5 6 7 8 9 10 11 12 13 14 15 16 17 18 19 20 21 22 23
W6P2,6,2,63,21,401858.81613287673,363188.81913287676,6378.71136718852,5764.901890998044,932.22,457.20000000000005,498.87420000000003,23.854200000000002,0.0,433.34580000000005,0.9478254593175853,0.46485357533629407,0.0521745406824147,全满足,True,True,True,True,0 1 2 3 4 5 6 7 8 9 10 11 12 13 14 15 16 17 21 22 23
W6P2,6,2,54,18,316518.85833287676,277848.8613328768,5861.4603394977175,5145.349283942162,807.72,457.20000000000005,397.42580000000004,46.9058,0.0,410.29420000000005,0.8974063867016623,0.507965879265092,0.1025936132983377,全满足,True,True,True,True,0 1 2 3 4 5 6 8 9 10 11 12 13 14 15 16 17 23
W6P2,6,2,45,15,236415.2202328767,197745.22323287668,5253.671560730593,4394.338294063927,683.22,457.20000000000005,331.216,105.19600000000004,0.0,352.004,0.769912510936133,0.5152132548812974,0.23008748906386708,部分满足,True,True,True,False,0 1 2 3 4 5 6 9 11 12 13 14 15 16 23
W6P2,6,2,36,12,161738.2932328767,123068.29623287669,4492.7303675799085,3418.563784246575,558.72,457.20000000000005,283.01,181.49000000000007,0.0,275.71,0.6030402449693787,0.4934672107674684,0.39695975503062125,部分满足,True,True,True,False,0 1 2 3 4 5 6 12 13 14 15 23
W6P3,6,3,72,24,607774.3322328768,569104.3352328768,8441.310169901066,7904.2268782344,1056.7199999999998,291.44,765.28,0.0,0.0,291.44,1.0,0.27579680520857,0.0,部分满足,True,False,False,True,0 1 2 3 4 5 6 7 8 9 10 11 12 13 14 15 16 17 18 19 20 21 22 23
W6P3,6,3,63,21,502177.6001328768,463507.6031328768,7971.073017982171,7357.263541791695,932.22,291.44,662.7141999999999,21.93420000000001,0.0,269.50579999999997,0.9247385396651111,0.28910107056274265,0.07526146033488887,部分满足,True,False,False,True,0 1 2 3 4 5 6 7 8 9 10 11 12 13 14 15 16 17 21 22 23
W6P3,6,3,54,18,402807.26423287665,364137.2672328767,7459.393782090308,6743.282726534753,807.72,291.44,574.816,58.53600000000002,0.0,232.90399999999997,0.7991490529783145,0.2883474471351458,0.20085094702168552,部分满足,True,False,False,False,0 1 2 3 4 5 6 7 8 9 12 13 15 16 17 21 22 23
W6P3,6,3,45,15,312046.3070328767,273376.31003287673,6934.362378508371,6075.029111841705,683.22,291.44,490.9504,99.1704,0.0,192.2696,0.6597227559703541,0.2814168203506923,0.3402772440296459,部分满足,True,False,False,False,0 1 2 3 4 5 6 7 8 9 15 16 17 21 23
W6P3,6,3,36,12,226613.6771328767,187943.6801328767,6294.824364802131,5220.657781468797,558.72,291.44,389.0982,121.81819999999999,0.0,169.6218,0.5820127642053253,0.3035899914089347,0.41798723579467467,部分满足,False,True,False,False,0 1 2 3 4 5 6 7 8 15 17 23
W6P4,6,4,72,24,647267.0682328767,608597.0712328767,8989.820392123287,8452.737100456621,1056.7199999999998,226.8,829.9200000000001,0.0,0.0,226.8,1.0,0.2146263910969794,0.0,部分满足,True,False,False,True,0 1 2 3 4 5 6 7 8 9 10 11 12 13 14 15 16 17 18 19 20 21 22 23
W6P4,6,4,63,21,536745.1173328767,498075.1203328767,8519.763767188519,7905.954290998043,932.22,226.8,715.7518,10.331800000000001,0.0,216.46820000000002,0.9544453262786596,0.232207204307996,0.045554673721340394,部分满足,True,False,False,True,0 1 2 3 4 5 6 7 8 9 12 13 14 15 16 17 18 19 21 22 23
W6P4,6,4,54,18,431432.80023287673,392762.80323287676,7989.496300608828,7273.385245053273,807.72,226.8,613.856,32.93600000000001,0.0,193.864,0.854779541446208,0.2400138661912544,0.1452204585537919,部分满足,True,False,False,True,0 1 2 3 4 5 6 7 8 9 12 13 15 16 17 21 22 23
W6P4,6,4,45,15,333375.8130328767,294705.8160328767,7408.351400730593,6549.018134063927,683.22,226.8,511.2504,54.8304,0.0,171.9696,0.7582433862433863,0.251704575392992,0.24175661375661373,部分满足,True,False,False,False,0 1 2 3 4 5 6 7 8 15 16 17 21 22 23
W6P4,6,4,36,12,245270.47203287669,206600.47503287668,6813.068667579908,5738.902084246574,558.72,226.8,397.75239999999997,65.8324,0.0,160.9676,0.7097336860670194,0.28810065864833906,0.29026631393298064,部分满足,True,False,False,False,0 1 2 3 4 5 6 7 8 21 22 23
